detour_distance_km,detour_time_min,pickup_zone_risk,expected_extra_profit,fuel_cost_estimate,hour_of_day,is_raining,driver_historical_acceptance,target_accepted
5.93,11.19,0.12,62.68,11.86,10,0,0.51,1
14.29,28.59,0.53,141.47,28.57,14,0,0.66,1
11.11,29.09,0.1,131.46,22.23,14,0,0.98,1
9.18,13.01,0.28,111.82,18.36,16,0,0.78,1
2.76,4.55,0.07,51.64,5.52,10,0,0.78,1
2.76,3.07,0.6,50.48,5.52,20,0,0.66,1
1.34,4.9,0.24,35.97,2.68,5,1,0.6,1
13.06,17.82,0.09,139.73,26.12,6,0,0.59,1
9.22,11.21,0.06,91.92,18.43,10,0,0.64,1
10.77,13.14,0.45,91.93,21.53,23,1,0.71,1
0.8,0.87,0.17,25.36,1.6,4,0,0.75,1
14.56,18.28,0.03,108.2,29.13,0,0,0.44,1
12.57,13.29,0.22,146.79,25.14,20,0,0.9,1
3.58,7.17,0.75,54.28,7.16,0,0,0.68,1
3.14,5.0,0.19,42.1,6.27,12,0,0.93,1
3.16,12.13,0.71,55.53,6.32,23,0,0.78,1
4.91,19.24,0.58,63.55,9.82,1,0,0.75,1
8.11,18.85,0.34,64.46,16.22,17,0,0.88,1
6.76,20.77,0.15,56.73,13.53,5,0,0.93,1
4.72,10.61,0.36,48.35,9.45,13,0,0.7,1
9.37,24.48,0.22,80.72,18.74,10,0,0.92,1
2.52,9.3,0.32,48.28,5.05,4,1,0.72,1
4.74,5.08,0.13,69.49,9.47,21,0,0.69,1
5.81,22.69,0.16,57.27,11.62,18,0,0.67,1
7.11,8.87,0.37,67.94,14.23,12,0,0.51,1
11.89,32.64,0.31,132.4,23.77,11,0,0.31,1
3.4,3.63,0.03,57.69,6.79,8,1,0.61,1
7.96,8.65,0.42,77.42,15.91,3,0,0.76,1
9.09,12.28,0.24,98.89,18.18,5,0,0.79,1
1.17,1.56,0.13,33.18,2.35,3,0,0.43,1
9.31,36.65,0.49,116.77,18.62,21,0,0.79,1
2.97,3.01,0.22,53.41,5.95,0,0,0.54,1
1.44,1.59,0.24,30.03,2.89,16,0,0.84,1
14.26,15.48,0.4,160.26,28.52,16,0,0.78,1
14.5,19.48,0.21,104.08,29.0,9,0,0.52,1
12.22,24.03,0.04,133.83,24.44,17,0,0.62,1
4.92,5.34,0.12,55.05,9.83,22,0,0.5,1
1.92,4.09,0.45,38.99,3.83,13,0,0.81,1
10.42,15.51,0.1,82.46,20.84,2,0,0.7,1
6.88,21.19,0.34,86.48,13.76,16,0,0.65,1
2.27,2.41,0.31,42.6,4.54,23,0,0.63,1
7.68,21.6,0.34,104.48,15.36,23,0,0.93,1
1.0,2.39,0.25,29.8,2.0,3,1,0.72,1
13.69,20.47,0.12,138.51,27.37,22,0,0.81,1
4.25,5.17,0.2,64.6,8.5,1,1,0.71,1
10.11,14.14,0.21,90.66,20.21,14,0,0.66,1
5.02,11.84,0.53,68.9,10.04,5,0,1.0,1
8.04,32.07,0.41,100.99,16.08,8,0,0.52,1
8.43,10.3,0.12,85.29,16.85,6,0,0.56,1
3.18,3.22,0.39,57.92,6.36,21,1,0.73,1
14.56,16.98,0.07,129.08,29.12,9,0,0.48,1
11.74,19.72,0.3,85.64,23.48,1,0,0.46,1
14.12,15.22,0.28,120.61,28.25,19,0,0.67,1
13.47,24.18,0.14,96.75,26.95,13,0,0.56,1
9.17,14.25,0.07,87.63,18.34,5,0,0.86,1
13.87,22.81,0.13,101.75,27.73,4,0,0.8,1
1.78,3.04,0.13,34.4,3.57,4,0,0.77,1
3.34,4.02,0.13,54.91,6.68,19,0,0.74,1
1.16,1.79,0.38,26.32,2.31,11,0,0.41,1
5.22,10.7,0.04,66.65,10.43,23,1,0.65,1
6.14,13.83,0.49,52.56,12.27,7,1,0.87,1
4.43,15.93,0.12,69.63,8.87,20,0,0.61,1
12.52,18.21,0.32,163.31,25.03,6,0,1.0,1
5.67,13.43,0.37,67.92,11.35,15,0,0.82,1
4.57,12.67,0.48,67.49,9.15,17,0,0.84,1
8.37,11.3,0.39,96.58,16.74,15,0,0.73,1
2.54,3.34,0.18,38.78,5.09,18,0,0.84,1
12.13,14.9,0.14,101.48,24.26,9,1,0.63,1
1.58,2.52,0.41,36.3,3.16,8,0,0.92,1
14.81,16.09,0.44,138.62,29.62,22,0,0.5,1
11.7,12.28,0.28,153.84,23.4,21,0,0.51,1
3.38,3.95,0.12,60.0,6.76,22,0,0.67,1
0.58,0.8,0.22,23.75,1.16,5,1,0.52,1
12.32,25.79,0.36,130.02,24.65,17,0,0.52,1
10.75,10.89,0.11,114.15,21.5,2,1,0.74,1
11.07,24.3,0.33,142.63,22.14,13,0,0.61,1
11.68,29.06,0.17,134.93,23.37,4,0,0.76,1
1.57,2.71,0.16,34.56,3.15,13,0,1.0,1
5.7,19.47,0.24,75.57,11.4,17,0,0.58,1
2.18,2.22,0.48,36.84,4.36,2,0,0.9,1
13.01,18.83,0.38,172.56,26.03,6,0,0.68,1
9.54,14.28,0.33,71.54,19.08,1,0,0.74,1
5.3,7.14,0.76,47.57,10.6,5,1,0.9,1
1.42,2.28,0.47,31.24,2.84,9,1,1.0,1
5.01,18.28,0.24,50.47,10.02,20,0,0.76,1
5.22,7.35,0.22,65.96,10.43,18,0,0.82,1
11.08,14.08,0.41,76.1,22.16,12,0,0.79,1
9.74,17.32,0.33,100.08,19.49,23,0,0.93,1
13.36,16.34,0.09,114.41,26.73,21,1,0.77,1
7.35,17.48,0.14,67.14,14.69,10,0,0.79,1
2.23,5.37,0.09,38.12,4.47,8,0,0.59,1
10.84,29.22,0.12,139.07,21.68,16,0,0.73,1
11.53,21.8,0.17,130.56,23.06,10,0,0.63,1
8.64,9.76,0.24,72.86,17.28,12,0,0.56,1
11.68,13.41,0.18,119.18,23.36,2,0,0.67,1
7.66,14.26,0.18,108.26,15.32,9,0,0.57,1
8.08,11.68,0.34,85.24,16.16,23,0,0.43,1
6.7,8.47,0.24,75.56,13.4,0,0,0.6,1
0.87,2.02,0.5,30.07,1.74,23,0,0.79,1
2.06,5.49,0.39,32.28,4.13,4,0,0.63,1
0.96,0.98,0.35,29.7,1.91,23,0,0.61,1
9.73,13.64,0.42,89.01,19.46,11,0,0.66,1
5.06,5.13,0.11,75.95,10.12,6,0,0.53,1
7.87,15.64,0.37,62.37,15.75,11,0,0.55,1
13.66,17.57,0.16,183.0,27.32,6,0,0.66,1
4.11,9.87,0.5,62.71,8.23,11,0,0.74,1
6.45,14.47,0.28,65.09,12.9,3,0,0.4,1
11.46,18.07,0.17,138.29,22.91,16,0,0.6,1
3.82,7.8,0.54,63.75,7.64,15,0,0.48,1
1.62,4.3,0.36,29.36,3.23,17,0,0.68,1
4.7,10.51,0.22,73.57,9.4,1,0,0.92,1
2.84,10.25,0.56,41.34,5.68,16,0,0.6,1
13.98,17.96,0.58,90.54,27.96,9,0,0.62,1
12.22,19.74,0.23,90.7,24.44,15,0,0.79,1
9.68,30.2,0.04,128.4,19.37,6,0,0.86,1
13.14,34.68,0.22,176.04,26.27,13,1,0.66,1
12.15,37.18,0.37,156.94,24.31,19,0,0.88,1
3.21,4.52,0.2,45.93,6.41,14,0,0.45,1
13.44,41.92,0.1,177.67,26.88,9,0,0.96,1
8.32,10.2,0.28,85.3,16.64,22,0,0.79,1
12.21,46.0,0.17,90.76,24.42,23,0,0.51,0
13.49,30.87,0.42,119.67,26.99,21,0,0.49,1
5.11,5.57,0.06,81.28,10.22,7,0,0.61,1
2.1,2.66,0.53,39.66,4.19,1,0,0.74,1
3.81,12.49,0.46,48.08,7.61,16,0,0.92,1
6.69,7.73,0.07,82.71,13.39,8,0,0.66,1
12.36,19.94,0.12,118.94,24.72,8,0,0.73,1
12.98,14.67,0.23,89.41,25.96,14,0,0.89,1
0.6,0.86,0.53,23.85,1.2,12,0,0.63,1
7.91,10.38,0.15,60.59,15.81,8,1,0.78,1
6.55,6.58,0.2,64.45,13.1,3,0,0.79,1
3.72,8.77,0.42,57.86,7.44,8,0,0.6,1
2.24,3.12,0.28,34.22,4.48,8,0,0.91,1
5.4,9.06,0.25,66.92,10.79,14,0,0.61,1
14.17,50.69,0.12,160.46,28.34,10,0,0.75,0
5.19,19.88,0.4,65.85,10.37,20,0,0.72,1
8.02,23.64,0.52,60.98,16.04,12,0,0.51,1
10.69,14.51,0.41,100.67,21.39,16,0,0.48,1
5.77,8.55,0.26,66.71,11.55,23,1,1.0,1
14.59,21.94,0.32,127.96,29.18,0,0,0.77,1
14.46,52.78,0.19,147.55,28.91,2,0,0.95,0
4.15,6.9,0.38,55.66,8.3,2,0,0.82,1
7.71,8.17,0.36,68.67,15.42,20,1,0.74,1
4.86,8.87,0.33,69.91,9.73,14,0,0.76,1
4.63,6.44,0.2,48.37,9.26,4,0,0.93,1
1.03,1.24,0.25,28.5,2.07,20,0,0.71,1
9.34,11.14,0.17,116.13,18.68,3,0,0.65,1
7.79,12.18,0.31,96.96,15.58,0,0,0.84,1
1.25,1.4,0.22,30.0,2.49,3,1,0.5,1
4.54,8.35,0.2,67.78,9.08,7,0,0.77,1
13.67,14.91,0.78,156.65,27.34,20,0,0.86,1
3.97,9.24,0.04,50.56,7.95,6,0,0.52,1
2.6,5.65,0.34,49.31,5.2,0,0,0.88,1
7.6,26.21,0.08,65.53,15.19,4,0,0.45,1
14.79,17.47,0.26,131.08,29.58,12,0,0.53,1
4.01,7.12,0.41,59.64,8.02,11,1,0.75,1
10.25,24.29,0.13,133.84,20.49,7,0,1.0,1
11.54,27.24,0.06,103.78,23.09,20,1,0.48,1
3.95,4.26,0.34,55.23,7.89,16,0,0.71,1
11.06,12.63,0.15,76.21,22.12,1,0,0.58,1
5.83,8.77,0.11,64.31,11.67,21,0,0.78,1
9.67,13.58,0.21,90.74,19.34,17,0,0.8,1
9.69,15.99,0.6,125.55,19.37,8,0,0.54,1
8.27,15.21,0.2,65.63,16.54,8,1,0.76,1
1.81,1.93,0.17,29.83,3.62,12,0,0.83,1
12.61,36.64,0.21,122.14,25.22,17,0,0.99,1
5.15,9.14,0.1,60.45,10.3,16,1,0.66,1
3.2,6.3,0.21,39.65,6.41,6,0,1.0,1
1.09,1.75,0.53,27.47,2.18,6,0,0.61,1
9.07,15.29,0.12,127.18,18.14,18,0,0.81,1
10.32,16.15,0.13,108.71,20.65,1,0,0.55,1
0.74,2.09,0.38,24.16,1.48,15,0,0.78,1
7.93,12.48,0.42,62.39,15.85,21,1,0.33,1
3.78,8.76,0.49,40.03,7.57,22,1,0.74,1
9.86,25.38,0.05,96.11,19.71,1,0,0.99,1
3.03,10.14,0.19,53.49,6.06,14,1,0.64,1
10.52,12.8,0.41,133.92,21.04,15,0,0.86,1
6.11,10.7,0.09,66.27,12.22,15,0,0.6,1
14.08,19.56,0.48,166.75,28.17,5,0,0.96,1
2.49,3.13,0.42,45.6,4.99,21,0,0.55,1
5.45,7.17,0.09,65.64,10.89,10,0,0.71,1
2.15,3.56,0.19,36.8,4.29,23,0,0.62,1
13.91,25.71,0.2,107.12,27.82,8,0,0.84,1
13.22,24.85,0.33,111.91,26.44,17,1,0.62,1
4.24,5.81,0.21,51.25,8.48,22,1,0.66,1
10.07,16.21,0.14,127.64,20.14,5,0,0.3,1
12.35,13.93,0.55,129.55,24.7,22,0,0.73,1
8.55,9.44,0.18,74.78,17.1,3,0,0.74,1
8.18,21.64,0.25,66.39,16.36,17,0,0.64,1
4.01,11.38,0.35,53.96,8.01,1,0,0.38,1
1.85,2.56,0.19,37.88,3.7,12,0,0.61,1
13.51,28.39,0.36,164.99,27.02,0,1,0.77,1
13.56,51.36,0.2,163.44,27.11,8,0,0.45,0
9.68,10.56,0.61,124.24,19.36,13,0,0.31,1
5.42,12.89,0.16,64.06,10.83,3,1,0.84,1
5.56,5.88,0.21,81.53,11.13,20,0,0.7,1
11.03,13.99,0.45,109.45,22.05,3,0,0.93,1
13.51,16.43,0.48,103.44,27.02,19,0,0.65,1
13.36,33.32,0.25,123.98,26.73,14,0,0.62,1
11.81,27.74,0.61,107.15,23.62,21,0,0.4,1
9.81,15.3,0.07,95.98,19.62,14,0,1.0,1
1.72,4.54,0.25,36.53,3.44,12,0,0.71,1
2.84,5.94,0.2,47.29,5.69,13,0,0.61,1
13.53,27.55,0.27,108.94,27.06,21,0,0.58,1
9.29,25.14,0.15,87.02,18.59,0,0,1.0,1
0.63,1.57,0.28,25.81,1.27,0,0,0.73,1
1.97,2.34,0.1,31.02,3.94,22,0,0.86,1
10.12,26.96,0.24,119.39,20.24,0,0,0.76,1
0.57,2.11,0.24,23.58,1.15,14,0,0.91,1
2.83,3.92,0.3,51.02,5.66,0,0,0.69,1
8.46,8.61,0.24,86.06,16.91,5,0,0.71,1
10.53,21.13,0.19,88.94,21.06,23,0,0.67,1
9.95,29.36,0.13,116.3,19.91,6,0,0.89,1
3.75,5.54,0.34,53.31,7.5,21,0,0.79,1
10.83,11.64,0.19,87.16,21.65,22,1,0.97,1
3.94,4.7,0.38,62.51,7.88,1,0,0.68,1
5.22,7.28,0.19,62.65,10.44,21,0,0.56,1
11.32,23.29,0.11,88.69,22.65,8,0,0.8,1
9.92,15.11,0.07,124.88,19.84,3,0,0.74,1
12.81,40.24,0.15,96.04,25.63,17,0,0.61,0
10.04,13.22,0.59,138.18,20.07,14,0,0.52,1
8.74,11.01,0.08,90.73,17.48,23,1,0.76,1
1.86,1.91,0.12,38.76,3.72,7,0,0.37,1
5.83,13.1,0.24,67.61,11.66,6,0,0.66,1
4.35,16.47,0.16,47.43,8.69,7,0,0.85,1
4.04,6.13,0.24,61.62,8.08,12,0,0.7,1
14.61,18.73,0.35,122.63,29.22,2,0,0.52,1
6.2,7.36,0.53,80.62,12.4,5,0,0.68,1
13.43,33.99,0.18,111.38,26.87,6,0,0.66,1
9.65,21.62,0.63,84.55,19.3,4,1,1.0,1
12.02,18.95,0.49,118.63,24.05,17,0,1.0,1
7.79,15.64,0.15,103.44,15.58,14,0,0.77,1
8.87,9.9,0.51,102.4,17.73,22,0,0.78,1
7.64,12.62,0.14,61.67,15.28,1,1,0.55,1
3.33,3.92,0.08,53.77,6.66,21,0,0.54,1
10.98,16.01,0.12,119.42,21.95,19,0,0.69,1
4.57,5.51,0.21,62.81,9.14,9,0,0.73,1
0.85,1.71,0.04,26.37,1.71,3,0,0.76,1
9.86,11.29,0.12,107.68,19.72,11,1,0.56,1
3.07,6.73,0.05,43.33,6.14,20,0,0.79,1
14.14,21.43,0.64,98.75,28.27,14,0,0.49,1
14.33,34.91,0.19,176.38,28.66,10,0,0.64,1
13.77,22.69,0.37,154.16,27.53,13,0,0.76,1
5.87,12.01,0.17,76.87,11.73,6,0,0.38,1
0.72,1.61,0.25,24.6,1.45,23,0,0.57,1
13.96,14.32,0.07,154.65,27.92,13,0,0.69,1
6.71,18.13,0.15,64.44,13.42,7,1,0.68,1
14.52,17.27,0.29,162.45,29.03,13,1,0.53,1
14.47,14.65,0.07,126.15,28.94,22,0,0.52,1
12.87,48.57,0.16,98.53,25.74,5,0,0.75,0
4.77,6.16,0.28,74.1,9.54,17,0,0.47,1
6.08,13.84,0.1,54.88,12.17,13,1,0.61,1
12.84,45.8,0.51,152.68,25.68,7,0,0.75,0
5.1,9.23,0.22,49.11,10.19,3,0,0.66,1
2.96,3.11,0.35,48.96,5.92,23,1,0.67,1
8.57,33.13,0.22,69.49,17.15,11,0,0.82,0
14.07,20.37,0.31,140.5,28.15,4,0,0.56,1
10.59,16.92,0.17,86.9,21.18,12,0,0.59,1
8.77,9.69,0.1,117.0,17.53,18,0,0.7,1
1.91,6.1,0.1,34.91,3.82,21,0,0.59,1
9.42,12.37,0.34,68.1,18.84,11,0,0.66,1
14.86,19.54,0.22,159.6,29.71,17,0,0.57,1
2.53,3.37,0.15,40.54,5.06,5,1,0.62,1
8.02,8.38,0.08,108.32,16.03,5,0,0.8,1
13.22,15.24,0.22,126.2,26.44,16,0,0.6,1
11.24,39.94,0.23,108.56,22.48,15,0,0.81,1
10.61,17.58,0.33,106.75,21.21,11,1,0.83,1
10.69,19.48,0.33,137.75,21.37,4,0,0.54,1
5.71,11.84,0.46,72.03,11.43,13,0,0.82,1
4.76,8.08,0.05,66.07,9.51,15,1,0.47,1
12.24,22.74,0.3,142.88,24.47,4,0,0.35,1
12.25,21.33,0.2,161.6,24.49,7,0,0.87,1
13.07,13.28,0.21,162.0,26.15,6,0,0.72,1
13.74,43.42,0.17,177.91,27.48,12,0,0.67,1
7.91,8.4,0.08,78.59,15.83,2,0,0.75,1
7.77,12.74,0.14,70.55,15.54,13,0,0.53,1
12.08,16.82,0.23,97.57,24.15,16,0,0.67,1
9.92,11.37,0.31,129.21,19.85,6,0,0.84,1
10.68,20.52,0.34,135.48,21.36,8,0,0.98,1
12.04,21.02,0.1,135.01,24.08,9,0,0.71,1
13.41,24.06,0.25,92.93,26.81,9,0,0.88,1
5.4,10.17,0.3,59.03,10.8,22,0,0.6,1
5.95,6.3,0.26,80.29,11.89,12,0,0.86,1
1.86,2.14,0.03,32.55,3.73,9,0,0.69,1
8.89,26.78,0.26,103.24,17.77,22,0,0.7,1
1.02,3.08,0.18,28.99,2.04,5,0,0.67,1
7.25,12.7,0.18,69.59,14.5,20,0,0.52,1
8.37,25.83,0.44,116.57,16.74,13,0,0.55,1
4.65,6.52,0.41,51.64,9.31,4,1,0.74,1
9.07,25.34,0.18,122.13,18.13,12,0,0.56,1
0.94,1.47,0.21,28.28,1.88,7,0,0.78,1
1.04,4.08,0.11,25.88,2.08,8,1,0.5,1
12.43,25.5,0.08,154.66,24.86,19,0,0.54,1
5.72,7.55,0.44,80.32,11.45,9,0,0.75,1
2.34,3.82,0.53,45.34,4.68,0,0,0.8,1
8.07,8.21,0.41,96.42,16.15,4,0,0.93,1
11.66,12.88,0.63,136.43,23.33,19,1,0.64,1
3.63,6.99,0.29,61.19,7.26,3,0,0.83,1
9.53,33.55,0.24,76.18,19.06,0,0,0.64,0
1.74,1.97,0.33,29.7,3.48,18,0,0.96,1
1.25,1.34,0.28,27.34,2.5,18,0,0.55,1
8.2,9.48,0.28,110.99,16.41,23,1,0.68,1
8.34,24.1,0.25,94.56,16.68,21,1,0.57,1
9.74,9.76,0.27,80.72,19.49,21,0,0.81,1
11.03,24.84,0.37,86.08,22.06,14,0,0.8,1
14.65,18.47,0.12,138.93,29.3,10,0,0.94,1
7.99,8.58,0.4,105.53,15.97,21,0,0.92,1
5.18,12.14,0.35,75.13,10.37,23,0,0.68,1
12.03,12.92,0.05,151.84,24.06,4,0,0.55,1
4.43,9.18,0.31,65.96,8.85,2,0,0.97,1
6.87,6.99,0.42,57.29,13.73,16,0,0.81,1
1.64,3.55,0.14,36.44,3.28,15,0,0.74,1
0.87,0.9,0.38,27.49,1.74,7,0,0.61,1
14.46,49.83,0.5,165.81,28.92,19,0,0.58,0
12.62,16.14,0.29,125.9,25.24,2,0,0.74,1
10.59,16.32,0.37,108.81,21.18,11,0,0.79,1
6.43,10.57,0.1,57.83,12.86,7,0,0.87,1
3.01,7.21,0.41,54.15,6.03,14,0,0.91,1
2.77,3.55,0.28,41.1,5.54,10,0,0.73,1
4.13,10.5,0.47,57.47,8.26,12,0,0.65,1
8.46,12.73,0.41,74.59,16.93,22,0,1.0,1
10.86,24.69,0.26,102.36,21.72,7,0,0.7,1
10.07,10.42,0.28,131.75,20.15,12,0,0.46,1
4.56,16.79,0.2,49.48,9.12,15,1,0.6,1
14.35,35.88,0.28,112.42,28.69,17,0,0.51,1
11.2,25.94,0.52,96.42,22.4,15,1,0.7,1
8.54,15.23,0.25,97.04,17.08,12,0,1.0,1
9.37,22.07,0.52,101.0,18.74,13,0,0.84,1
6.58,10.65,0.53,61.0,13.17,7,0,0.83,1
4.09,4.52,0.14,60.28,8.18,19,0,0.76,1
5.66,7.22,0.23,84.27,11.32,1,0,0.97,1
11.49,16.77,0.17,93.43,22.98,19,0,0.85,1
0.71,2.24,0.44,26.88,1.42,7,0,0.83,1
2.18,2.83,0.26,39.88,4.37,5,1,0.67,1
1.17,3.11,0.28,28.52,2.33,12,1,0.42,1
1.09,1.3,0.43,30.17,2.18,2,1,0.41,1
12.9,29.49,0.62,103.48,25.81,6,0,0.57,1
10.7,19.02,0.62,136.0,21.41,5,0,1.0,1
7.38,14.38,0.22,58.02,14.75,4,0,0.56,1
1.92,2.15,0.54,37.21,3.84,15,0,0.86,1
7.63,22.12,0.38,75.16,15.26,21,0,0.76,1
7.37,10.92,0.39,102.27,14.73,2,1,0.83,1
3.01,8.45,0.64,45.58,6.02,4,0,0.75,1
6.79,8.72,0.11,92.1,13.58,2,0,0.51,1
6.28,6.76,0.24,91.99,12.56,14,1,0.9,1
9.43,16.37,0.53,89.22,18.86,1,0,0.91,1
9.71,15.76,0.22,128.37,19.42,14,1,0.82,1
1.16,1.22,0.34,31.67,2.31,12,0,0.83,1
5.93,9.26,0.19,54.15,11.86,1,0,0.77,1
9.57,15.55,0.22,74.84,19.15,17,0,0.66,1
7.8,11.4,0.37,103.58,15.59,9,0,0.8,1
12.92,16.85,0.42,126.95,25.84,3,0,0.73,1
10.05,30.44,0.19,105.09,20.1,1,0,0.61,1
2.86,3.31,0.42,52.17,5.73,19,0,0.78,1
1.52,2.64,0.24,37.25,3.05,13,1,0.83,1
9.82,32.26,0.4,76.82,19.63,2,0,0.73,1
0.88,1.05,0.27,26.74,1.77,11,0,0.75,1
8.99,16.88,0.34,121.33,17.99,4,0,0.63,1
14.13,43.45,0.26,171.78,28.27,1,0,0.68,1
8.84,12.19,0.08,108.86,17.69,13,1,0.61,1
6.13,6.73,0.22,55.02,12.26,22,0,0.55,1
9.83,10.73,0.29,111.87,19.66,4,0,0.55,1
7.14,7.38,0.25,84.82,14.29,6,0,0.74,1
8.41,9.34,0.66,71.9,16.82,14,0,0.83,1
14.15,56.24,0.42,167.41,28.3,18,1,0.73,0
6.1,11.4,0.34,63.81,12.2,21,0,0.84,1
14.44,16.71,0.28,154.91,28.87,18,0,0.7,1
13.63,25.97,0.06,122.65,27.26,16,1,0.79,1
3.34,4.76,0.27,38.67,6.68,15,0,0.8,1
1.51,2.14,0.41,33.06,3.01,7,0,0.69,1
1.96,3.74,0.18,34.02,3.92,12,0,0.4,1
0.76,0.82,0.18,24.2,1.53,20,0,0.76,1
1.87,2.98,0.12,31.94,3.74,10,0,0.57,1
10.4,17.38,0.13,117.09,20.81,0,0,0.64,1
1.53,1.54,0.8,28.75,3.06,17,0,0.96,1
5.13,8.26,0.42,48.76,10.25,23,1,0.78,1
12.75,33.22,0.35,168.01,25.5,6,0,0.61,1
0.84,1.32,0.34,24.82,1.67,19,0,0.77,1
12.31,14.31,0.61,113.95,24.62,2,0,0.68,1
4.59,5.51,0.49,47.22,9.17,19,0,0.57,1
2.21,2.63,0.05,45.62,4.43,20,0,0.61,1
10.6,13.58,0.15,108.72,21.21,15,0,0.81,1
9.62,21.83,0.36,75.58,19.24,3,0,0.73,1
13.22,14.75,0.31,157.28,26.45,12,0,0.51,1
11.16,12.13,0.29,136.78,22.32,0,0,0.77,1
12.15,30.71,0.11,157.4,24.3,0,0,0.65,1
4.59,13.19,0.24,65.62,9.18,11,0,0.66,1
3.07,3.13,0.39,36.54,6.15,12,0,0.85,1
11.38,12.63,0.2,120.77,22.77,6,0,0.82,1
12.2,13.26,0.09,113.79,24.4,2,0,0.72,1
14.86,16.25,0.43,172.19,29.72,3,0,0.8,1
6.48,9.88,0.09,79.23,12.97,0,0,0.68,1
5.89,8.02,0.43,79.39,11.79,17,1,0.62,1
11.76,17.84,0.25,93.64,23.52,4,0,0.39,1
5.44,18.87,0.25,63.86,10.88,19,0,0.83,1
14.0,17.3,0.39,132.31,27.99,10,1,0.85,1
12.95,20.58,0.2,173.64,25.89,2,0,0.88,1
6.72,9.13,0.53,54.5,13.44,17,0,0.58,1
11.39,18.16,0.15,141.99,22.78,16,0,0.68,1
11.44,18.49,0.38,84.98,22.88,13,0,0.48,1
2.0,5.27,0.18,31.1,3.99,0,0,0.78,1
13.59,29.6,0.32,119.15,27.17,16,0,0.69,1
7.83,21.2,0.31,97.52,15.65,6,0,0.7,1
12.48,31.46,0.35,141.7,24.97,15,0,0.99,1
5.14,5.25,0.11,68.3,10.28,0,0,0.73,1
13.49,36.96,0.47,160.54,26.97,14,0,0.93,1
6.14,13.59,0.42,60.71,12.29,1,0,0.77,1
0.66,0.95,0.34,26.2,1.31,1,0,0.76,1
13.63,19.26,0.18,149.01,27.26,23,1,0.48,1
1.82,4.99,0.18,37.47,3.65,4,0,0.58,1
5.13,6.07,0.47,67.0,10.26,3,0,0.53,1
14.28,17.02,0.12,113.52,28.55,2,0,0.74,1
14.28,33.37,0.21,182.84,28.57,7,0,0.37,1
8.81,18.9,0.58,124.3,17.63,13,0,1.0,1
9.66,10.13,0.22,114.92,19.32,5,0,0.74,1
7.0,8.06,0.35,76.78,14.0,22,0,0.5,1
4.75,6.14,0.22,61.63,9.5,10,0,0.66,1
5.27,16.89,0.57,50.32,10.53,4,0,0.92,1
10.25,18.19,0.6,97.34,20.5,4,1,0.69,1
11.41,17.04,0.47,155.01,22.82,13,0,0.6,1
11.98,30.67,0.31,125.81,23.96,23,0,0.75,1
11.95,20.39,0.3,126.64,23.9,16,0,0.68,1
1.82,2.6,0.41,41.28,3.64,18,0,0.74,1
7.67,15.48,0.44,105.93,15.34,10,0,0.63,1
1.33,1.6,0.27,31.99,2.67,6,0,0.71,1
8.47,9.62,0.43,78.29,16.94,12,0,0.74,1
6.9,14.01,0.32,60.16,13.8,18,0,0.79,1
13.37,15.21,0.09,167.7,26.74,17,0,0.84,1
5.59,17.05,0.19,83.93,11.18,15,0,0.53,1
2.2,2.5,0.36,38.59,4.39,11,0,0.55,1
2.57,7.06,0.35,34.57,5.15,14,0,0.57,1
11.54,36.97,0.36,126.69,23.08,0,1,1.0,0
9.46,12.94,0.59,91.66,18.93,10,0,0.53,1
1.97,3.26,0.08,32.0,3.93,6,0,0.8,1
1.72,1.85,0.34,39.66,3.44,15,1,0.58,1
10.66,20.41,0.49,91.19,21.33,8,0,0.68,1
1.56,3.34,0.35,35.52,3.11,19,0,0.7,1
12.42,19.85,0.18,119.41,24.83,8,0,0.37,1
10.74,18.14,0.14,135.95,21.48,11,0,0.91,1
1.68,3.3,0.11,36.64,3.36,18,0,0.81,1
1.73,2.25,0.2,30.14,3.46,13,0,0.74,1
14.81,18.06,0.35,140.63,29.61,11,0,0.83,1
5.93,6.66,0.26,60.41,11.85,23,0,0.52,1
5.87,6.0,0.7,78.71,11.75,8,0,0.53,1
12.29,27.3,0.1,128.27,24.57,20,0,0.7,1
14.24,18.09,0.24,125.07,28.47,11,0,0.77,1
14.8,27.12,0.13,128.11,29.59,12,0,0.46,1
11.42,15.07,0.08,86.28,22.85,4,0,0.9,1
5.96,9.81,0.73,58.69,11.91,4,0,0.86,1
1.71,1.72,0.5,37.1,3.42,8,1,0.58,1
11.77,14.77,0.3,129.09,23.54,18,0,0.8,1
8.6,8.91,0.43,84.38,17.19,19,0,0.67,1
6.65,7.59,0.16,92.18,13.3,5,0,0.63,1
13.64,14.71,0.14,134.47,27.28,7,1,0.7,1
2.11,2.45,0.03,42.31,4.22,17,0,0.5,1
7.64,12.86,0.41,100.01,15.29,12,0,0.77,1
0.66,1.51,0.52,27.27,1.33,15,0,0.81,1
7.3,13.82,0.22,99.87,14.59,19,0,0.79,1
1.32,4.96,0.09,32.84,2.63,4,0,0.92,1
2.22,3.46,0.4,42.78,4.45,21,0,0.57,1
2.2,3.51,0.34,43.01,4.41,10,0,0.78,1
9.91,15.4,0.38,81.31,19.83,16,1,1.0,1
11.32,11.54,0.17,100.37,22.64,21,0,0.94,1
8.96,9.6,0.24,71.33,17.92,9,0,0.89,1
14.45,38.92,0.49,111.41,28.9,6,1,0.79,0
5.94,11.27,0.13,82.02,11.87,10,0,0.72,1
4.64,8.17,0.4,74.0,9.29,7,0,0.73,1
13.09,25.16,0.28,147.22,26.19,18,0,0.71,1
3.74,4.41,0.32,61.92,7.48,4,0,0.82,1
14.47,22.5,0.43,124.53,28.93,15,1,0.84,1
0.68,1.0,0.63,27.38,1.35,0,0,0.51,1
14.56,16.37,0.26,127.35,29.13,22,0,0.57,1
1.13,1.32,0.09,32.68,2.25,18,0,0.56,1
13.42,38.44,0.03,162.09,26.84,21,0,0.63,1
8.15,10.38,0.47,116.88,16.3,9,0,0.69,1
14.9,25.84,0.2,180.76,29.8,13,1,0.74,1
1.57,3.33,0.27,32.23,3.14,16,0,0.77,1
8.53,29.67,0.06,69.23,17.06,12,0,0.82,1
14.55,23.65,0.14,181.85,29.11,15,0,0.73,1
8.08,15.65,0.2,92.75,16.17,18,1,0.68,1
9.63,21.95,0.46,125.96,19.25,11,0,0.57,1
10.59,13.73,0.23,101.64,21.18,15,0,0.62,1
7.09,8.57,0.58,56.89,14.18,16,0,0.63,1
9.6,22.14,0.13,71.52,19.2,14,0,0.82,1
8.97,31.25,0.09,106.98,17.95,6,0,0.78,1
13.57,15.3,0.25,98.7,27.13,18,0,0.73,1
1.16,4.5,0.24,31.84,2.32,20,1,0.78,1
4.57,4.8,0.16,56.3,9.15,4,0,0.67,1
14.28,19.82,0.32,147.7,28.56,14,0,0.61,1
13.41,27.29,0.23,162.25,26.82,14,0,0.45,1
7.11,16.34,0.19,68.13,14.21,0,0,0.63,1
9.49,36.97,0.46,94.89,18.98,14,0,0.47,0
4.52,10.6,0.43,65.7,9.04,2,0,0.73,1
3.23,9.14,0.38,56.89,6.46,19,0,0.55,1
7.22,10.19,0.66,70.8,14.45,19,0,0.67,1
5.62,15.0,0.19,72.63,11.25,14,1,0.66,1
8.96,13.86,0.38,124.5,17.93,23,0,0.37,1
1.63,2.35,0.52,35.53,3.25,7,1,0.41,1
14.63,30.89,0.36,184.57,29.26,19,1,0.79,1
14.8,53.57,0.52,191.36,29.6,9,0,0.71,0
10.62,38.22,0.2,142.23,21.25,13,0,0.91,1
8.27,30.67,0.32,105.29,16.55,2,0,0.78,1
4.99,6.2,0.31,64.22,9.98,8,0,0.62,1
12.3,25.18,0.1,89.83,24.6,23,0,0.39,1
10.43,12.31,0.28,88.4,20.86,19,1,0.82,1
2.86,4.98,0.15,39.41,5.72,9,0,0.91,1
13.71,23.24,0.47,91.73,27.42,20,0,0.4,1
12.43,19.58,0.15,91.0,24.85,1,1,0.72,1
14.27,18.19,0.59,120.81,28.54,22,0,0.67,1
11.02,24.22,0.5,82.12,22.05,17,0,0.37,1
9.39,27.53,0.07,78.12,18.79,0,0,0.51,1
6.56,9.84,0.14,55.32,13.13,10,0,0.76,1
14.02,28.32,0.2,131.01,28.05,4,0,0.92,1
13.06,22.44,0.37,160.36,26.12,23,0,0.71,1
1.16,1.57,0.54,32.35,2.31,3,0,0.71,1
0.88,1.42,0.31,30.0,1.76,0,0,0.68,1
5.96,8.33,0.56,80.89,11.92,3,0,0.79,1
12.25,18.62,0.22,102.23,24.51,23,1,0.63,1
14.82,18.41,0.28,166.92,29.63,22,0,0.74,1
2.68,3.44,0.23,47.55,5.36,21,0,0.94,1
9.11,14.01,0.5,100.23,18.23,21,0,0.54,1
6.02,7.93,0.24,84.14,12.05,0,0,0.72,1
14.56,16.09,0.54,100.08,29.13,14,0,0.66,1
12.71,22.14,0.34,136.47,25.42,18,0,0.64,1
12.66,22.62,0.15,125.79,25.31,1,0,0.63,1
7.3,8.86,0.35,97.6,14.59,22,0,0.68,1
6.51,9.48,0.24,58.41,13.03,13,0,0.68,1
4.46,14.72,0.41,48.97,8.93,21,0,0.62,1
1.32,1.43,0.48,31.74,2.63,2,0,0.78,1
13.04,47.74,0.45,171.64,26.08,3,0,0.65,0
12.29,15.14,0.34,88.59,24.57,0,0,0.61,1
15.0,18.31,0.22,173.01,29.99,10,1,0.58,1
14.95,15.5,0.29,116.25,29.9,19,1,0.81,1
8.55,29.43,0.13,69.08,17.11,17,0,0.48,1
11.65,16.7,0.62,110.45,23.3,20,0,0.73,1
14.2,24.87,0.22,148.95,28.4,15,0,0.77,1
12.82,25.74,0.36,158.32,25.64,14,0,0.34,1
4.09,12.86,0.07,58.59,8.17,16,1,0.58,1
7.03,10.47,0.31,79.37,14.07,21,0,0.84,1
2.37,3.89,0.07,36.61,4.75,1,0,1.0,1
14.33,43.65,0.59,121.02,28.67,0,0,0.59,0
9.29,13.1,0.22,116.56,18.58,13,0,0.57,1
3.82,4.75,0.37,42.12,7.63,13,1,0.59,1
10.24,12.4,0.36,81.7,20.48,17,0,0.79,1
9.46,10.19,0.1,114.99,18.93,21,0,0.71,1
5.69,10.22,0.2,86.77,11.39,21,0,0.73,1
2.15,2.22,0.21,32.54,4.29,18,1,0.82,1
10.24,11.39,0.04,114.86,20.48,5,0,0.94,1
8.04,17.03,0.37,73.69,16.09,3,0,0.41,1
11.7,31.66,0.06,80.6,23.4,7,0,0.8,1
8.04,13.95,0.4,107.07,16.08,12,0,0.87,1
12.86,23.32,0.34,130.06,25.71,19,0,0.79,1
8.5,12.47,0.47,63.94,17.01,6,0,0.64,1
8.63,12.56,0.03,117.28,17.27,9,1,0.88,1
13.21,16.26,0.58,135.6,26.42,17,0,0.63,1
6.35,10.04,0.02,84.52,12.7,21,0,0.73,1
2.44,7.43,0.37,39.46,4.89,20,0,0.53,1
0.92,1.03,0.07,25.77,1.83,0,0,0.67,1
11.45,23.74,0.24,114.56,22.9,4,0,0.89,1
9.49,9.7,0.07,86.59,18.99,21,0,0.86,1
10.71,31.65,0.19,95.79,21.42,1,0,0.78,1
3.59,3.7,0.35,54.11,7.18,10,0,1.0,1
2.48,7.78,0.32,34.02,4.95,15,0,0.83,1
0.71,1.68,0.21,25.53,1.42,6,0,0.63,1
5.58,19.6,0.49,69.28,11.17,13,0,0.75,1
9.05,11.62,0.08,110.26,18.11,0,0,0.73,1
6.19,6.97,0.07,78.35,12.38,11,0,0.6,1
6.84,11.89,0.07,96.67,13.69,10,0,0.71,1
13.61,14.38,0.23,182.6,27.22,16,0,0.72,1
5.55,8.01,0.05,84.17,11.1,11,0,0.85,1
7.95,11.01,0.28,102.3,15.91,16,0,0.89,1
11.86,13.42,0.23,136.28,23.73,17,0,0.51,1
6.25,13.22,0.18,52.8,12.5,15,0,0.77,1
9.52,18.46,0.08,103.15,19.04,0,0,0.74,1
13.0,13.99,0.43,145.44,26.01,22,0,0.88,1
14.27,15.41,0.25,132.58,28.54,4,0,0.61,1
2.63,2.68,0.23,40.25,5.27,22,0,0.66,1
13.94,15.04,0.17,142.6,27.87,4,0,0.74,1
7.64,22.1,0.29,106.64,15.27,15,0,0.75,1
4.24,4.89,0.56,48.98,8.49,23,0,0.81,1
7.16,12.84,0.13,75.78,14.31,23,0,0.86,1
14.71,14.81,0.14,160.8,29.42,18,0,0.67,1
7.64,12.65,0.09,68.17,15.29,1,0,0.57,1
5.27,7.92,0.29,77.12,10.53,6,0,0.56,1
9.68,14.96,0.39,113.57,19.37,15,0,0.91,1
3.98,8.11,0.11,49.73,7.96,22,0,0.55,1
1.6,5.22,0.23,36.09,3.2,2,0,0.85,1
2.37,2.57,0.21,36.48,4.74,17,0,0.39,1
2.36,2.77,0.33,44.56,4.71,9,0,0.79,1
2.7,7.62,0.34,34.85,5.41,1,0,0.68,1
2.51,3.02,0.19,40.07,5.03,18,0,0.82,1
9.79,13.61,0.08,86.9,19.59,14,0,0.66,1
3.14,5.63,0.09,53.62,6.27,15,0,0.68,1
5.51,12.51,0.15,76.61,11.02,7,0,0.73,1
13.5,15.09,0.29,167.09,27.01,7,1,0.53,1
7.37,9.51,0.11,90.49,14.74,16,0,0.72,1
10.18,15.4,0.3,127.57,20.36,20,0,0.71,1
3.0,4.24,0.29,44.2,6.0,13,0,0.95,1
3.29,10.33,0.67,52.05,6.58,20,0,0.83,1
1.09,1.8,0.52,25.7,2.19,17,0,0.82,1
2.95,7.46,0.79,52.93,5.9,20,0,0.74,1
4.54,11.17,0.33,64.46,9.08,15,0,0.82,1
3.07,4.11,0.32,53.93,6.13,5,0,0.46,1
1.79,1.91,0.12,38.57,3.57,22,1,0.84,1
2.25,4.07,0.52,35.75,4.5,16,0,0.58,1
7.18,17.7,0.16,69.62,14.36,18,0,0.51,1
3.49,4.74,0.14,57.0,6.98,3,0,0.68,1
5.78,6.4,0.53,56.39,11.56,22,0,0.79,1
7.8,9.61,0.41,65.04,15.6,23,0,1.0,1
10.51,11.66,0.12,73.66,21.02,20,0,0.4,1
1.07,1.64,0.14,27.59,2.14,6,0,0.61,1
12.09,14.86,0.16,88.86,24.18,17,0,0.72,1
9.6,27.05,0.25,121.92,19.21,7,0,0.61,1
1.69,3.3,0.37,34.14,3.37,17,0,1.0,1
13.17,24.29,0.44,109.11,26.33,18,0,0.78,1
13.85,21.87,0.26,147.65,27.71,18,1,0.67,1
1.39,1.46,0.21,27.61,2.77,5,0,0.51,1
4.51,4.98,0.37,65.52,9.03,11,1,0.61,1
12.19,34.74,0.25,123.73,24.38,5,0,0.81,1
11.35,29.9,0.13,77.26,22.7,13,0,0.61,1
3.18,6.13,0.53,42.97,6.35,16,0,0.8,1
3.54,7.55,0.23,56.24,7.07,11,0,0.78,1
5.87,8.26,0.14,57.09,11.74,1,1,0.75,1
7.53,8.12,0.19,108.3,15.05,12,0,0.79,1
9.46,9.74,0.4,126.73,18.93,4,0,0.82,1
5.85,7.9,0.12,81.11,11.7,21,0,0.69,1
7.21,8.2,0.52,60.0,14.41,5,0,0.66,1
11.34,17.61,0.34,104.78,22.68,0,0,0.68,1
1.03,2.54,0.4,27.31,2.06,7,0,0.49,1
4.16,6.47,0.35,44.81,8.32,8,1,0.89,1
10.84,16.27,0.12,150.09,21.69,11,0,0.47,1
13.48,16.71,0.35,101.29,26.96,20,1,0.42,1
7.92,19.09,0.09,77.08,15.84,9,0,0.97,1
8.22,15.61,0.34,111.69,16.43,2,1,0.85,1
2.05,3.93,0.2,32.35,4.11,9,0,0.68,1
6.99,7.21,0.2,77.9,13.97,13,1,0.93,1
8.22,14.11,0.12,117.28,16.45,4,0,0.63,1
4.02,4.92,0.22,47.03,8.03,4,0,0.86,1
4.4,5.42,0.33,63.69,8.81,12,1,0.65,1
5.97,13.29,0.09,53.2,11.94,16,1,0.78,1
0.79,1.17,0.15,27.28,1.58,9,0,0.71,1
5.17,5.62,0.28,58.12,10.34,1,0,0.46,1
3.57,5.88,0.03,55.29,7.13,14,0,0.6,1
5.25,5.47,0.05,62.15,10.5,12,0,0.64,1
2.24,5.44,0.13,35.86,4.47,4,0,0.74,1
13.41,43.89,0.28,138.33,26.83,16,0,0.7,0
9.11,9.91,0.32,74.44,18.21,22,0,0.44,1
10.35,11.68,0.35,130.72,20.69,22,0,0.58,1
11.94,12.01,0.31,142.47,23.89,4,0,0.89,1
7.73,10.17,0.34,88.12,15.45,13,0,0.66,1
1.76,1.85,0.16,33.32,3.52,9,0,0.49,1
8.29,9.52,0.27,114.54,16.58,14,0,0.85,1
9.01,10.2,0.31,105.06,18.02,1,0,0.67,1
11.31,16.71,0.37,99.09,22.62,23,0,0.84,1
6.76,12.59,0.04,91.96,13.52,18,1,0.6,1
2.35,2.47,0.23,42.2,4.7,4,0,0.58,1
4.61,8.04,0.35,47.18,9.23,5,0,0.57,1
5.76,8.81,0.14,53.43,11.53,12,0,0.72,1
9.87,16.88,0.17,134.12,19.73,21,0,1.0,1
8.78,13.03,0.11,81.57,17.55,7,0,0.64,1
5.66,9.39,0.54,74.62,11.33,12,0,0.73,1
14.8,51.77,0.13,97.8,29.61,13,1,1.0,0
9.28,10.18,0.18,102.58,18.57,15,0,0.71,1
3.94,6.75,0.2,46.07,7.88,0,0,0.54,1
1.98,2.86,0.11,31.81,3.95,4,0,0.69,1
2.72,7.67,0.3,48.29,5.43,22,0,0.74,1
4.07,16.1,0.23,63.38,8.13,20,0,0.54,1
2.83,6.52,0.63,48.32,5.66,7,0,0.63,1
3.21,4.12,0.16,36.28,6.41,1,0,0.58,1
4.63,14.28,0.07,52.41,9.27,20,0,1.0,1
3.01,3.23,0.53,42.68,6.03,19,0,0.5,1
13.5,32.83,0.23,152.82,27.01,2,0,0.61,1
1.66,4.12,0.2,37.11,3.33,1,0,0.47,1
8.11,20.99,0.25,96.15,16.21,23,0,0.58,1
6.45,24.76,0.41,87.89,12.9,10,0,0.66,1
14.74,17.79,0.59,137.82,29.49,3,0,0.79,1
2.12,2.34,0.08,38.68,4.25,13,0,0.82,1
6.27,8.82,0.64,54.16,12.54,13,1,0.63,1
14.56,37.22,0.09,136.32,29.11,9,1,0.76,0
13.05,28.13,0.51,124.77,26.1,19,0,0.39,1
12.35,20.34,0.11,134.59,24.7,3,0,0.73,1
4.24,4.39,0.28,52.41,8.48,6,0,0.62,1
2.98,6.84,0.15,39.86,5.96,9,0,0.67,1
10.2,12.76,0.23,87.93,20.39,2,0,0.86,1
13.98,24.11,0.42,102.98,27.95,4,0,0.66,1
8.57,18.11,0.41,104.93,17.15,3,0,0.8,1
8.79,14.85,0.33,102.24,17.58,16,0,0.41,1
4.56,15.03,0.14,61.29,9.12,19,0,0.72,1
11.66,13.73,0.34,121.62,23.32,22,0,0.95,1
3.21,7.43,0.15,44.32,6.42,10,0,0.64,1
5.19,6.54,0.28,73.91,10.39,4,0,0.54,1
6.67,22.14,0.36,96.39,13.34,11,0,0.81,1
7.86,8.13,0.11,83.51,15.72,13,0,0.81,1
4.01,10.17,0.14,51.57,8.03,21,0,0.78,1
2.17,2.37,0.13,33.29,4.33,12,0,0.4,1
9.35,10.91,0.24,110.69,18.71,10,0,0.6,1
4.69,4.8,0.33,61.73,9.37,21,0,0.58,1
8.93,14.67,0.19,126.39,17.86,11,1,0.67,1
2.74,3.44,0.57,44.89,5.48,6,1,0.53,1
7.48,14.16,0.1,72.49,14.95,0,0,0.79,1
8.22,21.18,0.32,93.51,16.45,21,0,0.75,1
1.25,2.15,0.57,34.88,2.5,8,0,1.0,1
5.38,14.38,0.04,74.15,10.76,20,0,0.79,1
2.45,2.48,0.11,34.45,4.9,22,0,0.58,1
1.42,4.4,0.08,30.5,2.84,18,0,0.6,1
14.85,21.47,0.19,125.33,29.71,3,0,0.88,1
5.17,7.19,0.09,76.9,10.35,3,0,0.39,1
12.24,18.73,0.12,133.59,24.49,10,0,0.52,1
4.19,5.61,0.51,64.73,8.38,5,0,0.78,1
10.38,30.79,0.34,84.72,20.76,18,0,0.81,1
11.52,17.3,0.4,150.86,23.05,18,1,0.69,1
9.14,19.63,0.18,69.41,18.27,20,0,0.65,1
7.34,7.68,0.42,75.94,14.68,10,0,0.62,1
6.47,7.88,0.1,53.0,12.94,17,0,0.59,1
5.56,5.68,0.21,54.96,11.12,16,0,0.67,1
13.98,50.25,0.16,184.04,27.96,13,0,0.98,0
12.54,27.04,0.44,89.61,25.09,17,0,0.34,1
14.49,36.55,0.25,107.22,28.99,13,0,0.55,0
2.3,8.91,0.22,46.42,4.6,12,0,0.96,1
11.1,25.7,0.2,130.66,22.2,8,0,0.84,1
14.11,18.58,0.41,130.71,28.21,18,0,0.5,1
3.13,7.39,0.21,37.15,6.26,10,0,0.67,1
1.46,2.32,0.08,35.37,2.93,18,0,0.82,1
11.25,12.28,0.62,115.02,22.49,16,0,0.86,1
8.83,11.46,0.3,84.11,17.66,15,0,0.55,1
12.71,23.27,0.05,115.62,25.41,17,0,0.59,1
2.53,4.77,0.25,41.57,5.05,14,0,0.55,1
12.03,20.33,0.06,126.58,24.06,21,0,0.66,1
3.42,8.94,0.16,56.72,6.85,13,0,0.77,1
2.87,3.96,0.49,49.88,5.75,14,1,0.89,1
2.88,5.51,0.34,49.88,5.76,17,0,0.49,1
12.31,13.84,0.16,144.41,24.62,11,0,0.85,1
10.15,12.41,0.61,124.54,20.29,9,0,0.73,1
8.08,11.42,0.07,98.77,16.17,7,0,0.66,1
5.7,10.9,0.2,83.17,11.41,21,0,1.0,1
13.22,32.44,0.3,137.68,26.44,17,0,0.95,1
6.19,7.44,0.46,73.52,12.38,21,0,0.43,1
12.34,20.07,0.29,142.28,24.68,13,0,0.96,1
6.87,16.41,0.2,62.32,13.73,17,0,0.7,1
5.97,15.05,0.07,82.27,11.93,0,1,0.5,1
7.21,19.27,0.33,103.28,14.42,15,0,0.89,1
4.87,5.85,0.17,54.45,9.74,4,1,0.9,1
11.34,26.89,0.57,125.21,22.68,20,1,0.71,1
7.79,12.08,0.19,60.73,15.58,7,0,0.77,1
3.87,6.57,0.05,60.07,7.73,19,0,0.72,1
13.54,19.78,0.16,140.78,27.09,1,0,0.69,1
6.07,6.68,0.12,78.94,12.13,22,0,0.95,1
8.38,9.3,0.21,70.3,16.76,18,0,0.66,1
13.64,23.19,0.17,165.53,27.29,2,0,0.9,1
9.55,36.52,0.25,84.87,19.1,7,0,0.78,0
2.2,3.85,0.14,41.5,4.39,2,0,0.51,1
14.13,20.05,0.17,149.3,28.26,17,0,0.68,1
9.6,14.37,0.49,111.95,19.2,7,0,0.69,1
5.36,7.25,0.44,48.66,10.71,17,0,0.62,1
2.52,6.89,0.36,45.68,5.04,23,0,0.63,1
12.01,16.35,0.22,146.94,24.03,4,0,0.8,1
9.49,24.53,0.28,99.0,18.98,9,0,0.83,1
8.24,10.13,0.11,84.75,16.47,10,0,0.79,1
13.46,26.69,0.13,119.59,26.92,3,0,0.73,1
11.93,15.25,0.17,157.19,23.87,9,1,0.64,1
2.7,9.44,0.55,47.76,5.4,4,0,0.64,1
5.02,9.03,0.11,69.65,10.04,11,0,0.74,1
4.1,5.27,0.32,67.1,8.21,9,0,0.81,1
11.29,26.86,0.43,103.99,22.57,11,0,0.95,1
0.99,1.17,0.65,29.28,1.97,4,0,0.76,1
8.76,12.12,0.6,105.9,17.53,10,0,0.8,1
11.56,16.73,0.44,158.36,23.11,0,0,0.46,1
13.21,25.65,0.24,125.58,26.43,4,1,0.44,1
5.46,8.92,0.26,62.6,10.92,22,0,0.6,1
12.41,17.78,0.09,89.38,24.82,23,0,0.78,1
2.1,3.48,0.08,31.97,4.21,23,0,0.62,1
12.77,16.51,0.22,129.63,25.55,13,0,0.37,1
2.35,4.08,0.41,34.56,4.7,1,1,0.67,1
6.26,15.59,0.41,54.5,12.52,9,0,0.95,1
12.06,29.38,0.44,161.77,24.12,0,0,0.88,1
2.67,10.51,0.37,51.18,5.35,12,0,0.48,1
3.82,8.04,0.21,47.83,7.65,3,0,0.7,1
10.97,13.52,0.24,135.53,21.95,2,1,0.64,1
10.94,12.94,0.28,141.53,21.88,11,0,0.66,1
9.8,24.38,0.09,100.85,19.59,11,0,0.77,1
10.56,10.9,0.09,89.35,21.12,15,0,0.66,1
8.37,13.35,0.41,69.45,16.74,13,1,0.91,1
4.15,4.43,0.14,44.85,8.3,7,0,0.49,1
5.51,7.07,0.14,78.32,11.03,21,0,0.81,1
3.13,3.96,0.35,44.1,6.27,12,0,0.85,1
13.67,43.57,0.09,154.74,27.35,15,0,0.66,0
8.96,21.59,0.2,98.58,17.92,14,0,0.74,1
6.31,24.6,0.43,69.0,12.62,13,0,1.0,1
7.2,9.15,0.33,62.23,14.4,4,0,0.7,1
14.24,28.0,0.07,124.41,28.47,5,1,0.82,1
2.72,3.24,0.25,49.64,5.45,21,0,0.85,1
9.0,17.85,0.05,116.12,18.0,16,0,0.54,1
7.84,9.06,0.07,60.73,15.67,8,0,1.0,1
9.37,26.91,0.04,76.03,18.73,17,0,0.66,1
0.76,2.01,0.34,27.85,1.53,11,0,0.67,1
13.15,26.0,0.14,116.62,26.29,12,0,0.8,1
14.02,25.19,0.15,153.22,28.03,16,0,0.72,1
8.69,17.0,0.15,97.72,17.39,6,0,0.65,1
10.6,12.89,0.11,121.4,21.2,20,0,0.8,1
13.88,43.0,0.18,94.6,27.75,21,1,0.51,0
10.75,20.95,0.2,143.87,21.51,19,0,0.93,1
2.71,3.09,0.64,33.96,5.42,7,0,0.76,1
8.86,29.51,0.54,64.78,17.71,22,0,0.79,0
9.3,9.72,0.42,81.21,18.59,0,1,0.65,1
6.65,6.72,0.28,99.5,13.3,11,0,0.62,1
11.18,35.33,0.2,81.57,22.36,21,0,0.52,0
14.05,29.99,0.57,176.24,28.1,18,0,0.81,1
13.92,26.3,0.31,105.11,27.84,7,0,0.46,1
7.04,8.46,0.28,60.56,14.07,11,0,0.73,1
2.14,3.07,0.33,42.39,4.28,5,0,0.62,1
14.78,20.16,0.5,181.5,29.56,21,1,0.73,1
12.66,15.48,0.27,153.55,25.33,20,0,0.56,1
2.31,6.82,0.08,35.43,4.62,23,0,0.89,1
13.85,15.83,0.03,174.58,27.7,5,0,0.55,1
13.11,16.83,0.12,92.17,26.23,6,1,0.27,1
8.02,11.75,0.31,79.32,16.05,8,1,0.65,1
9.07,9.89,0.15,94.79,18.15,11,0,0.57,1
6.29,8.11,0.37,54.41,12.57,5,0,0.66,1
1.29,3.22,0.43,31.72,2.59,5,0,0.58,1
5.36,9.37,0.33,67.79,10.72,8,0,0.74,1
12.14,19.57,0.1,165.03,24.28,21,0,0.5,1
0.57,1.95,0.14,25.3,1.13,6,0,0.7,1
5.34,5.52,0.6,61.53,10.67,3,0,0.65,1
6.27,18.11,0.59,86.07,12.55,20,0,0.56,1
8.29,10.73,0.6,80.9,16.58,23,0,0.52,1
13.84,21.98,0.45,140.81,27.68,12,0,0.9,1
5.52,20.51,0.58,49.75,11.04,9,0,0.51,1
5.53,5.86,0.09,60.15,11.06,9,0,0.59,1
11.19,12.59,0.16,117.35,22.39,20,0,0.87,1
7.06,10.97,0.37,89.98,14.11,3,0,0.72,1
3.76,8.91,0.11,41.39,7.51,23,0,0.73,1
7.06,20.69,0.27,94.7,14.12,20,0,0.57,1
2.54,4.87,0.15,48.73,5.08,17,0,0.67,1
3.06,6.92,0.56,41.3,6.12,23,0,1.0,1
7.73,12.26,0.27,100.02,15.45,7,0,0.86,1
6.57,6.74,0.17,61.17,13.15,22,0,0.54,1
13.77,20.21,0.59,139.26,27.53,14,0,0.65,1
5.75,6.27,0.14,80.9,11.51,8,0,0.31,1
8.92,12.08,0.28,88.72,17.84,3,0,0.8,1
9.67,15.94,0.48,70.12,19.34,6,0,0.54,1
0.69,0.77,0.11,26.06,1.38,0,0,0.77,1
10.12,16.77,0.24,130.45,20.24,16,0,0.7,1
3.08,3.42,0.1,37.74,6.16,2,0,0.64,1
14.44,30.8,0.34,95.17,28.87,21,0,0.66,1
2.66,7.66,0.46,48.32,5.31,23,1,0.66,1
6.51,7.3,0.21,64.74,13.02,20,0,0.53,1
1.74,2.52,0.27,33.12,3.48,18,0,0.83,1
14.95,16.31,0.45,103.88,29.91,17,0,0.71,1
7.78,8.16,0.17,64.17,15.56,14,0,0.89,1
9.13,31.47,0.14,104.95,18.27,9,0,0.46,1
1.47,2.35,0.31,33.06,2.95,14,0,0.84,1
11.37,21.41,0.29,100.15,22.75,23,0,0.62,1
3.54,4.93,0.18,48.95,7.09,6,0,0.63,1
13.52,16.0,0.44,124.35,27.04,5,0,0.85,1
3.47,7.55,0.29,54.28,6.95,13,0,0.87,1
3.26,4.89,0.39,56.03,6.53,17,0,0.93,1
1.03,1.32,0.43,30.67,2.06,17,0,0.69,1
7.34,20.94,0.2,56.95,14.69,5,0,0.66,1
8.69,10.1,0.27,69.51,17.38,12,0,0.91,1
1.45,2.06,0.27,31.63,2.91,10,0,0.8,1
11.75,12.21,0.19,148.76,23.49,8,0,0.74,1
7.07,14.02,0.22,67.1,14.15,11,0,0.39,1
8.1,24.47,0.45,110.38,16.21,18,0,0.65,1
6.89,10.94,0.27,59.76,13.78,18,0,0.63,1
6.31,20.08,0.16,54.76,12.62,20,0,0.66,1
8.61,8.82,0.09,118.16,17.23,15,1,0.58,1
2.75,9.86,0.1,36.87,5.5,2,0,0.64,1
3.14,3.85,0.09,45.88,6.28,6,1,0.92,1
13.0,20.19,0.57,114.63,25.99,21,1,0.84,1
14.22,27.01,0.39,105.79,28.44,9,0,0.77,1
5.91,19.75,0.27,75.73,11.83,18,0,0.75,1
4.43,6.18,0.56,71.98,8.85,5,0,0.55,1
9.84,14.28,0.34,114.51,19.68,8,0,0.78,1
6.43,13.95,0.07,68.04,12.85,17,0,0.78,1
0.87,0.93,0.11,28.67,1.74,11,0,0.7,1
2.76,5.78,0.23,36.59,5.53,4,1,0.51,1
10.88,18.53,0.2,118.59,21.76,4,0,0.92,1
10.05,15.28,0.3,103.31,20.11,5,0,0.68,1
0.89,2.75,0.42,26.71,1.79,17,0,0.76,1
3.72,3.92,0.18,57.84,7.44,5,0,0.82,1
3.85,7.25,0.72,42.45,7.7,0,0,0.48,1
10.24,32.98,0.34,109.41,20.48,10,0,0.93,1
0.79,1.45,0.36,28.63,1.57,15,0,0.51,1
2.01,2.87,0.26,32.89,4.02,6,0,0.68,1
12.1,19.05,0.44,102.9,24.2,16,0,0.92,1
3.09,4.01,0.27,49.73,6.18,17,0,0.52,1
9.96,34.17,0.16,123.71,19.93,3,0,0.65,1
3.95,8.53,0.31,47.61,7.91,4,0,0.82,1
1.94,2.25,0.34,34.6,3.88,0,0,0.89,1
4.03,12.99,0.21,60.98,8.05,0,1,0.5,1
10.97,12.31,0.16,96.78,21.95,4,0,0.54,1
12.91,40.47,0.25,144.74,25.82,21,0,0.67,1
12.54,14.32,0.29,96.63,25.08,18,0,0.79,1
6.26,12.02,0.35,69.32,12.52,12,1,0.68,1
10.19,14.37,0.39,120.05,20.37,4,0,0.7,1
3.47,9.52,0.3,48.54,6.94,17,0,0.67,1
4.75,15.86,0.2,44.39,9.5,23,0,0.72,1
13.5,32.76,0.33,125.88,26.99,2,0,0.75,1
0.69,1.99,0.19,24.83,1.38,2,1,0.78,1
1.74,3.59,0.11,29.93,3.48,8,0,0.94,1
3.51,5.53,0.17,37.8,7.03,19,0,0.75,1
0.88,1.28,0.24,24.71,1.77,13,0,0.8,1
3.13,3.72,0.3,56.46,6.26,2,0,0.82,1
8.95,12.06,0.22,111.77,17.91,20,0,0.82,1
6.61,9.36,0.31,96.54,13.22,21,1,0.75,1
13.44,24.06,0.26,98.02,26.89,13,0,0.95,1
12.35,20.41,0.23,131.1,24.71,16,0,0.41,1
5.46,9.73,0.08,50.46,10.91,22,0,0.69,1
4.26,4.83,0.06,42.11,8.52,3,0,0.75,1
6.01,14.21,0.1,69.63,12.01,17,0,0.61,1
9.06,35.63,0.2,106.28,18.12,15,0,0.91,1
4.39,5.94,0.14,43.89,8.77,1,0,0.39,1
9.55,23.77,0.25,92.16,19.1,1,0,0.64,1
6.44,7.01,0.12,56.24,12.87,11,1,0.44,1
8.5,9.51,0.21,84.08,17.01,15,0,0.64,1
6.82,22.19,0.08,76.66,13.65,9,0,0.58,1
4.77,14.46,0.13,55.12,9.54,23,0,0.75,1
14.25,22.94,0.36,148.75,28.51,1,0,1.0,1
11.57,16.37,0.39,125.22,23.14,15,0,0.9,1
2.53,5.55,0.16,38.56,5.06,3,0,0.49,1
13.09,16.62,0.17,121.17,26.19,9,1,0.77,1
7.57,10.87,0.22,81.2,15.14,16,0,0.62,1
13.47,27.29,0.54,122.78,26.94,3,0,0.83,1
12.1,44.97,0.25,144.91,24.2,21,0,0.82,0
6.67,8.2,0.13,59.86,13.33,5,0,0.91,1
0.83,2.01,0.49,29.08,1.65,2,1,0.94,1
4.4,5.02,0.08,52.17,8.79,8,0,0.85,1
8.35,14.78,0.24,104.1,16.71,4,0,0.68,1
9.69,14.18,0.51,128.35,19.37,8,0,0.67,1
4.24,4.69,0.11,67.53,8.48,12,0,0.5,1
2.52,2.81,0.25,40.59,5.04,1,0,0.76,1
12.61,23.85,0.24,105.68,25.21,2,0,0.77,1
14.77,36.33,0.68,156.51,29.55,6,0,0.44,1
8.12,9.77,0.38,71.07,16.25,20,0,0.87,1
2.99,5.2,0.44,51.49,5.98,11,1,0.66,1
4.45,11.29,0.31,64.39,8.9,17,0,0.54,1
0.77,0.83,0.39,28.1,1.53,8,0,0.73,1
13.76,34.52,0.23,130.51,27.51,12,1,0.49,0
2.21,8.2,0.3,39.65,4.41,10,0,0.6,1
8.86,33.41,0.09,70.67,17.72,12,0,0.57,1
4.47,6.24,0.05,63.9,8.95,7,0,0.57,1
8.54,11.44,0.74,91.77,17.07,20,0,0.54,1
9.95,20.58,0.63,105.18,19.89,14,0,0.67,1
12.53,25.57,0.49,156.95,25.06,13,0,0.83,1
3.49,6.92,0.34,56.35,6.99,16,0,0.54,1
0.66,0.87,0.71,25.77,1.32,12,1,0.6,1
2.48,8.46,0.26,38.6,4.97,10,0,0.55,1
13.55,14.31,0.62,130.1,27.1,9,0,0.83,1
13.17,31.59,0.45,118.2,26.34,16,0,0.64,1
9.16,9.16,0.43,75.54,18.32,11,0,0.76,1
9.21,24.32,0.31,107.66,18.41,22,0,0.64,1
10.14,12.24,0.48,119.81,20.29,1,0,0.92,1
3.04,7.29,0.1,55.9,6.09,0,0,0.67,1
13.76,44.29,0.46,132.69,27.52,14,0,0.87,0
6.57,7.25,0.47,98.74,13.14,18,1,0.84,1
6.06,6.77,0.58,58.21,12.11,17,0,0.65,1
8.02,14.52,0.44,97.0,16.05,2,0,0.6,1
1.18,1.52,0.34,34.13,2.36,8,0,0.63,1
2.91,4.36,0.42,47.6,5.82,21,0,0.65,1
11.2,12.59,0.27,111.48,22.4,12,1,0.91,1
1.7,3.5,0.2,34.64,3.4,10,0,0.85,1
9.25,14.38,0.27,120.95,18.49,18,0,0.76,1
4.06,6.61,0.15,66.96,8.12,21,0,0.62,1
6.14,11.92,0.32,70.25,12.29,15,0,0.57,1
4.69,5.1,0.42,68.77,9.37,18,0,0.48,1
5.66,15.11,0.09,85.26,11.31,7,1,0.65,1
10.93,30.17,0.33,96.21,21.85,11,0,0.61,1
4.81,7.04,0.18,60.64,9.62,20,1,0.89,1
8.71,11.72,0.43,124.27,17.43,1,0,0.77,1
7.4,18.7,0.32,75.33,14.81,4,0,0.69,1
10.12,18.64,0.34,114.53,20.25,13,0,0.82,1
14.08,14.67,0.06,155.2,28.17,15,0,0.89,1
11.12,25.57,0.21,87.61,22.24,18,0,0.68,1
3.62,4.81,0.3,58.5,7.23,1,1,0.67,1
0.95,1.18,0.4,27.51,1.9,9,0,0.49,1
4.3,7.34,0.27,56.58,8.61,9,0,0.91,1
9.13,9.58,0.33,106.72,18.26,7,0,0.84,1
1.25,1.55,0.05,29.81,2.49,11,0,0.62,1
7.7,12.97,0.26,76.0,15.39,18,0,0.84,1
9.15,13.52,0.6,100.79,18.31,9,0,0.35,1
5.35,6.95,0.36,59.71,10.69,3,0,0.63,1
11.68,16.82,0.19,113.88,23.36,6,0,0.71,1
2.05,2.25,0.33,31.78,4.09,6,0,0.75,1
1.59,3.07,0.23,37.35,3.18,14,0,0.84,1
11.06,23.29,0.37,107.16,22.12,17,0,0.57,1
7.68,18.73,0.43,62.88,15.37,12,0,0.78,1
10.48,37.66,0.37,130.38,20.96,0,0,0.82,1
6.8,24.11,0.35,54.96,13.61,2,0,0.66,1
4.07,4.51,0.21,57.45,8.15,1,1,0.63,1
12.38,16.31,0.17,142.76,24.75,7,0,0.52,1
12.09,16.22,0.36,96.64,24.18,10,0,0.61,1
10.57,14.87,0.12,82.58,21.15,20,0,0.4,1
4.45,5.01,0.25,45.77,8.89,13,0,0.67,1
9.06,14.84,0.45,128.28,18.12,22,0,0.71,1
5.73,6.35,0.67,78.98,11.47,11,0,0.66,1
1.83,3.52,0.49,33.14,3.66,0,0,0.63,1
13.8,14.6,0.49,121.42,27.6,5,0,0.69,1
2.48,3.21,0.06,43.7,4.97,3,1,0.73,1
14.28,32.24,0.35,137.14,28.56,16,0,0.78,1
6.97,10.35,0.39,68.07,13.93,17,0,0.48,1
3.18,4.9,0.19,37.19,6.37,16,1,0.63,1
8.36,23.65,0.27,107.65,16.72,9,1,0.48,1
13.16,18.97,0.36,167.6,26.32,4,0,0.63,1
11.12,22.87,0.16,91.61,22.23,4,0,0.86,1
12.2,42.16,0.51,86.39,24.39,19,0,0.73,0
10.05,10.45,0.43,78.61,20.1,0,1,0.64,1
10.54,14.41,0.27,103.25,21.08,0,0,0.59,1
12.81,14.12,0.51,110.92,25.63,15,0,0.63,1
4.12,5.44,0.09,42.72,8.24,13,0,0.61,1
7.6,14.67,0.18,82.17,15.19,22,0,0.75,1
3.71,5.84,0.36,43.83,7.42,9,0,0.56,1
14.82,19.58,0.52,101.05,29.64,6,0,0.64,1
14.19,14.62,0.32,156.29,28.38,19,1,0.6,1
1.07,2.43,0.39,29.65,2.14,19,0,0.52,1
10.73,11.84,0.09,135.73,21.46,8,1,0.47,1
13.92,14.76,0.39,119.03,27.83,10,0,0.69,1
3.12,4.14,0.5,38.56,6.24,5,0,0.5,1
8.74,9.21,0.57,85.7,17.47,10,0,0.69,1
13.77,25.12,0.17,163.96,27.55,13,0,0.84,1
0.99,1.03,0.2,26.64,1.98,17,0,0.69,1
10.61,13.66,0.27,92.01,21.23,0,0,0.66,1
4.81,17.09,0.53,49.03,9.62,21,0,0.46,1
13.9,14.95,0.04,185.53,27.81,11,0,0.59,1
14.58,23.77,0.09,191.63,29.16,0,0,0.56,1
14.19,23.84,0.16,156.33,28.38,2,0,0.61,1
7.38,10.93,0.28,67.97,14.75,5,0,0.71,1
13.0,35.91,0.26,154.75,26.0,12,0,0.79,1
12.75,21.18,0.19,135.83,25.49,4,0,0.34,1
5.13,5.87,0.1,72.54,10.25,8,0,0.88,1
12.52,47.85,0.37,158.0,25.04,15,0,0.51,0
1.04,2.28,0.27,27.49,2.07,5,0,0.98,1
9.15,36.32,0.27,124.23,18.29,2,0,0.61,1
3.84,6.83,0.54,63.3,7.67,3,0,0.74,1
2.25,2.82,0.26,39.85,4.5,20,0,0.71,1
1.62,1.9,0.28,35.82,3.23,3,0,0.63,1
10.6,11.05,0.33,103.47,21.19,18,0,0.83,1
5.43,7.68,0.35,72.03,10.86,8,1,0.88,1
11.01,24.97,0.18,117.35,22.02,14,0,0.66,1
1.45,1.53,0.65,30.51,2.9,8,0,0.56,1
5.07,6.1,0.11,56.82,10.14,11,0,0.51,1
8.32,12.22,0.46,99.58,16.65,4,0,0.86,1
11.97,15.5,0.41,159.95,23.93,16,0,0.5,1
5.12,5.43,0.24,52.84,10.24,16,1,0.72,1
9.58,12.21,0.26,94.19,19.15,13,0,0.78,1
13.35,25.36,0.08,162.01,26.69,6,0,0.59,1
9.43,12.02,0.47,75.27,18.86,18,0,0.79,1
3.88,13.84,0.3,66.38,7.76,7,0,0.69,1
0.85,1.58,0.38,28.32,1.71,21,0,0.66,1
13.12,23.64,0.57,169.21,26.23,5,0,0.48,1
0.81,2.16,0.1,28.78,1.62,5,1,0.61,1
13.18,49.32,0.22,157.63,26.37,5,0,0.59,0
8.17,23.34,0.43,62.73,16.34,18,1,0.81,1
14.12,19.05,0.22,130.75,28.23,21,0,0.74,1
12.08,14.19,0.28,97.48,24.16,18,0,0.58,1
14.97,15.1,0.37,186.16,29.94,20,1,0.45,1
5.59,10.96,0.15,74.52,11.17,16,0,0.8,1
11.62,16.62,0.46,86.83,23.25,1,1,0.85,1
6.33,6.64,0.35,67.57,12.66,1,0,0.85,1
7.46,19.87,0.43,60.91,14.92,11,1,0.75,1
9.6,12.18,0.27,117.72,19.2,8,0,0.55,1
13.17,16.13,0.23,124.4,26.34,4,0,0.6,1
14.77,46.63,0.49,118.08,29.54,16,0,0.36,0
11.64,12.99,0.06,120.38,23.28,17,0,0.72,1
6.56,7.63,0.22,54.72,13.12,21,1,0.79,1
6.61,24.03,0.14,64.95,13.22,5,0,0.56,1
11.19,35.17,0.31,89.71,22.39,17,0,0.57,0
3.96,13.81,0.2,65.62,7.92,18,1,0.31,1
2.1,4.19,0.36,36.06,4.2,19,1,0.77,1
5.64,8.93,0.19,71.29,11.28,15,1,0.87,1
4.66,7.19,0.3,59.75,9.33,12,1,0.69,1
4.8,10.64,0.14,66.12,9.59,16,0,0.59,1
3.89,4.16,0.3,47.03,7.77,9,1,0.57,1
1.11,2.11,0.06,26.49,2.22,14,0,0.62,1
0.76,2.67,0.48,24.23,1.52,17,0,0.81,1
14.82,31.19,0.37,114.18,29.64,6,0,0.63,1
6.7,10.34,0.52,76.17,13.41,5,0,0.54,1
6.07,10.92,0.26,60.4,12.15,15,0,1.0,1
10.35,22.74,0.58,103.23,20.71,20,0,0.51,1
3.66,10.52,0.51,39.08,7.33,7,0,0.53,1
14.27,16.51,0.37,154.08,28.55,2,0,0.57,1
11.9,11.94,0.4,152.67,23.8,14,0,0.72,1
1.8,3.61,0.06,29.58,3.59,15,0,0.65,1
6.55,12.22,0.28,62.78,13.11,12,0,0.62,1
13.25,18.57,0.33,115.7,26.49,7,0,0.69,1
14.2,18.0,0.07,119.54,28.4,4,0,0.53,1
7.28,13.38,0.28,58.44,14.55,10,1,0.74,1
9.39,10.12,0.32,73.98,18.79,8,1,0.82,1
2.92,4.36,0.14,53.27,5.84,8,0,0.59,1
14.87,25.3,0.32,168.42,29.74,11,0,0.73,1
3.86,5.25,0.26,65.19,7.72,6,1,0.66,1
14.17,14.69,0.34,134.54,28.34,2,0,0.77,1
9.92,11.73,0.3,130.64,19.84,3,0,0.68,1
9.31,33.26,0.18,119.79,18.62,14,0,0.84,1
7.93,15.89,0.25,108.26,15.87,5,0,1.0,1
3.84,6.38,0.35,40.28,7.69,0,0,0.8,1
3.06,6.3,0.15,49.27,6.12,1,0,0.82,1
3.7,4.77,0.39,53.15,7.39,21,1,0.62,1
3.2,3.68,0.16,48.24,6.41,19,0,0.6,1
11.8,14.78,0.37,120.7,23.61,18,0,0.72,1
5.58,5.62,0.46,78.96,11.15,7,0,0.52,1
1.34,2.95,0.13,35.77,2.68,12,1,0.85,1
14.55,16.06,0.29,177.2,29.1,6,1,0.8,1
13.31,16.14,0.38,167.7,26.63,1,0,0.61,1
13.95,26.75,0.38,137.02,27.9,11,0,0.78,1
14.93,18.64,0.28,166.79,29.85,3,1,1.0,1
3.02,9.21,0.08,43.9,6.04,9,0,0.72,1
6.25,7.42,0.42,66.98,12.49,5,0,0.8,1
11.49,17.7,0.34,149.51,22.99,1,0,0.73,1
10.59,22.57,0.32,140.08,21.18,5,0,0.74,1
2.73,3.68,0.33,46.7,5.46,10,1,0.68,1
12.33,16.86,0.5,153.96,24.66,19,0,1.0,1
3.75,9.22,0.31,48.24,7.51,10,0,0.4,1
3.75,13.73,0.33,50.1,7.49,22,1,0.76,1
8.29,14.41,0.17,109.05,16.57,8,0,0.67,1
9.1,13.44,0.39,90.84,18.2,23,0,0.86,1
8.91,9.82,0.09,67.05,17.82,1,0,0.86,1
1.83,1.93,0.38,33.65,3.65,8,0,0.81,1
13.22,20.45,0.2,122.98,26.45,23,0,0.57,1
4.35,5.34,0.37,46.47,8.7,20,0,0.9,1
2.38,4.1,0.09,37.62,4.76,15,0,0.64,1
13.39,16.54,0.02,174.5,26.77,14,0,0.88,1
14.36,35.57,0.41,178.07,28.71,5,0,0.75,1
13.0,24.61,0.21,125.59,26.0,15,0,0.73,1
12.24,16.86,0.47,142.0,24.48,10,0,0.64,1
10.0,37.94,0.36,80.64,20.0,12,0,0.39,0
8.49,10.72,0.41,107.15,16.97,13,1,0.99,1
1.76,2.01,0.32,34.67,3.52,8,0,0.76,1
6.42,11.69,0.37,84.6,12.85,2,0,0.64,1
5.9,10.08,0.25,76.14,11.81,6,0,0.77,1
4.27,4.8,0.15,48.28,8.53,19,1,0.64,1
10.99,13.21,0.1,139.16,21.98,19,0,0.57,1
7.69,16.5,0.15,89.25,15.38,22,0,0.6,1
1.68,3.4,0.37,37.57,3.35,21,0,0.63,1
3.69,4.86,0.55,40.89,7.39,3,0,0.62,1
10.41,15.48,0.15,116.87,20.81,4,0,0.73,1
1.6,4.32,0.35,31.3,3.21,21,0,0.88,1
12.84,26.62,0.21,161.6,25.69,3,0,0.75,1
7.68,8.3,0.26,109.44,15.36,7,0,0.67,1
7.47,9.75,0.19,60.26,14.94,3,0,0.36,1
9.09,9.19,0.18,111.54,18.18,10,0,0.77,1
12.46,15.1,0.4,91.27,24.92,12,1,0.59,1
5.54,5.8,0.06,80.99,11.09,14,1,0.74,1
10.33,25.07,0.28,80.66,20.66,15,0,0.76,1
8.7,10.5,0.1,75.4,17.41,9,0,0.65,1
4.37,16.49,0.31,49.56,8.74,19,1,0.57,1
13.24,17.58,0.39,153.66,26.48,9,0,0.75,1
12.06,20.04,0.4,105.01,24.13,0,0,0.52,1
10.05,19.7,0.15,112.16,20.1,5,0,1.0,1
12.83,14.31,0.08,135.55,25.67,11,0,0.71,1
13.08,14.68,0.02,122.2,26.15,0,0,0.78,1
10.77,40.38,0.08,114.53,21.54,4,0,0.68,1
12.64,17.87,0.6,93.64,25.27,17,0,0.58,1
10.61,20.18,0.45,138.16,21.23,23,0,0.99,1
10.36,18.45,0.36,86.83,20.72,14,0,0.52,1
9.47,10.83,0.04,125.7,18.94,3,0,0.7,1
11.41,23.66,0.25,118.52,22.83,2,0,0.66,1
2.8,2.92,0.14,46.03,5.6,3,0,0.64,1
13.27,34.5,0.16,110.27,26.55,9,0,0.59,1
13.14,17.59,0.33,106.16,26.28,19,0,0.64,1
0.92,1.23,0.53,27.79,1.85,11,0,0.77,1
12.47,28.41,0.54,105.72,24.95,8,0,0.73,1
2.37,4.8,0.67,38.86,4.74,21,1,0.75,1
5.36,6.12,0.2,63.31,10.72,3,0,0.65,1
11.28,13.73,0.18,97.8,22.56,1,0,0.82,1
2.83,5.7,0.34,39.94,5.66,6,0,0.47,1
12.36,19.0,0.28,165.98,24.72,11,0,0.67,1
12.57,42.42,0.31,134.5,25.13,11,0,0.66,0
7.86,19.33,0.13,105.05,15.72,20,0,0.66,1
0.59,0.96,0.2,23.15,1.19,17,0,0.66,1
4.66,14.82,0.31,43.37,9.32,0,1,0.67,1
9.45,10.7,0.29,101.55,18.89,6,0,0.79,1
14.73,18.68,0.4,178.87,29.45,18,0,0.63,1
9.66,10.09,0.4,109.62,19.32,23,1,0.63,1
4.27,5.54,0.11,59.82,8.53,12,0,0.88,1
9.69,10.15,0.14,77.92,19.39,19,0,0.84,1
8.33,12.51,0.19,118.71,16.66,4,0,0.71,1
11.81,16.86,0.29,122.82,23.62,18,0,0.73,1
2.05,2.09,0.1,31.73,4.1,6,0,0.47,1
11.53,15.77,0.11,111.12,23.07,19,1,0.67,1
8.35,30.57,0.27,65.95,16.7,14,0,0.79,0
14.46,18.24,0.18,134.65,28.93,16,0,0.79,1
5.46,5.87,0.56,74.47,10.91,20,0,0.53,1
9.67,11.42,0.08,90.27,19.35,1,1,0.49,1
14.01,20.37,0.65,120.79,28.03,6,0,0.8,1
1.99,2.64,0.13,37.08,3.97,10,0,0.86,1
14.09,14.19,0.39,139.61,28.18,17,0,0.81,1
10.47,32.94,0.64,106.62,20.95,19,0,1.0,1
1.48,1.98,0.16,32.79,2.97,1,0,0.9,1
4.86,10.52,0.36,45.95,9.73,6,0,0.59,1
10.77,14.75,0.17,109.59,21.54,14,0,0.9,1
1.48,2.09,0.32,37.64,2.95,18,0,0.58,1
8.94,24.49,0.38,112.55,17.88,1,0,0.76,1
5.52,13.62,0.37,58.68,11.03,1,0,0.51,1
9.5,13.27,0.05,112.6,19.01,1,1,0.86,1
1.16,3.36,0.14,28.5,2.33,10,0,0.63,1
13.14,29.27,0.06,103.3,26.27,5,0,1.0,1
14.62,16.68,0.24,172.22,29.23,23,1,0.75,1
14.55,29.37,0.65,114.09,29.1,22,0,0.7,1
11.37,18.46,0.58,145.19,22.74,13,0,0.57,1
2.39,2.5,0.24,38.29,4.77,9,0,0.77,1
11.49,27.35,0.12,138.37,22.99,0,0,0.76,1
0.86,1.58,0.65,25.84,1.71,18,1,0.61,1
0.82,1.16,0.63,27.85,1.64,10,1,0.94,1
5.19,6.36,0.19,53.69,10.38,23,1,0.6,1
7.59,8.19,0.12,59.09,15.17,23,0,0.48,1
11.67,12.46,0.23,144.9,23.34,12,0,0.68,1
10.41,12.5,0.08,134.41,20.82,11,0,0.7,1
6.97,16.54,0.2,97.76,13.93,22,0,0.66,1
4.47,16.63,0.05,43.47,8.94,4,0,0.8,1
14.96,27.81,0.14,174.47,29.92,18,0,0.72,1
6.68,18.75,0.19,92.48,13.36,7,0,0.91,1
7.05,9.0,0.49,70.6,14.09,11,0,0.88,1
2.87,3.85,0.28,43.82,5.75,4,0,0.81,1
12.02,42.49,0.21,114.46,24.05,11,0,0.82,0
10.56,12.03,0.18,105.32,21.12,10,0,0.47,1
3.7,8.48,0.62,60.44,7.4,4,0,0.82,1
1.69,2.95,0.13,33.43,3.39,7,1,0.81,1
10.37,13.81,0.03,93.78,20.73,15,0,0.94,1
9.99,17.46,0.45,79.07,19.98,23,1,0.61,1
4.46,7.68,0.22,63.39,8.92,23,0,0.59,1
14.29,47.75,0.18,99.86,28.58,19,0,0.64,0
2.69,4.88,0.16,34.6,5.38,2,1,0.7,1
6.77,8.22,0.29,86.14,13.54,5,0,0.55,1
14.18,15.15,0.43,159.84,28.36,4,0,0.5,1
6.59,11.76,0.42,62.11,13.17,9,0,0.61,1
9.76,17.19,0.35,134.18,19.52,20,1,0.49,1
6.27,8.06,0.48,85.88,12.53,11,0,0.44,1
4.48,4.68,0.13,63.89,8.95,20,0,0.6,1
14.77,32.8,0.02,171.82,29.54,14,0,0.71,1
6.44,11.09,0.52,70.73,12.87,2,1,0.66,1
13.46,15.9,0.2,130.27,26.93,22,0,0.81,1
3.83,5.42,0.48,62.53,7.67,20,0,0.47,1
3.59,10.78,0.07,38.59,7.18,19,0,0.84,1
0.95,1.32,0.29,30.1,1.9,3,0,0.66,1
9.95,25.51,0.15,100.92,19.9,6,0,0.94,1
5.84,9.24,0.27,68.2,11.69,0,0,0.72,1
13.03,20.15,0.36,114.88,26.07,7,1,0.69,1
7.36,8.12,0.4,88.09,14.72,16,0,0.67,1
14.54,24.36,0.23,161.46,29.08,21,0,0.74,1
3.19,6.94,0.12,39.54,6.38,19,0,0.86,1
13.1,30.94,0.22,137.33,26.19,10,0,0.82,1
11.76,12.99,0.56,117.08,23.52,6,0,0.74,1
11.68,30.87,0.28,142.31,23.36,10,0,0.67,1
12.75,22.39,0.05,132.41,25.5,10,0,0.73,1
11.53,29.55,0.19,112.36,23.07,21,0,1.0,1
9.58,11.54,0.31,103.37,19.16,20,0,0.8,1
2.4,3.97,0.52,40.27,4.81,20,0,0.86,1
0.97,1.89,0.61,31.22,1.94,14,0,0.8,1
13.85,26.6,0.39,119.5,27.7,5,1,0.76,1
9.44,10.62,0.17,69.68,18.88,22,0,0.32,1
12.05,18.11,0.16,136.09,24.1,18,0,0.55,1
7.48,9.49,0.26,89.04,14.96,12,0,0.71,1
2.2,2.39,0.27,45.02,4.4,15,0,0.71,1
2.32,2.5,0.17,33.48,4.63,11,0,0.74,1
10.44,21.03,0.07,110.4,20.88,18,0,0.79,1
6.74,6.99,0.35,60.81,13.48,22,0,0.51,1
3.41,12.68,0.16,47.91,6.82,18,0,0.73,1
7.63,14.32,0.37,100.82,15.26,6,0,0.72,1
1.43,1.55,0.34,35.74,2.86,17,0,0.77,1
8.94,19.6,0.51,116.87,17.88,23,1,0.52,1
4.4,9.68,0.62,58.86,8.8,13,0,0.71,1
12.06,25.29,0.08,133.86,24.13,13,0,0.4,1
5.0,7.05,0.12,64.31,10.0,21,0,0.47,1
7.1,12.27,0.58,83.4,14.2,15,0,0.99,1
0.67,0.84,0.44,27.48,1.34,17,0,0.68,1
1.55,1.68,0.11,30.02,3.1,8,1,0.54,1
6.19,8.19,0.59,69.97,12.38,20,0,0.42,1
7.46,18.49,0.08,89.15,14.92,3,0,0.66,1
9.2,9.69,0.09,115.29,18.4,6,0,0.95,1
4.73,10.55,0.22,68.87,9.46,10,0,0.69,1
10.58,29.18,0.44,81.57,21.15,5,0,0.78,1
12.97,40.86,0.19,105.01,25.94,19,0,0.58,1
11.81,17.56,0.34,154.38,23.62,11,0,0.58,1
1.07,3.2,0.04,28.06,2.15,11,0,0.71,1
7.47,21.09,0.7,57.48,14.93,11,0,0.67,1
2.02,4.26,0.17,32.93,4.04,13,0,0.68,1
4.01,8.69,0.34,67.26,8.02,9,1,0.73,1
14.81,21.06,0.29,126.14,29.61,1,0,0.81,1
2.57,2.98,0.28,43.86,5.13,19,0,0.39,1
7.73,9.42,0.11,98.01,15.47,11,1,0.62,1
9.46,21.18,0.05,110.15,18.93,16,1,0.8,1
10.69,24.62,0.16,101.67,21.37,7,0,0.61,1
8.61,8.84,0.37,89.03,17.23,19,0,0.92,1
0.64,2.5,0.18,26.97,1.28,1,0,0.8,1
5.23,5.75,0.43,70.45,10.47,20,0,0.58,1
8.01,20.03,0.41,61.35,16.01,11,0,0.61,1
1.77,1.85,0.06,31.4,3.55,12,0,0.64,1
5.58,11.02,0.22,59.11,11.17,0,0,0.57,1
0.98,1.69,0.33,27.42,1.96,17,0,0.62,1
1.64,2.1,0.14,34.82,3.28,13,0,0.55,1
6.26,9.06,0.5,67.33,12.51,23,0,0.67,1
2.42,4.96,0.22,46.12,4.85,11,0,0.77,1
8.73,13.12,0.07,92.6,17.46,19,0,0.78,1
10.5,13.15,0.51,109.39,20.99,3,1,0.73,1
12.11,42.98,0.31,116.77,24.22,13,0,0.41,0
3.4,13.17,0.28,44.4,6.8,17,0,0.74,1
2.93,4.93,0.24,49.5,5.86,23,1,0.63,1
2.02,5.78,0.1,33.32,4.03,3,0,0.72,1
9.73,13.0,0.16,115.59,19.46,7,0,0.58,1
10.74,26.17,0.03,113.56,21.49,17,0,0.57,1
0.96,1.67,0.32,25.48,1.92,3,0,0.66,1
14.08,35.34,0.21,92.15,28.15,0,1,0.86,0
1.25,1.9,0.12,27.75,2.51,23,0,0.21,1
8.35,24.77,0.08,106.22,16.7,5,0,0.8,1
10.78,40.33,0.13,102.93,21.56,12,0,0.87,0
13.13,45.53,0.16,159.62,26.26,1,0,0.4,1
10.85,11.24,0.17,112.41,21.71,18,0,0.64,1
12.13,33.99,0.53,83.4,24.25,11,0,0.57,0
5.42,6.94,0.17,79.22,10.84,21,0,0.6,1
12.31,40.92,0.18,162.29,24.63,13,0,0.66,1
1.66,5.02,0.44,29.17,3.32,8,0,0.72,1
13.47,21.33,0.12,107.03,26.95,9,0,0.63,1
8.44,14.1,0.7,104.48,16.88,6,0,0.46,1
12.35,12.82,0.16,167.97,24.7,8,0,0.52,1
7.06,7.36,0.33,98.59,14.12,14,0,0.67,1
9.83,11.78,0.53,75.97,19.66,19,0,0.69,1
8.13,11.59,0.3,95.23,16.27,14,1,0.61,1
11.11,18.79,0.04,127.26,22.22,23,1,0.5,1
1.68,3.26,0.2,35.85,3.37,10,1,0.57,1
1.38,1.43,0.35,32.34,2.75,17,0,0.7,1
4.08,5.81,0.05,48.77,8.17,1,0,0.44,1
2.81,4.11,0.05,47.23,5.63,19,0,0.66,1
13.14,31.0,0.53,152.71,26.28,18,0,0.4,1
3.68,12.91,0.28,53.22,7.36,23,0,0.54,1
14.65,15.28,0.08,144.23,29.3,1,0,0.85,1
5.38,11.1,0.16,55.18,10.77,19,0,0.54,1
3.14,5.4,0.25,47.68,6.28,12,1,0.94,1
11.95,35.57,0.32,90.48,23.9,3,0,0.68,1
10.05,11.45,0.12,75.37,20.1,2,0,0.93,1
7.72,28.53,0.35,100.68,15.45,14,0,0.35,1
8.55,9.77,0.33,103.25,17.11,11,0,0.92,1
10.93,30.77,0.24,124.29,21.86,0,0,0.68,1
3.81,4.17,0.21,63.83,7.63,10,0,0.67,1
14.95,18.75,0.2,134.57,29.89,16,1,0.57,1
14.63,39.18,0.3,134.12,29.27,7,0,0.67,1
9.93,14.72,0.17,98.41,19.86,13,0,0.75,1
3.39,7.0,0.25,48.02,6.79,4,0,0.55,1
10.36,27.01,0.19,109.02,20.73,14,0,0.56,1
1.55,1.73,0.21,36.16,3.09,1,1,0.75,1
0.94,1.71,0.34,26.16,1.89,6,0,0.69,1
4.24,7.72,0.4,54.05,8.47,12,0,0.34,1
7.21,19.1,0.26,81.53,14.42,19,1,0.79,1
13.09,24.36,0.7,100.95,26.18,10,0,0.81,1
11.04,12.22,0.25,129.49,22.09,13,0,0.49,1
11.27,21.57,0.19,80.79,22.54,9,0,0.54,1
6.67,6.92,0.05,80.7,13.34,3,0,0.52,1
5.52,5.75,0.19,55.39,11.03,19,1,0.91,1
5.88,16.39,0.31,49.75,11.76,14,0,0.59,1
14.82,38.7,0.57,126.86,29.64,2,0,0.76,1
1.08,1.21,0.27,28.66,2.16,10,0,0.86,1
13.07,24.0,0.19,160.15,26.14,19,0,0.8,1
8.89,35.1,0.25,89.84,17.78,17,0,0.69,0
6.86,15.06,0.62,98.26,13.72,22,0,0.84,1
11.02,15.78,0.41,140.05,22.03,16,0,0.44,1
7.56,8.9,0.42,67.98,15.11,20,0,0.77,1
13.16,37.61,0.22,100.17,26.33,13,0,0.66,1
13.56,40.73,0.49,110.95,27.12,14,1,0.65,0
6.61,7.03,0.09,69.73,13.23,17,1,0.72,1
4.51,5.55,0.51,61.01,9.03,2,0,0.88,1
9.09,13.13,0.18,73.34,18.18,12,1,0.85,1
13.73,16.6,0.25,139.78,27.46,2,0,0.65,1
3.55,6.22,0.17,52.22,7.11,6,1,0.73,1
9.53,11.64,0.37,111.77,19.07,18,0,0.56,1
9.66,18.26,0.34,105.48,19.32,22,1,0.65,1
11.13,25.7,0.38,139.94,22.26,23,0,0.74,1
2.41,3.02,0.08,42.85,4.82,17,0,0.72,1
10.88,19.26,0.13,144.81,21.76,16,0,0.75,1
13.68,13.87,0.28,155.53,27.36,21,0,0.73,1
3.11,6.06,0.26,45.01,6.21,8,1,0.62,1
3.94,4.19,0.33,45.51,7.89,13,0,0.6,1
14.59,15.36,0.09,94.0,29.17,21,1,0.65,1
3.12,7.24,0.08,37.6,6.25,7,0,0.74,1
12.89,15.19,0.28,101.56,25.78,13,0,0.73,1
7.64,13.29,0.71,69.76,15.28,4,0,0.77,1
4.08,4.35,0.11,61.64,8.17,23,0,0.7,1
13.13,22.34,0.07,121.1,26.25,19,0,0.69,1
6.96,8.61,0.24,70.59,13.91,13,0,0.58,1
7.96,13.27,0.5,62.74,15.93,11,1,0.73,1
5.71,13.57,0.46,70.07,11.42,21,0,0.87,1
9.1,22.77,0.22,104.52,18.2,7,1,0.53,1
2.87,5.05,0.4,52.0,5.74,0,1,0.74,1
6.17,7.56,0.11,72.57,12.34,15,1,0.85,1
14.56,20.68,0.51,93.57,29.11,21,0,0.56,1
4.24,5.54,0.18,43.15,8.49,7,0,0.73,1
10.02,21.71,0.29,89.13,20.05,4,0,0.65,1
5.22,8.53,0.29,51.16,10.43,2,0,0.54,1
11.72,41.35,0.32,141.77,23.43,12,0,0.69,0
2.4,2.78,0.11,33.8,4.8,4,0,0.75,1
14.56,14.67,0.72,109.2,29.12,2,0,0.8,1
7.08,12.75,0.14,88.45,14.16,21,0,0.72,1
3.92,15.19,0.53,46.19,7.85,13,0,0.51,1
1.57,4.15,0.38,38.45,3.13,5,0,0.88,1
2.96,4.01,0.2,52.7,5.92,20,0,0.55,1
8.04,11.33,0.07,102.07,16.07,6,0,0.52,1
5.39,6.41,0.2,59.87,10.77,22,0,0.77,1
12.52,28.43,0.08,87.57,25.04,5,0,0.82,1
6.75,8.2,0.18,69.63,13.5,13,0,0.55,1
4.11,5.36,0.13,51.36,8.21,21,0,0.52,1
9.45,19.2,0.07,75.67,18.9,3,0,0.87,1
10.75,16.31,0.16,82.82,21.5,19,0,0.3,1
2.92,8.11,0.55,48.28,5.84,18,0,0.44,1
2.93,4.97,0.14,39.42,5.86,9,0,0.74,1
1.03,1.13,0.17,30.06,2.06,22,0,0.56,1
11.18,19.75,0.08,118.79,22.36,12,0,0.66,1
10.13,11.51,0.34,134.52,20.25,11,0,0.45,1
7.38,10.66,0.21,98.1,14.76,13,1,0.73,1
12.74,32.34,0.26,97.2,25.48,12,0,0.6,1
12.18,17.76,0.27,132.94,24.36,18,0,0.74,1
8.99,14.28,0.21,106.03,17.98,8,0,0.88,1
13.09,23.84,0.51,164.44,26.18,15,1,0.95,1
3.48,10.26,0.17,53.06,6.97,8,0,0.84,1
2.12,3.77,0.44,32.71,4.25,5,0,0.72,1
4.41,14.48,0.12,50.04,8.82,13,0,0.72,1
1.33,4.1,0.36,32.56,2.66,6,0,0.49,1
8.2,14.6,0.05,113.37,16.4,18,1,0.73,1
14.08,29.39,0.18,178.28,28.16,2,0,0.62,1
1.07,1.13,0.32,28.04,2.14,14,0,0.79,1
2.27,4.27,0.21,44.56,4.54,11,0,0.67,1
7.06,8.62,0.66,80.54,14.11,0,0,0.86,1
14.04,21.68,0.3,135.85,28.08,10,1,0.42,1
5.08,6.53,0.25,57.91,10.17,21,0,0.79,1
7.85,17.65,0.3,96.57,15.71,2,0,0.85,1
1.1,1.15,0.28,30.14,2.21,16,0,0.68,1
2.65,4.09,0.18,40.21,5.3,12,1,0.68,1
14.81,16.95,0.19,173.09,29.61,7,0,0.68,1
14.49,27.67,0.37,130.96,28.99,12,0,0.78,1
0.57,1.76,0.31,25.2,1.14,7,0,0.89,1
14.3,18.93,0.09,130.79,28.6,7,0,0.64,1
9.77,38.18,0.3,76.83,19.53,23,0,0.82,0
13.08,21.58,0.18,100.19,26.17,12,0,0.62,1
7.09,17.98,0.28,88.08,14.19,11,1,0.71,1
7.98,11.07,0.23,105.17,15.95,4,0,0.65,1
7.59,7.71,0.07,82.83,15.18,12,0,0.76,1
10.17,17.0,0.35,94.03,20.34,22,1,0.69,1
2.52,2.93,0.49,38.57,5.05,11,0,0.55,1
0.93,1.48,0.54,28.58,1.87,18,0,0.58,1
4.96,7.98,0.12,61.08,9.93,9,0,0.8,1
10.72,11.31,0.18,73.64,21.44,14,0,0.59,1
3.43,3.74,0.14,55.64,6.85,1,0,0.54,1
10.26,12.23,0.16,81.55,20.53,5,0,0.79,1
14.56,30.84,0.24,161.61,29.13,15,0,0.81,1
1.86,2.83,0.23,33.79,3.72,0,0,0.56,1
10.25,24.53,0.51,112.75,20.51,1,0,0.57,1
6.93,11.9,0.14,96.18,13.87,22,1,0.73,1
13.09,21.35,0.46,99.57,26.18,22,0,0.82,1
3.07,3.51,0.32,52.05,6.14,14,0,0.62,1
10.54,11.43,0.51,75.54,21.09,15,1,0.64,1
12.65,22.56,0.27,164.87,25.31,7,0,0.58,1
14.2,53.92,0.18,111.02,28.39,13,0,0.91,0
10.41,11.61,0.03,129.91,20.81,23,0,0.69,1
7.71,20.25,0.13,62.17,15.42,9,0,0.72,1
9.46,13.2,0.12,88.95,18.92,14,0,0.66,1
13.1,48.74,0.17,143.59,26.2,2,0,0.65,0
8.77,15.96,0.25,104.33,17.55,5,1,0.81,1
0.94,0.95,0.39,29.3,1.88,1,0,0.7,1
14.0,43.0,0.42,124.37,28.0,8,0,0.82,0
10.5,18.49,0.27,121.43,21.0,6,0,0.82,1
10.31,21.46,0.09,102.47,20.62,18,0,0.62,1
3.63,3.91,0.28,52.51,7.25,5,0,0.57,1
10.05,11.15,0.25,108.78,20.11,0,0,0.58,1
6.21,14.5,0.27,58.37,12.42,22,1,0.28,1
9.94,31.98,0.5,128.64,19.89,13,0,0.92,1
2.05,2.84,0.09,42.64,4.09,20,0,0.69,1
10.04,19.99,0.23,84.51,20.08,7,0,0.9,1
14.99,19.88,0.08,138.67,29.98,7,0,0.93,1
1.2,4.37,0.17,29.9,2.4,5,0,0.8,1
14.67,41.91,0.08,149.71,29.34,14,0,0.65,0
6.4,8.37,0.3,53.0,12.8,18,0,0.73,1
13.13,32.07,0.44,155.35,26.25,19,0,0.69,1
11.84,13.26,0.3,150.69,23.69,16,0,0.81,1
8.72,29.67,0.07,72.29,17.44,5,0,0.92,1
11.21,27.23,0.2,146.38,22.42,6,0,0.83,1
13.24,13.25,0.16,165.05,26.48,9,1,0.9,1
6.36,11.06,0.04,75.94,12.72,8,0,0.62,1
5.24,6.74,0.57,56.29,10.48,4,0,0.7,1
10.18,26.31,0.55,85.69,20.36,1,0,0.71,1
12.21,17.27,0.12,122.89,24.43,12,0,0.91,1
11.55,14.54,0.36,118.78,23.11,22,1,0.7,1
12.07,24.84,0.25,135.41,24.14,10,0,0.7,1
6.82,7.82,0.23,92.33,13.63,10,0,0.61,1
12.36,17.59,0.72,162.64,24.72,22,0,0.73,1
2.24,4.14,0.34,43.72,4.49,14,0,0.75,1
8.4,12.56,0.14,115.4,16.79,13,0,0.76,1
0.58,0.85,0.22,24.96,1.17,20,0,0.8,1
5.21,13.92,0.2,47.45,10.41,10,0,0.65,1
5.81,10.53,0.35,51.18,11.63,12,0,0.86,1
6.24,12.3,0.17,62.96,12.49,17,0,0.5,1
10.58,19.22,0.39,118.41,21.17,6,0,0.97,1
6.13,7.47,0.29,65.06,12.27,16,0,0.36,1
7.01,11.45,0.03,63.18,14.01,10,0,0.42,1
3.94,4.13,0.1,63.2,7.89,21,0,0.76,1
5.91,12.57,0.14,90.32,11.82,5,0,0.55,1
3.8,6.76,0.22,39.42,7.59,13,0,0.69,1
1.56,1.86,0.13,28.78,3.12,5,1,0.72,1
9.25,14.03,0.11,98.58,18.5,13,0,0.97,1
10.19,15.43,0.39,95.03,20.38,18,0,0.86,1
9.48,32.7,0.42,119.33,18.97,2,0,0.51,1
7.22,13.15,0.23,89.17,14.44,16,0,0.32,1
6.01,13.26,0.21,52.92,12.01,19,0,0.74,1
13.02,13.02,0.22,134.75,26.04,6,0,0.79,1
8.03,16.68,0.55,79.04,16.05,16,0,0.71,1
7.45,8.15,0.11,107.56,14.9,9,0,0.66,1
0.87,1.15,0.66,27.26,1.74,17,0,0.65,1
5.45,10.77,0.16,82.62,10.9,17,0,0.53,1
6.01,9.14,0.2,51.33,12.03,20,0,0.44,1
6.28,7.14,0.2,55.96,12.57,12,1,0.55,1
8.91,9.77,0.12,88.66,17.82,7,0,0.59,1
8.24,22.25,0.06,112.33,16.47,4,1,1.0,1
9.31,18.46,0.18,102.08,18.63,0,0,0.73,1
11.59,23.12,0.25,144.82,23.18,16,0,0.65,1
12.29,43.65,0.48,105.83,24.58,4,0,0.73,0
10.91,15.62,0.2,83.08,21.83,15,0,0.82,1
14.36,16.11,0.24,116.5,28.71,17,0,0.7,1
0.76,1.43,0.21,27.27,1.53,2,0,0.72,1
3.34,4.15,0.41,57.06,6.68,17,0,0.88,1
0.61,0.85,0.21,24.99,1.22,8,0,1.0,1
9.89,18.6,0.34,82.84,19.78,20,1,0.63,1
13.52,38.0,0.17,147.96,27.04,13,0,0.43,0
4.03,5.15,0.26,45.71,8.06,16,0,0.55,1
13.94,15.65,0.46,145.37,27.88,18,0,0.59,1
1.37,1.8,0.21,27.85,2.75,14,0,0.69,1
14.05,53.34,0.06,170.02,28.1,7,0,0.64,0
5.6,13.58,0.3,79.55,11.2,3,0,0.96,1
1.97,6.52,0.2,37.32,3.94,23,0,0.66,1
7.55,11.13,0.22,59.74,15.09,14,0,0.74,1
4.22,5.17,0.29,49.4,8.45,16,0,0.47,1
4.63,13.91,0.45,47.64,9.26,23,0,0.58,1
4.96,5.64,0.14,62.94,9.91,10,0,0.32,1
12.14,18.22,0.25,89.37,24.29,11,0,0.83,1
8.32,10.84,0.32,112.23,16.64,13,0,0.94,1
5.01,5.12,0.39,74.91,10.03,6,0,0.59,1
9.35,29.89,0.14,76.97,18.7,2,0,0.79,1
10.88,11.76,0.23,127.36,21.77,10,0,0.96,1
4.45,12.92,0.1,63.98,8.91,1,0,0.9,1
6.5,11.93,0.23,70.52,12.99,16,0,0.74,1
2.27,2.55,0.31,33.77,4.53,9,0,0.77,1
3.13,3.36,0.12,38.52,6.25,22,0,0.65,1
10.38,16.48,0.36,125.59,20.75,0,0,0.5,1
3.13,4.5,0.36,40.48,6.26,21,1,0.93,1
8.11,10.39,0.27,94.85,16.23,12,0,0.79,1
10.78,12.33,0.05,139.25,21.56,13,0,0.73,1
2.05,6.01,0.32,38.76,4.1,16,0,0.28,1
8.73,10.18,0.07,123.12,17.45,9,1,0.45,1
4.22,6.91,0.32,60.17,8.44,19,0,0.78,1
14.46,24.6,0.28,124.16,28.92,14,1,0.49,1
7.51,13.23,0.27,102.38,15.02,20,0,0.69,1
12.19,19.29,0.06,107.46,24.37,16,0,0.65,1
8.48,8.84,0.26,120.05,16.96,12,0,0.53,1
1.13,1.71,0.35,29.42,2.26,7,1,0.62,1
9.68,10.03,0.13,133.0,19.36,6,0,0.99,1
14.3,37.11,0.41,109.85,28.59,16,0,0.72,1
9.22,11.63,0.11,66.85,18.45,4,0,0.68,1
12.38,14.41,0.29,98.89,24.76,3,0,0.9,1
13.32,17.54,0.51,95.78,26.64,16,0,0.59,1
3.81,5.4,0.23,58.6,7.61,3,0,0.6,1
3.57,5.31,0.06,44.49,7.15,19,0,0.42,1
9.36,10.45,0.4,108.69,18.72,21,0,0.9,1
6.46,7.46,0.27,82.54,12.92,19,0,0.74,1
12.68,37.1,0.58,144.47,25.36,20,0,0.4,1
13.55,15.29,0.14,166.73,27.1,10,1,0.47,1
5.62,10.03,0.34,53.99,11.25,9,0,0.75,1
3.93,8.94,0.39,41.06,7.87,2,0,0.92,1
11.82,13.1,0.08,81.55,23.64,15,0,0.57,1
4.48,7.81,0.17,45.68,8.97,12,0,0.54,1
12.43,14.51,0.12,115.13,24.86,6,0,0.38,1
6.64,14.85,0.47,98.21,13.29,10,0,0.53,1
10.18,40.24,0.28,96.07,20.36,18,0,0.78,0
1.89,3.03,0.36,35.4,3.77,20,0,0.64,1
9.55,29.36,0.42,122.15,19.09,1,0,0.83,1
7.05,8.64,0.03,100.59,14.1,9,0,0.53,1
9.01,19.7,0.59,126.27,18.01,10,0,0.86,1
2.94,5.04,0.15,51.67,5.87,23,1,0.5,1
11.18,35.48,0.43,115.27,22.37,12,0,0.83,1
13.01,27.98,0.5,105.95,26.02,19,0,0.63,1
3.64,4.36,0.06,53.47,7.29,0,0,0.74,1
1.89,5.19,0.44,32.04,3.78,17,0,0.79,1
0.84,1.15,0.2,24.54,1.69,6,0,0.43,1
9.81,10.46,0.31,132.17,19.62,6,0,0.56,1
9.3,12.24,0.26,98.08,18.61,1,0,0.75,1
8.43,9.82,0.06,92.12,16.85,7,0,0.6,1
3.86,11.65,0.42,55.79,7.73,10,0,0.65,1
6.17,14.08,0.52,70.33,12.34,16,0,0.68,1
9.12,9.9,0.26,93.97,18.24,14,0,0.43,1
7.7,9.8,0.04,107.86,15.41,11,0,0.51,1
14.82,20.31,0.23,178.84,29.65,19,0,0.7,1
2.48,3.31,0.42,36.08,4.96,7,0,0.73,1
10.58,18.87,0.5,94.51,21.16,4,0,1.0,1
6.36,22.45,0.22,81.24,12.73,23,0,0.59,1
6.71,8.0,0.12,80.36,13.42,7,0,0.7,1
10.91,14.37,0.37,133.01,21.81,12,0,0.59,1
10.54,17.43,0.43,126.39,21.08,13,1,0.71,1
14.87,16.08,0.54,168.13,29.75,13,0,1.0,1
2.36,4.7,0.4,46.36,4.72,0,0,0.83,1
2.01,4.27,0.25,40.83,4.02,0,0,0.73,1
11.0,12.16,0.11,93.72,22.01,8,0,0.57,1
8.89,10.48,0.08,118.73,17.77,6,0,0.53,1
4.48,7.03,0.35,52.89,8.95,8,1,0.84,1
1.65,4.75,0.22,38.79,3.3,1,0,0.75,1
1.74,4.24,0.49,38.76,3.48,7,0,0.44,1
13.47,18.14,0.39,94.31,26.93,0,0,0.82,1
3.28,6.09,0.15,54.13,6.56,3,0,0.5,1
5.19,5.91,0.54,64.11,10.38,23,1,0.87,1
3.79,3.93,0.42,64.83,7.57,11,0,0.47,1
5.65,6.61,0.34,66.36,11.29,3,0,0.63,1
1.51,2.83,0.37,28.24,3.01,18,0,0.81,1
8.03,9.54,0.57,76.6,16.05,6,0,0.6,1
1.48,2.88,0.3,31.86,2.96,20,0,0.68,1
12.11,32.25,0.25,130.68,24.21,0,1,0.68,1
3.89,14.14,0.27,43.58,7.78,10,0,0.62,1
8.33,15.45,0.44,91.69,16.66,3,0,0.9,1
13.26,14.3,0.27,131.19,26.52,3,0,0.84,1
9.94,23.15,0.28,127.89,19.88,11,0,0.33,1
8.23,20.32,0.09,78.56,16.46,16,0,0.89,1
5.2,5.32,0.06,62.39,10.41,10,0,0.61,1
5.33,19.83,0.18,61.14,10.66,4,0,0.99,1
10.21,12.16,0.17,116.21,20.42,1,1,0.57,1
14.92,30.38,0.43,181.88,29.83,23,0,0.59,1
10.1,36.3,0.14,118.23,20.19,8,0,0.65,1
8.59,9.15,0.22,90.9,17.18,15,1,0.83,1
11.09,31.28,0.42,125.01,22.19,17,0,0.64,1
7.25,10.91,0.28,72.57,14.49,11,0,0.73,1
1.37,3.01,0.16,28.24,2.74,11,0,0.77,1
8.65,28.95,0.04,82.63,17.31,3,1,0.62,1
14.39,50.05,0.28,136.61,28.77,17,1,1.0,0
3.04,9.04,0.4,44.56,6.08,20,0,0.66,1
10.51,34.61,0.45,126.77,21.01,22,1,0.58,0
3.41,4.16,0.55,59.44,6.83,20,0,0.69,1
8.27,13.46,0.4,83.86,16.54,15,0,0.89,1
1.9,3.75,0.49,30.66,3.8,4,0,0.66,1
7.03,12.47,0.11,56.8,14.06,1,0,0.75,1
11.46,12.11,0.63,77.64,22.93,12,0,0.64,1
5.54,5.94,0.42,84.08,11.08,10,0,0.82,1
10.14,12.89,0.42,141.38,20.28,2,0,0.24,1
12.03,13.17,0.31,84.5,24.07,5,0,0.77,1
13.94,28.47,0.17,124.68,27.89,13,0,0.68,1
3.9,7.28,0.13,57.8,7.8,5,1,0.93,1
6.29,8.86,0.13,59.33,12.58,12,0,0.73,1
2.71,3.78,0.31,44.83,5.42,0,0,0.62,1
14.89,24.36,0.32,179.26,29.78,16,0,0.8,1
13.94,25.33,0.5,173.45,27.88,10,0,0.71,1
8.33,8.42,0.39,102.84,16.66,1,0,0.68,1
12.71,14.68,0.5,90.82,25.42,1,0,0.86,1
8.05,13.98,0.2,79.91,16.11,15,0,0.78,1
9.54,12.0,0.32,132.32,19.08,11,0,0.71,1
1.79,3.96,0.64,31.38,3.58,8,0,0.97,1
11.45,35.22,0.1,113.64,22.9,4,0,0.53,1
2.35,4.57,0.16,37.26,4.7,21,1,0.72,1
12.48,22.6,0.6,100.34,24.96,13,0,0.85,1
11.84,45.12,0.39,106.01,23.68,2,0,0.3,0
10.78,12.52,0.56,88.18,21.55,6,0,0.32,1
1.02,1.97,0.18,31.41,2.05,17,0,0.52,1
4.9,7.14,0.1,50.45,9.79,20,0,0.92,1
4.32,14.13,0.21,60.41,8.63,14,0,0.88,1
5.72,15.01,0.58,86.35,11.44,3,0,0.86,1
1.77,1.93,0.6,40.66,3.54,23,0,0.82,1
14.09,19.94,0.21,149.63,28.17,12,0,0.74,1
8.53,8.86,0.51,78.83,17.06,17,0,0.88,1
4.93,4.93,0.48,53.21,9.86,15,0,0.67,1
6.26,11.83,0.33,84.02,12.51,0,0,0.61,1
6.98,14.73,0.17,102.87,13.97,1,0,0.98,1
9.21,10.3,0.33,71.04,18.42,1,0,0.68,1
7.98,7.99,0.04,103.97,15.95,15,0,0.79,1
13.83,19.15,0.21,101.06,27.66,7,1,0.93,1
7.71,9.1,0.28,74.61,15.41,0,0,0.65,1
14.89,17.8,0.1,153.48,29.77,14,0,0.81,1
12.85,24.87,0.19,110.95,25.69,16,0,0.63,1
3.52,5.18,0.15,53.65,7.05,16,0,0.73,1
13.99,16.0,0.13,130.83,27.99,2,0,0.94,1
2.19,2.86,0.55,34.29,4.37,20,0,0.74,1
12.35,46.46,0.53,127.68,24.71,23,0,0.74,0
6.02,11.98,0.22,51.11,12.04,23,0,0.62,1
13.23,36.92,0.28,154.79,26.46,11,0,0.89,1
13.09,30.81,0.34,133.28,26.17,4,0,0.95,1
12.19,13.12,0.23,161.68,24.37,12,0,0.76,1
11.96,43.06,0.2,88.38,23.91,20,0,0.62,0
4.92,11.85,0.24,69.8,9.84,6,0,0.54,1
1.67,3.47,0.04,31.89,3.35,0,0,0.59,1
6.34,8.9,0.24,68.28,12.69,16,0,0.56,1
3.02,4.64,0.34,42.44,6.03,12,1,0.8,1
10.58,25.57,0.13,99.39,21.15,10,0,0.4,1
5.52,14.79,0.19,64.24,11.04,16,0,0.7,1
14.65,34.25,0.29,95.39,29.29,23,0,0.64,0
9.79,15.62,0.53,127.02,19.59,23,0,0.88,1
12.43,27.41,0.24,158.83,24.85,12,1,0.78,1
2.42,2.52,0.27,32.78,4.84,3,0,0.57,1
13.0,21.74,0.13,155.61,26.0,4,0,0.67,1
13.88,47.2,0.27,96.42,27.76,22,0,0.83,0
7.56,9.49,0.33,100.58,15.12,13,1,0.7,1
9.29,18.71,0.25,106.32,18.58,15,0,0.34,1
11.59,15.66,0.06,102.8,23.18,5,0,0.68,1
3.04,6.6,0.28,48.22,6.07,1,0,0.42,1
7.79,11.48,0.15,86.55,15.57,12,0,0.67,1
6.28,7.58,0.02,79.35,12.56,22,0,0.91,1
2.62,2.77,0.14,41.84,5.24,17,0,0.73,1
5.83,13.07,0.42,80.68,11.66,3,0,0.71,1
1.49,2.97,0.15,27.91,2.98,15,0,0.56,1
0.87,1.46,0.35,26.48,1.75,3,0,0.69,1
2.46,2.6,0.26,41.93,4.92,15,1,0.62,1
14.47,15.62,0.24,151.89,28.93,20,0,0.81,1
8.47,26.68,0.17,72.39,16.94,16,0,0.66,1
14.5,41.57,0.52,100.09,29.01,2,0,0.76,0
6.77,10.89,0.57,54.85,13.54,23,1,0.68,1
5.02,15.22,0.31,59.62,10.04,5,0,0.71,1
7.84,15.4,0.31,77.32,15.68,18,0,0.65,1
6.87,19.02,0.11,81.68,13.75,1,0,0.64,1
2.03,2.8,0.26,36.56,4.06,21,0,0.7,1
9.79,10.18,0.26,95.97,19.58,13,0,0.61,1
3.63,3.64,0.13,59.61,7.27,2,1,0.91,1
9.48,17.85,0.59,108.68,18.97,6,0,0.44,1
9.93,14.2,0.32,114.54,19.86,22,0,0.83,1
2.7,3.03,0.36,40.75,5.41,10,0,0.95,1
1.39,4.11,0.27,34.5,2.78,14,0,0.64,1
11.82,15.41,0.36,91.69,23.64,17,1,0.67,1
7.17,12.88,0.21,76.0,14.33,3,1,0.56,1
1.34,3.32,0.39,27.16,2.69,2,1,0.87,1
14.93,27.04,0.16,106.69,29.85,15,0,0.82,1
1.34,4.36,0.44,27.45,2.68,7,0,0.54,1
10.58,13.71,0.21,105.58,21.16,7,0,0.49,1
14.76,33.59,0.36,165.88,29.53,3,0,0.66,1
3.97,8.21,0.28,48.53,7.94,15,0,0.8,1
2.56,7.52,0.13,33.29,5.13,3,1,0.79,1
2.26,2.52,0.54,42.49,4.52,5,0,0.7,1
4.9,7.9,0.24,51.6,9.79,21,0,0.75,1
1.97,2.89,0.3,39.77,3.93,5,0,0.7,1
10.54,15.56,0.42,73.22,21.07,17,0,0.62,1
1.4,2.52,0.45,30.08,2.81,11,0,0.72,1
7.89,20.0,0.48,93.73,15.77,7,0,0.57,1
14.95,18.49,0.18,185.94,29.9,13,0,0.86,1
12.3,35.63,0.18,146.46,24.61,6,1,0.63,1
9.42,28.73,0.24,96.75,18.84,1,0,0.63,1
4.94,6.31,0.49,69.55,9.88,7,0,0.42,1
9.55,23.48,0.61,103.65,19.09,10,0,0.63,1
8.14,16.96,0.37,107.07,16.28,16,0,0.71,1
6.68,11.01,0.05,89.48,13.36,9,0,0.46,1
2.4,4.08,0.59,48.34,4.79,6,0,0.87,1
13.36,17.09,0.35,96.59,26.71,5,0,0.54,1
7.02,9.79,0.21,71.86,14.04,8,0,0.71,1
3.32,4.53,0.26,41.08,6.64,18,1,0.83,1
5.83,7.42,0.3,74.92,11.67,4,0,0.43,1
6.5,13.86,0.57,82.76,13.01,4,0,0.52,1
12.5,25.42,0.47,100.33,25.0,21,0,0.74,1
11.14,19.25,0.06,108.55,22.27,2,1,0.79,1
11.65,24.25,0.28,127.4,23.31,3,1,0.31,1
0.66,0.67,0.13,26.34,1.32,11,0,0.73,1
6.53,7.59,0.5,57.37,13.07,5,0,0.59,1
7.48,20.03,0.44,105.62,14.96,20,0,0.71,1
0.78,3.06,0.16,24.08,1.56,9,0,0.69,1
4.27,15.13,0.31,70.4,8.53,7,0,0.83,1
11.52,26.61,0.54,103.14,23.05,22,0,0.6,1
2.49,7.41,0.42,37.95,4.98,16,0,0.96,1
8.26,12.71,0.25,87.11,16.52,5,0,0.82,1
3.62,4.05,0.22,55.71,7.24,4,0,0.64,1
0.68,0.84,0.3,24.13,1.35,9,0,0.58,1
4.0,9.71,0.59,47.12,7.99,11,0,0.81,1
14.65,26.66,0.18,191.86,29.3,13,0,0.71,1
12.12,19.21,0.43,155.02,24.24,2,0,0.84,1
14.41,16.81,0.09,113.5,28.83,19,0,0.75,1
7.57,8.61,0.36,88.25,15.15,3,0,0.34,1
2.09,2.24,0.07,33.44,4.18,3,0,0.64,1
8.45,13.36,0.37,94.75,16.89,7,0,0.71,1
7.09,9.2,0.43,73.59,14.18,3,0,0.43,1
12.74,38.17,0.17,116.04,25.49,18,0,0.85,1
1.92,2.85,0.52,38.16,3.84,14,0,0.64,1
7.58,17.36,0.44,71.26,15.16,12,1,0.5,1
2.68,4.66,0.25,40.95,5.35,4,0,0.6,1
5.21,7.18,0.43,79.77,10.42,14,0,0.63,1
11.19,25.28,0.03,135.13,22.38,17,0,0.75,1
7.4,25.6,0.57,76.87,14.8,4,0,0.84,1
5.95,23.09,0.07,59.34,11.9,17,0,0.46,1
6.22,23.33,0.14,79.79,12.44,9,0,0.78,1
7.16,27.95,0.02,96.3,14.32,17,1,0.53,1
11.88,35.71,0.31,151.01,23.77,6,0,0.74,1
13.44,31.27,0.09,140.24,26.87,9,0,0.47,1
14.35,34.51,0.38,143.68,28.7,3,1,0.84,1
11.91,12.03,0.28,139.55,23.82,21,0,0.8,1
5.07,10.58,0.07,51.61,10.15,8,1,0.79,1
10.48,30.32,0.29,134.89,20.96,12,0,0.8,1
6.85,10.38,0.18,57.77,13.69,15,0,0.65,1
4.19,4.69,0.4,58.66,8.39,12,0,0.73,1
12.69,16.73,0.12,135.86,25.39,2,0,0.66,1
1.06,2.24,0.22,27.59,2.11,14,1,0.98,1
13.58,20.23,0.2,91.25,27.15,16,0,0.97,1
7.19,9.15,0.32,92.09,14.38,2,0,0.59,1
9.74,12.23,0.17,70.35,19.48,2,0,1.0,1
10.06,13.42,0.52,82.95,20.12,18,0,0.86,1
13.48,14.93,0.42,138.75,26.96,3,0,0.98,1
9.73,10.78,0.34,132.69,19.46,2,0,0.5,1
9.4,13.74,0.58,71.35,18.8,20,0,0.52,1
1.47,2.56,0.04,33.27,2.93,15,1,0.89,1
8.02,10.96,0.41,78.54,16.03,23,0,0.45,1
2.68,3.1,0.45,45.93,5.35,18,0,0.66,1
11.19,44.02,0.19,150.62,22.39,5,0,0.81,1
7.93,7.98,0.32,74.54,15.85,16,1,0.83,1
10.36,26.77,0.34,141.16,20.73,3,0,0.79,1
1.1,1.83,0.1,32.25,2.21,16,0,0.84,1
1.73,1.91,0.4,36.0,3.46,1,0,0.49,1
10.89,26.0,0.47,132.22,21.77,18,0,0.61,1
1.55,2.54,0.24,37.08,3.09,20,0,0.84,1
1.53,4.39,0.11,36.29,3.07,8,0,0.71,1
0.68,1.24,0.09,24.92,1.35,2,0,0.57,1
14.37,37.53,0.17,173.58,28.74,12,0,0.84,1
11.19,21.41,0.51,100.54,22.39,23,0,0.62,1
5.62,10.61,0.34,82.23,11.24,17,1,0.68,1
4.8,4.82,0.3,52.58,9.6,19,1,0.7,1
5.57,5.59,0.36,70.17,11.14,14,1,0.69,1
11.73,34.91,0.46,135.57,23.46,1,0,0.8,1
10.09,12.7,0.33,100.52,20.18,20,1,0.76,1
3.19,11.03,0.76,53.38,6.37,11,0,0.51,1
3.02,11.09,0.29,54.71,6.05,6,0,0.66,1
1.93,5.86,0.5,32.15,3.85,10,0,0.64,1
10.07,10.34,0.57,72.73,20.15,21,0,0.45,1
11.58,12.12,0.35,128.72,23.17,14,0,0.79,1
4.34,10.98,0.22,60.02,8.69,6,0,1.0,1
0.8,2.16,0.19,25.94,1.61,21,0,0.92,1
1.69,3.93,0.25,37.76,3.38,7,0,0.82,1
14.53,22.83,0.26,176.72,29.07,22,1,0.43,1
4.78,7.06,0.43,55.04,9.57,22,0,0.67,1
11.65,28.0,0.19,133.93,23.31,23,0,0.9,1
9.56,11.69,0.17,110.74,19.12,11,0,0.91,1
6.04,12.52,0.09,64.67,12.08,5,0,0.75,1
3.48,3.7,0.54,61.04,6.96,13,0,0.64,1
2.26,3.04,0.3,36.78,4.52,4,0,0.65,1
9.42,16.31,0.06,107.98,18.84,3,0,0.73,1
11.73,13.93,0.25,109.88,23.46,23,0,0.35,1
9.84,11.39,0.16,70.0,19.67,3,0,0.58,1
8.19,17.5,0.38,66.2,16.38,8,0,0.38,1
1.11,2.2,0.0,27.34,2.22,14,0,0.39,1
14.54,15.28,0.19,175.4,29.09,17,0,0.43,1
12.08,32.34,0.11,117.79,24.16,6,0,0.73,1
4.75,16.85,0.22,63.28,9.49,19,0,0.56,1
14.71,24.91,0.36,190.73,29.42,15,0,0.69,1
9.23,10.84,0.4,75.63,18.45,10,0,0.71,1
8.95,10.79,0.35,118.69,17.89,3,0,0.49,1
11.35,12.08,0.14,106.86,22.69,7,0,0.48,1
12.27,18.88,0.12,110.34,24.54,2,0,0.53,1
10.02,30.82,0.12,113.96,20.04,20,0,0.69,1
2.36,3.41,0.2,46.62,4.71,4,0,0.87,1
5.4,6.48,0.04,60.21,10.81,2,0,0.27,1
13.96,43.62,0.07,164.18,27.91,19,0,0.88,1
3.76,9.9,0.02,39.29,7.51,8,0,0.84,1
5.9,22.75,0.07,75.2,11.79,2,0,0.53,1
6.77,9.73,0.14,83.69,13.53,9,0,0.67,1
6.87,7.51,0.15,81.1,13.74,16,1,0.71,1
9.39,12.47,0.05,128.57,18.78,20,0,0.69,1
14.17,14.37,0.3,184.0,28.35,20,0,0.66,1
3.99,13.42,0.4,49.5,7.98,10,0,0.83,1
2.26,2.44,0.53,38.53,4.52,8,1,0.54,1
3.36,3.91,0.44,55.47,6.73,10,1,0.8,1
13.36,27.51,0.17,165.73,26.72,23,0,0.69,1
9.86,10.06,0.42,98.18,19.73,6,0,0.55,1
4.65,9.97,0.3,54.58,9.29,0,0,0.61,1
12.33,13.45,0.34,152.49,24.66,13,0,0.29,1
12.99,14.27,0.16,119.22,25.98,10,0,0.88,1
12.77,15.61,0.1,120.11,25.55,13,0,0.6,1
13.82,20.55,0.21,102.24,27.65,22,1,0.59,1
4.16,12.23,0.08,56.59,8.31,17,0,0.53,1
11.45,17.64,0.35,103.4,22.9,8,0,0.88,1
7.18,13.87,0.23,85.56,14.36,11,1,0.58,1
12.71,15.06,0.25,123.42,25.42,13,0,0.71,1
11.06,13.51,0.52,133.25,22.13,11,1,0.38,1
11.76,12.6,0.11,101.66,23.52,2,1,1.0,1
10.01,38.35,0.03,82.13,20.03,8,0,0.57,0
3.07,3.59,0.34,50.48,6.15,15,0,0.41,1
8.4,8.81,0.2,84.61,16.81,20,0,0.77,1
14.78,17.55,0.29,152.19,29.56,3,0,0.63,1
14.09,40.54,0.4,183.29,28.18,20,0,0.73,0
1.13,3.62,0.71,29.45,2.25,12,0,0.91,1
2.89,10.88,0.47,37.53,5.78,17,0,0.55,1
2.41,3.34,0.23,39.25,4.82,7,0,0.62,1
11.03,15.27,0.13,112.07,22.05,23,0,0.64,1
12.36,12.48,0.3,148.05,24.72,23,0,0.52,1
3.6,6.56,0.14,42.89,7.19,7,0,0.75,1
7.83,15.7,0.35,78.2,15.67,15,0,0.5,1
12.69,17.67,0.61,87.9,25.38,22,0,0.77,1
11.13,12.8,0.76,130.3,22.25,12,0,0.74,1
8.36,8.78,0.32,105.36,16.72,1,0,0.6,1
9.06,10.63,0.18,94.3,18.12,23,0,0.57,1
7.87,13.81,0.28,89.01,15.74,21,0,0.56,1
4.81,6.63,0.25,69.34,9.63,20,1,0.81,1
8.69,9.74,0.09,79.79,17.39,12,0,0.91,1
10.49,16.97,0.3,117.01,20.98,17,0,0.6,1
13.16,31.91,0.16,174.63,26.33,18,0,0.55,1
9.73,25.78,0.24,113.43,19.45,3,0,0.65,1
11.54,46.12,0.32,83.99,23.07,3,0,0.64,0
2.82,3.58,0.57,39.84,5.64,20,0,0.67,1
7.19,21.58,0.54,82.1,14.39,1,0,0.65,1
0.64,1.47,0.18,23.5,1.27,8,0,0.72,1
4.08,8.61,0.36,59.69,8.15,8,0,0.79,1
11.03,16.46,0.51,125.7,22.07,20,0,0.71,1
14.88,27.13,0.16,185.69,29.76,3,1,0.85,1
1.94,2.56,0.34,36.47,3.88,15,0,0.87,1
6.32,21.67,0.17,82.24,12.64,7,1,0.6,1
12.1,35.28,0.29,95.92,24.2,6,0,0.65,0
3.46,5.54,0.33,37.36,6.92,12,0,0.73,1
8.55,17.0,0.49,73.05,17.1,4,0,0.87,1
11.13,23.59,0.57,80.49,22.26,7,0,0.64,1
9.43,31.41,0.51,95.4,18.86,20,0,0.98,1
3.23,3.5,0.48,46.71,6.45,1,0,0.59,1
5.65,7.35,0.26,73.77,11.31,15,0,0.57,1
11.86,34.77,0.12,91.02,23.73,21,0,0.46,0
8.54,28.57,0.06,75.51,17.07,17,1,0.73,1
0.58,0.59,0.48,26.1,1.15,9,1,0.59,1
11.53,15.16,0.49,124.22,23.07,8,0,0.67,1
1.01,1.8,0.26,25.27,2.02,14,0,0.63,1
11.31,14.57,0.54,143.75,22.63,22,0,0.7,1
3.44,4.2,0.25,52.33,6.87,2,0,0.79,1
14.39,17.24,0.36,110.76,28.78,14,0,0.68,1
5.84,9.59,0.59,59.47,11.67,12,0,0.66,1
5.24,9.16,0.05,66.51,10.48,23,0,0.57,1
2.66,10.29,0.29,43.73,5.32,0,0,0.96,1
4.93,5.22,0.39,72.45,9.86,14,0,0.76,1
13.21,18.81,0.12,119.22,26.42,8,0,0.46,1
14.95,37.15,0.38,152.21,29.89,6,0,0.56,1
5.84,6.22,0.13,73.02,11.68,17,0,0.85,1
7.0,7.48,0.35,82.42,14.01,7,1,0.6,1
10.97,11.06,0.29,80.45,21.94,14,0,0.68,1
13.35,14.74,0.49,125.18,26.7,13,0,0.7,1
9.1,9.11,0.14,87.08,18.2,21,0,0.61,1
6.18,14.25,0.19,93.81,12.35,5,1,0.77,1
6.48,7.35,0.45,73.55,12.97,13,1,0.65,1
10.59,12.21,0.14,105.18,21.17,3,0,0.71,1
0.55,1.29,0.3,24.58,1.09,20,1,0.57,1
9.48,29.29,0.36,128.45,18.97,15,0,0.37,1
5.65,5.74,0.28,72.48,11.31,13,0,0.56,1
12.02,25.46,0.42,112.81,24.03,22,0,0.59,1
1.85,2.05,0.52,41.05,3.7,16,0,0.7,1
9.03,35.67,0.37,123.91,18.06,15,0,0.8,1
7.47,28.12,0.11,71.2,14.95,1,0,0.77,1
9.81,16.37,0.2,96.09,19.63,0,0,0.78,1
1.44,3.36,0.18,36.95,2.88,14,0,0.55,1
8.91,11.61,0.39,98.29,17.82,8,0,0.62,1
8.64,12.82,0.18,89.32,17.28,12,0,0.7,1
8.63,28.01,0.03,74.95,17.26,16,0,0.98,1
9.25,24.87,0.55,91.15,18.5,2,0,1.0,1
10.31,19.05,0.11,117.09,20.62,5,1,0.61,1
12.17,31.28,0.23,84.16,24.34,21,0,0.53,1
4.41,5.23,0.37,44.64,8.82,8,0,0.52,1
12.46,22.17,0.23,82.79,24.93,8,0,0.56,1
7.72,24.13,0.24,70.46,15.45,19,0,0.88,1
1.62,2.64,0.79,30.16,3.23,16,0,0.81,1
1.35,4.24,0.19,34.78,2.7,8,0,0.39,1
5.35,15.42,0.55,53.66,10.69,1,1,0.44,1
11.88,27.65,0.19,134.39,23.76,14,0,0.84,1
10.76,12.03,0.48,82.72,21.52,9,0,1.0,1
11.93,12.65,0.1,129.26,23.87,9,0,0.85,1
8.0,9.2,0.13,84.4,16.0,3,0,0.57,1
6.88,13.75,0.46,74.1,13.77,6,0,0.58,1
2.64,5.81,0.2,49.01,5.28,1,0,0.75,1
5.26,7.95,0.7,52.47,10.52,8,0,0.82,1
6.79,8.58,0.31,82.27,13.59,4,0,0.78,1
1.78,1.79,0.34,39.19,3.57,9,0,0.42,1
3.7,10.61,0.2,56.98,7.4,8,0,0.73,1
9.17,31.97,0.1,129.02,18.35,7,0,0.76,1
11.17,14.49,0.23,76.0,22.33,2,0,0.8,1
14.98,17.13,0.04,187.59,29.95,18,0,0.68,1
14.03,15.86,0.42,150.4,28.06,17,0,1.0,1
9.82,12.94,0.17,69.26,19.63,13,0,0.75,1
6.61,6.84,0.31,74.57,13.22,10,0,0.52,1
9.72,15.36,0.36,120.86,19.45,22,0,0.69,1
11.89,12.71,0.17,94.66,23.78,1,0,0.66,1
2.22,2.27,0.32,41.6,4.43,20,1,0.45,1
6.44,7.28,0.22,58.52,12.89,1,0,0.49,1
12.68,26.28,0.21,154.68,25.35,14,1,0.91,1
6.07,15.27,0.3,74.46,12.13,23,0,0.64,1
8.79,13.3,0.2,66.05,17.58,17,0,1.0,1
9.02,15.3,0.58,70.85,18.05,15,0,0.66,1
3.17,3.5,0.09,55.07,6.35,1,0,0.85,1
5.75,17.7,0.25,50.09,11.5,12,0,0.87,1
5.35,12.07,0.1,57.93,10.7,19,0,0.79,1
0.88,1.08,0.69,27.89,1.76,6,0,0.63,1
0.85,2.65,0.55,25.53,1.7,8,0,0.91,1
12.56,25.6,0.52,102.51,25.12,18,1,0.57,1
4.46,8.25,0.02,66.52,8.92,1,0,0.76,1
8.01,11.18,0.34,76.38,16.02,21,0,0.94,1
4.83,13.11,0.24,45.46,9.66,0,0,0.83,1
14.14,15.79,0.46,162.08,28.28,20,0,0.66,1
4.26,7.27,0.27,69.76,8.52,7,0,0.62,1
6.73,7.18,0.22,92.84,13.46,18,0,0.88,1
13.15,21.89,0.37,136.29,26.31,20,0,0.95,1
12.71,27.85,0.41,121.34,25.42,8,1,0.58,1
3.2,8.98,0.27,56.71,6.4,0,0,0.75,1
12.14,48.01,0.42,145.8,24.28,16,0,0.82,0
7.14,11.01,0.24,84.25,14.29,19,0,0.7,1
7.5,22.71,0.35,103.72,15.01,16,1,0.73,1
2.44,4.48,0.67,42.44,4.87,23,0,0.84,1
1.67,2.41,0.26,39.72,3.34,6,0,0.61,1
11.06,24.2,0.44,141.7,22.11,2,0,0.77,1
7.7,20.18,0.39,88.16,15.4,15,0,0.66,1
6.83,8.22,0.21,98.32,13.67,20,0,0.72,1
11.08,11.54,0.3,101.94,22.16,1,0,0.92,1
11.6,35.66,0.19,134.91,23.2,4,0,0.87,1
2.8,7.65,0.17,37.38,5.61,4,0,0.63,1
9.35,9.64,0.23,125.33,18.7,8,0,0.73,1
2.46,8.85,0.1,36.59,4.93,14,0,0.91,1
11.39,11.59,0.37,152.67,22.79,20,0,0.6,1
10.03,39.55,0.25,71.32,20.05,15,0,0.64,1
14.37,15.88,0.66,160.44,28.74,17,0,0.9,1
1.5,3.12,0.16,29.07,3.0,18,0,0.7,1
1.33,1.39,0.54,33.8,2.65,5,0,0.51,1
4.59,9.41,0.74,58.77,9.18,16,0,0.8,1
4.29,5.8,0.34,68.82,8.59,21,0,0.73,1
4.08,13.16,0.23,60.83,8.16,20,0,0.84,1
13.64,31.59,0.27,161.56,27.28,13,0,0.78,1
4.12,4.96,0.43,44.07,8.24,15,0,0.81,1
4.44,6.87,0.33,45.22,8.89,1,0,0.62,1
11.51,12.17,0.09,146.09,23.02,17,1,0.84,1
7.02,12.28,0.11,66.2,14.04,17,1,1.0,1
11.76,13.04,0.6,150.19,23.52,2,1,0.57,1
1.45,2.47,0.05,28.68,2.9,13,0,0.6,1
7.57,7.69,0.17,74.19,15.14,17,0,0.85,1
0.99,1.02,0.55,31.36,1.97,18,0,0.72,1
1.41,2.83,0.29,35.32,2.82,2,0,0.58,1
13.64,14.92,0.56,93.4,27.29,6,0,0.56,1
2.52,2.84,0.36,40.5,5.04,2,0,1.0,1
8.22,20.15,0.19,113.45,16.44,5,0,0.48,1
6.46,9.0,0.27,52.97,12.92,11,1,0.55,1
5.54,18.18,0.09,51.84,11.07,21,0,0.79,1
13.55,15.44,0.32,148.92,27.1,15,0,0.56,1
0.82,2.14,0.33,24.68,1.63,19,0,0.73,1
10.12,33.4,0.01,102.44,20.25,4,0,0.51,1
14.47,26.3,0.11,143.78,28.94,23,1,0.67,1
8.62,12.63,0.05,115.03,17.24,10,0,0.66,1
14.08,15.8,0.41,184.81,28.17,12,1,0.59,1
1.26,1.28,0.49,30.8,2.52,11,0,0.73,1
6.57,11.34,0.12,76.34,13.15,23,0,0.61,1
4.27,14.47,0.01,63.1,8.54,15,0,0.8,1
11.1,13.67,0.37,90.44,22.19,14,0,0.56,1
14.73,21.86,0.3,190.65,29.46,6,0,0.77,1
4.22,7.2,0.47,41.13,8.44,4,1,0.8,1
9.99,20.72,0.21,70.05,19.97,12,0,0.8,1
3.37,5.38,0.29,51.63,6.74,14,1,0.89,1
8.7,17.26,0.12,84.28,17.39,8,0,0.47,1
7.23,8.84,0.54,76.28,14.45,16,1,0.52,1
14.59,22.18,0.53,115.59,29.19,3,1,0.47,1
9.32,10.27,0.57,93.23,18.65,13,0,0.76,1
5.57,8.47,0.22,80.11,11.14,9,0,0.56,1
2.15,5.03,0.3,41.32,4.31,22,1,0.63,1
2.69,3.03,0.04,35.25,5.39,4,0,0.81,1
3.77,5.64,0.19,40.33,7.53,11,0,0.83,1
4.14,10.22,0.11,55.36,8.28,12,1,0.35,1
12.83,17.88,0.3,149.77,25.67,3,0,0.71,1
8.64,16.67,0.4,103.37,17.28,12,0,0.62,1
8.09,9.16,0.37,109.38,16.18,4,0,0.74,1
2.16,3.67,0.35,32.84,4.33,0,0,0.71,1
12.97,16.32,0.35,139.86,25.94,3,0,0.67,1
10.98,34.14,0.37,133.78,21.96,0,0,0.95,1
1.48,2.71,0.3,37.13,2.96,17,0,0.75,1
10.76,10.9,0.19,81.42,21.53,12,0,0.61,1
8.38,9.79,0.11,75.97,16.76,20,0,0.65,1
1.69,4.55,0.35,32.61,3.37,14,0,0.43,1
7.15,15.59,0.08,82.77,14.29,8,1,0.44,1
7.53,15.14,0.37,79.17,15.06,8,0,0.63,1
2.9,3.94,0.49,52.02,5.81,9,0,0.75,1
14.21,17.38,0.17,185.63,28.43,20,0,0.87,1
12.82,15.79,0.34,90.41,25.65,2,0,0.54,1
10.2,16.13,0.52,120.97,20.4,3,0,0.78,1
7.2,8.39,0.05,61.78,14.41,4,0,0.95,1
6.47,11.2,0.17,93.03,12.94,11,0,0.9,1
9.94,28.98,0.14,79.58,19.88,5,0,0.8,1
8.41,12.49,0.22,120.41,16.82,5,1,0.49,1
1.4,1.46,0.36,31.22,2.81,23,0,0.61,1
7.93,9.39,0.44,80.86,15.86,23,0,0.83,1
12.19,17.83,0.05,131.0,24.39,7,1,0.79,1
7.16,9.74,0.27,75.56,14.32,18,1,0.79,1
1.25,1.32,0.05,28.33,2.51,19,0,0.83,1
11.9,20.83,0.64,131.92,23.8,19,0,0.64,1
3.42,6.86,0.64,54.53,6.84,10,0,0.63,1
4.25,4.32,0.21,69.37,8.5,10,0,1.0,1
2.89,3.22,0.08,42.71,5.78,22,0,0.74,1
5.29,10.74,0.2,72.57,10.58,14,0,0.9,1
11.47,19.19,0.07,144.31,22.95,20,0,0.69,1
8.03,14.31,0.3,106.89,16.06,3,1,0.74,1
3.47,9.59,0.27,38.19,6.94,12,0,0.65,1
13.23,13.66,0.41,119.08,26.46,9,1,0.72,1
13.25,23.96,0.16,87.51,26.51,13,0,0.49,1
13.12,14.48,0.16,136.98,26.25,4,0,0.84,1
3.96,10.11,0.16,63.81,7.93,16,0,1.0,1
7.04,10.66,0.15,95.39,14.09,19,0,0.73,1
14.78,55.16,0.3,177.86,29.56,6,0,0.42,0
11.69,14.21,0.38,107.27,23.39,14,1,0.58,1
0.89,1.3,0.36,24.76,1.79,18,0,0.93,1
1.45,2.01,0.46,28.97,2.89,15,0,0.5,1
7.23,25.03,0.33,90.06,14.45,6,0,0.76,1
13.68,33.52,0.22,101.24,27.37,4,0,0.88,1
8.31,27.18,0.57,68.85,16.62,16,1,0.78,0
7.72,16.54,0.36,77.7,15.44,3,0,0.43,1
2.03,2.82,0.06,31.49,4.06,15,0,0.62,1
10.02,14.86,0.48,93.26,20.05,18,0,0.85,1
12.42,17.52,0.08,166.41,24.84,3,0,0.56,1
6.02,9.09,0.16,50.92,12.03,5,0,0.76,1
11.75,25.83,0.43,147.02,23.49,13,0,0.56,1
14.48,33.42,0.23,193.17,28.97,19,0,0.81,1
3.45,9.79,0.13,47.83,6.91,12,0,0.72,1
8.09,9.12,0.19,113.84,16.18,13,0,0.75,1
4.66,6.55,0.46,51.84,9.33,6,0,0.59,1
12.0,30.77,0.15,162.47,23.99,23,0,0.56,1
8.88,23.18,0.19,117.9,17.75,2,0,0.36,1
9.7,10.72,0.69,128.59,19.4,2,0,0.6,1
12.07,14.96,0.23,91.37,24.14,17,0,0.64,1
6.24,8.38,0.16,89.22,12.48,21,0,0.77,1
13.77,24.8,0.65,179.62,27.54,21,0,0.42,1
8.23,18.43,0.36,108.32,16.46,15,0,0.95,1
2.79,2.83,0.51,35.74,5.58,0,1,0.59,1
10.59,12.49,0.24,79.24,21.18,13,0,0.63,1
12.0,25.2,0.34,110.06,24.0,17,0,0.78,1
5.09,5.75,0.58,70.6,10.19,19,0,0.65,1
12.93,15.78,0.46,85.77,25.86,15,1,0.78,1
13.64,28.85,0.37,178.96,27.28,22,0,0.59,1
4.52,7.92,0.19,59.18,9.03,18,0,0.59,1
14.76,37.9,0.27,130.84,29.52,1,0,0.65,1
2.54,7.62,0.39,42.68,5.08,8,0,0.61,1
3.43,4.33,0.19,54.33,6.86,12,0,0.74,1
3.17,7.04,0.18,41.92,6.34,17,0,0.88,1
13.46,15.56,0.44,114.75,26.93,19,0,0.35,1
9.99,10.02,0.44,102.67,19.97,1,0,0.87,1
2.71,8.8,0.26,46.22,5.41,6,0,0.75,1
6.88,11.38,0.15,88.47,13.77,21,0,0.92,1
9.42,11.06,0.52,88.48,18.84,12,0,0.75,1
1.71,2.03,0.35,32.41,3.42,7,0,0.79,1
13.3,16.21,0.14,131.81,26.59,2,0,0.52,1
12.15,23.75,0.68,126.86,24.3,13,0,0.89,1
7.83,13.25,0.41,94.7,15.65,22,0,0.53,1
14.52,20.86,0.15,155.42,29.05,7,0,0.67,1
6.56,6.69,0.16,69.89,13.12,0,0,0.99,1
14.77,29.8,0.17,124.54,29.54,23,0,0.8,1
10.18,10.81,0.34,92.88,20.37,10,0,0.61,1
9.7,21.47,0.16,112.35,19.41,0,0,0.67,1
2.91,2.93,0.35,43.34,5.81,10,0,0.79,1
13.29,17.65,0.36,98.94,26.58,5,0,0.87,1
6.7,11.21,0.13,53.77,13.4,10,0,0.53,1
2.85,4.02,0.22,34.85,5.7,17,0,0.82,1
0.68,1.5,0.2,27.56,1.37,8,0,0.68,1
8.62,18.91,0.25,90.7,17.23,12,0,0.54,1
8.15,24.31,0.13,98.23,16.29,9,0,0.81,1
10.93,32.58,0.17,145.74,21.86,9,0,0.59,1
13.41,26.25,0.14,98.9,26.82,2,0,0.54,1
1.65,2.01,0.29,33.43,3.3,3,0,0.71,1
11.11,15.73,0.23,117.44,22.21,9,1,0.73,1
3.22,9.84,0.54,55.04,6.43,20,0,0.68,1
12.94,14.56,0.52,174.75,25.89,18,0,0.51,1
12.38,17.65,0.29,143.54,24.75,22,0,0.95,1
8.34,8.59,0.42,99.18,16.68,17,0,0.83,1
10.8,14.35,0.34,143.56,21.6,6,0,0.79,1
5.06,13.26,0.13,74.94,10.12,20,0,0.56,1
7.33,12.11,0.21,101.06,14.66,1,0,0.62,1
12.41,16.86,0.25,82.3,24.83,8,0,0.48,1
7.16,26.4,0.32,81.58,14.32,7,0,0.65,1
5.69,21.78,0.26,79.61,11.38,20,0,0.51,1
7.67,22.09,0.39,68.07,15.33,2,1,0.6,1
12.51,28.51,0.15,148.35,25.02,11,1,1.0,1
5.36,9.37,0.57,47.15,10.72,9,0,1.0,1
3.02,4.91,0.34,47.25,6.04,13,0,0.7,1
10.82,30.62,0.41,138.63,21.65,0,1,0.63,1
12.48,16.52,0.07,120.06,24.95,18,0,0.84,1
1.96,2.81,0.33,39.94,3.92,13,0,0.66,1
3.98,8.45,0.58,54.66,7.96,21,0,0.89,1
2.56,9.83,0.16,44.39,5.12,19,1,0.74,1
5.55,17.99,0.32,67.78,11.09,5,0,0.91,1
7.03,12.93,0.29,78.57,14.06,15,0,0.91,1
11.36,31.08,0.25,143.7,22.72,3,1,0.6,1
9.94,18.67,0.27,76.16,19.88,8,0,0.65,1
9.5,13.18,0.09,106.41,19.01,7,0,0.75,1
5.61,8.49,0.38,52.56,11.22,5,0,0.96,1
12.7,30.0,0.16,133.54,25.4,9,0,0.96,1
7.33,14.44,0.37,106.14,14.67,23,0,0.7,1
14.7,20.68,0.45,99.36,29.39,6,1,0.68,1
9.7,10.82,0.17,97.11,19.39,10,0,0.8,1
2.33,2.86,0.31,44.74,4.66,4,0,0.74,1
10.3,15.49,0.67,98.19,20.61,13,1,0.78,1
5.21,9.99,0.32,65.06,10.43,8,1,0.72,1
10.45,19.95,0.26,80.65,20.9,19,0,0.35,1
1.51,1.66,0.19,29.91,3.02,19,1,0.73,1
3.04,10.86,0.28,49.77,6.07,19,0,0.7,1
12.91,13.03,0.09,159.41,25.82,19,0,0.7,1
3.79,5.07,0.32,56.14,7.59,23,0,0.77,1
12.64,16.61,0.27,157.22,25.27,5,0,0.5,1
4.55,16.34,0.15,62.04,9.1,6,0,0.79,1
9.82,13.95,0.1,124.81,19.64,3,0,0.61,1
10.57,17.22,0.18,145.52,21.13,16,0,0.45,1
7.93,24.09,0.13,64.27,15.87,3,0,0.8,1
4.93,10.75,0.35,61.18,9.85,19,0,0.78,1
3.58,3.9,0.05,42.68,7.17,13,1,0.44,1
0.98,1.48,0.08,28.1,1.96,17,0,0.48,1
4.91,8.76,0.45,61.7,9.81,7,1,0.51,1
9.97,32.74,0.18,113.26,19.94,4,0,0.46,1
14.11,17.96,0.4,133.9,28.21,13,0,0.61,1
13.13,16.9,0.1,115.51,26.26,8,0,0.79,1
11.61,16.34,0.52,81.55,23.22,20,0,0.79,1
11.93,18.86,0.31,82.57,23.86,19,0,0.63,1
10.14,17.63,0.32,83.14,20.28,2,0,0.44,1
4.27,6.15,0.25,54.8,8.55,16,0,0.74,1
13.65,32.12,0.13,128.18,27.31,22,1,0.78,1
10.23,10.7,0.22,84.78,20.45,17,0,0.6,1
8.63,12.47,0.39,112.79,17.25,3,0,0.54,1
2.11,4.36,0.17,40.64,4.22,23,0,0.7,1
6.98,11.89,0.06,71.68,13.96,8,0,0.56,1
7.18,8.4,0.25,95.9,14.35,10,0,0.39,1
13.04,35.12,0.18,175.45,26.07,8,1,0.5,1
8.43,17.94,0.36,76.59,16.85,5,0,0.58,1
6.02,7.92,0.33,65.35,12.03,17,0,0.88,1
14.66,30.13,0.11,195.23,29.33,0,0,0.57,1
2.11,2.49,0.38,32.56,4.21,3,0,0.6,1
6.63,19.05,0.37,56.72,13.25,5,0,0.73,1
1.11,1.35,0.43,29.59,2.22,17,0,0.73,1
11.23,37.27,0.4,112.96,22.46,21,0,0.49,0
13.81,53.24,0.39,96.63,27.62,16,0,0.65,0
4.56,4.94,0.49,52.06,9.12,15,0,0.91,1
12.95,18.87,0.54,122.69,25.89,21,0,0.75,1
4.74,9.22,0.31,70.95,9.47,20,0,0.8,1
13.71,32.29,0.35,156.44,27.41,17,0,0.79,1
11.43,16.04,0.18,150.35,22.86,11,1,0.55,1
12.17,19.27,0.1,109.18,24.34,19,0,0.86,1
0.76,0.77,0.36,25.45,1.52,8,0,0.59,1
14.46,14.65,0.35,139.19,28.92,17,0,0.62,1
11.04,15.2,0.32,75.77,22.07,4,0,0.64,1
4.92,8.45,0.49,51.73,9.84,2,0,0.9,1
12.53,20.26,0.06,101.17,25.05,1,0,0.93,1
4.58,6.01,0.39,44.87,9.16,23,0,0.47,1
13.15,40.33,0.11,127.69,26.31,9,0,0.77,1
2.13,4.3,0.37,44.18,4.26,5,1,0.34,1
10.7,34.93,0.06,73.82,21.41,12,0,0.83,1
8.34,27.34,0.33,98.39,16.68,4,0,0.57,1
1.9,4.79,0.71,41.19,3.8,6,1,0.77,1
4.01,6.53,0.21,43.05,8.01,18,0,0.79,1
0.68,0.81,0.18,27.76,1.36,5,0,0.51,1
7.3,11.88,0.45,98.3,14.59,13,0,0.84,1
4.87,9.71,0.38,51.65,9.74,6,0,0.59,1
9.18,29.43,0.17,124.03,18.35,16,0,0.4,1
4.81,7.26,0.3,71.12,9.62,3,0,0.73,1
4.85,10.69,0.3,48.02,9.7,12,0,0.75,1
11.28,15.86,0.39,141.94,22.55,6,0,0.84,1
1.2,1.22,0.46,30.54,2.4,9,0,0.5,1
13.59,40.76,0.36,165.59,27.18,21,0,0.36,1
12.86,31.43,0.35,139.88,25.72,1,0,0.62,1
10.18,16.84,0.21,98.85,20.37,7,0,0.65,1
9.1,9.32,0.6,103.81,18.2,6,0,0.54,1
13.44,16.21,0.28,147.04,26.88,17,0,0.57,1
3.19,3.45,0.35,53.03,6.37,8,0,0.64,1
1.65,3.29,0.47,37.79,3.29,21,0,0.39,1
3.97,4.0,0.23,58.31,7.95,17,0,0.58,1
12.02,36.75,0.35,163.39,24.04,4,0,0.79,1
1.0,3.46,0.34,30.48,2.01,14,0,0.88,1
8.95,10.04,0.63,121.82,17.9,0,1,0.49,1
14.93,15.8,0.14,128.07,29.87,15,0,0.69,1
12.91,40.6,0.08,113.11,25.82,12,1,0.94,0
8.06,24.06,0.28,80.75,16.12,15,0,0.81,1
1.42,5.18,0.29,31.49,2.85,1,0,0.75,1
12.55,38.23,0.03,167.27,25.11,16,1,0.51,1
9.19,22.56,0.33,70.65,18.37,3,0,0.91,1
2.17,2.22,0.04,38.39,4.33,8,0,0.61,1
1.86,2.48,0.24,31.4,3.72,19,0,0.6,1
13.69,16.42,0.39,166.15,27.38,9,0,0.79,1
10.2,12.26,0.11,73.24,20.41,16,0,0.66,1
12.52,19.23,0.36,122.53,25.05,4,0,0.76,1
13.25,15.62,0.23,122.82,26.49,5,1,0.81,1
8.79,12.61,0.3,69.63,17.58,16,0,0.8,1
8.0,16.47,0.36,81.12,16.01,7,0,0.63,1
6.74,10.05,0.26,91.88,13.48,16,0,0.97,1
5.1,7.84,0.38,50.38,10.19,21,1,1.0,1
6.8,7.84,0.34,100.83,13.6,8,0,0.72,1
11.72,11.88,0.42,83.4,23.44,18,0,0.89,1
9.23,16.53,0.05,84.81,18.46,4,1,0.78,1
13.44,16.34,0.51,160.12,26.88,0,0,0.67,1
6.93,21.33,0.27,71.99,13.86,16,0,0.73,1
9.3,11.17,0.15,97.79,18.61,17,0,0.61,1
9.65,18.26,0.12,80.88,19.31,5,0,0.59,1
9.08,32.48,0.16,110.87,18.16,22,1,0.59,0
10.69,20.46,0.31,86.87,21.38,13,0,0.75,1
3.94,5.57,0.19,63.14,7.89,20,0,0.82,1
7.93,23.36,0.44,89.59,15.86,0,0,0.72,1
2.01,2.13,0.13,37.77,4.02,16,0,0.69,1
6.08,19.71,0.34,90.08,12.15,0,0,0.81,1
7.57,7.99,0.39,98.82,15.14,11,1,0.52,1
9.96,12.76,0.34,121.58,19.91,2,0,0.56,1
14.28,28.72,0.22,177.2,28.57,12,0,0.68,1
9.21,16.96,0.18,71.97,18.42,3,1,0.58,1
11.28,14.0,0.38,133.75,22.56,23,0,0.87,1
7.84,11.18,0.2,72.0,15.68,8,0,0.52,1
9.69,12.86,0.21,87.54,19.39,15,1,0.61,1
1.53,2.82,0.2,27.8,3.06,13,0,0.63,1
4.19,6.8,0.45,67.15,8.38,4,0,0.76,1
5.75,5.79,0.4,78.47,11.49,19,1,0.63,1
7.35,17.91,0.07,63.92,14.7,14,0,0.49,1
1.16,2.06,0.38,28.48,2.32,9,0,0.79,1
2.53,5.4,0.07,41.15,5.06,11,0,0.7,1
4.51,5.48,0.26,58.17,9.03,5,0,0.62,1
14.59,17.72,0.4,153.76,29.17,18,0,0.77,1
5.3,11.3,0.24,64.06,10.61,13,0,0.9,1
7.49,24.08,0.03,91.45,14.98,13,0,0.76,1
3.34,12.93,0.5,57.4,6.69,6,0,0.66,1
9.36,16.4,0.45,92.85,18.71,9,0,0.77,1
4.57,8.19,0.28,70.89,9.14,14,0,0.48,1
3.5,3.53,0.3,42.89,7.0,14,1,0.7,1
7.99,13.27,0.41,66.74,15.98,17,0,0.7,1
0.58,1.31,0.11,23.87,1.16,8,0,0.61,1
0.61,0.67,0.14,23.94,1.22,15,0,0.95,1
3.68,5.95,0.21,63.73,7.35,1,0,0.63,1
1.03,1.48,0.76,27.92,2.06,20,0,0.79,1
2.07,6.42,0.31,39.76,4.13,14,0,0.68,1
5.41,10.08,0.38,73.44,10.83,12,0,0.51,1
12.14,12.67,0.37,118.51,24.27,0,0,0.5,1
8.79,12.71,0.32,77.74,17.59,1,0,0.62,1
7.93,15.61,0.06,84.0,15.87,15,0,0.74,1
4.76,6.61,0.08,59.55,9.51,22,0,0.43,1
14.01,15.02,0.4,183.61,28.02,3,1,0.51,1
6.26,13.74,0.41,76.19,12.51,22,0,0.61,1
1.76,2.8,0.26,40.78,3.53,19,0,0.68,1
9.45,9.75,0.25,105.38,18.89,0,0,0.71,1
2.15,5.67,0.07,32.94,4.3,5,0,0.66,1
5.51,6.97,0.13,62.34,11.01,15,0,0.62,1
7.86,11.05,0.37,102.87,15.71,15,0,0.52,1
13.18,17.34,0.23,124.77,26.35,5,0,0.75,1
7.66,14.91,0.4,63.63,15.31,14,0,0.73,1
10.68,22.01,0.33,80.6,21.37,6,1,0.9,1
14.9,19.52,0.28,119.2,29.79,6,0,0.71,1
2.41,5.85,0.12,41.55,4.81,11,0,0.68,1
4.48,7.94,0.23,68.47,8.97,0,0,0.54,1
6.22,15.91,0.24,74.35,12.44,1,0,0.69,1
6.62,25.82,0.27,87.64,13.23,16,0,0.6,1
6.46,6.61,0.19,81.49,12.92,16,0,0.65,1
13.66,23.81,0.33,138.42,27.32,7,0,0.73,1
10.85,11.11,0.56,90.59,21.71,3,0,0.76,1
9.31,26.22,0.18,124.16,18.63,12,0,0.65,1
4.99,7.22,0.69,54.55,9.97,12,0,0.78,1
12.44,31.06,0.39,104.25,24.89,10,1,0.54,0
14.35,17.03,0.15,117.63,28.7,11,1,1.0,1
12.41,14.81,0.14,90.35,24.81,23,0,0.54,1
0.52,1.56,0.55,24.44,1.05,13,0,0.57,1
9.73,10.41,0.07,90.94,19.46,20,0,0.24,1
1.24,3.14,0.22,30.74,2.48,0,0,0.45,1
4.24,5.97,0.23,54.61,8.47,8,0,0.65,1
1.36,1.38,0.27,31.78,2.73,2,0,0.67,1
9.26,10.15,0.4,85.56,18.51,6,0,0.69,1
10.46,10.81,0.15,131.94,20.91,14,0,0.76,1
2.16,4.26,0.21,38.88,4.32,6,0,0.79,1
6.07,18.43,0.32,59.18,12.13,10,0,0.74,1
7.12,18.19,0.32,100.49,14.23,15,0,0.63,1
5.85,9.36,0.48,53.74,11.7,11,0,0.54,1
2.25,2.67,0.1,42.85,4.51,19,1,0.68,1
6.57,18.13,0.38,84.1,13.15,23,1,0.57,1
11.39,15.3,0.24,82.77,22.78,7,0,0.9,1
1.53,3.1,0.34,37.3,3.06,12,0,0.71,1
1.66,3.29,0.18,31.99,3.33,1,0,0.63,1
5.64,7.56,0.41,77.49,11.29,7,1,0.51,1
14.16,23.58,0.16,118.22,28.31,14,0,0.77,1
10.19,11.87,0.38,108.48,20.39,11,0,0.74,1
10.34,28.18,0.37,142.09,20.68,4,0,0.74,1
5.75,6.82,0.2,73.31,11.5,1,0,0.63,1
9.11,30.55,0.64,84.43,18.22,11,1,0.44,0
0.65,1.64,0.37,25.31,1.29,5,0,0.78,1
9.72,13.1,0.16,114.63,19.45,7,0,0.77,1
13.74,15.42,0.3,131.54,27.49,3,0,0.6,1
9.38,21.35,0.16,126.73,18.76,9,0,0.83,1
13.17,26.58,0.36,165.81,26.34,15,0,0.8,1
11.0,16.85,0.42,86.29,22.0,7,0,0.89,1
2.25,5.5,0.15,43.59,4.5,15,0,0.78,1
13.59,15.83,0.06,177.55,27.17,22,0,0.7,1
1.46,1.76,0.05,30.56,2.93,6,0,0.85,1
8.24,22.96,0.53,74.96,16.49,23,0,0.74,1
2.56,4.28,0.3,32.98,5.12,11,0,0.8,1
0.67,0.81,0.3,23.89,1.34,6,1,0.48,1
6.62,13.16,0.22,97.62,13.24,16,0,0.79,1
4.78,6.59,0.16,56.97,9.56,14,0,0.69,1
7.55,26.24,0.07,78.2,15.09,13,0,0.81,1
8.87,12.55,0.55,80.9,17.74,4,0,0.72,1
1.13,3.11,0.12,26.97,2.27,1,0,0.72,1
2.28,2.62,0.34,39.55,4.57,4,0,0.68,1
8.6,16.65,0.35,106.54,17.2,4,0,0.48,1
5.48,11.87,0.21,68.49,10.95,5,0,0.73,1
11.07,12.57,0.14,78.11,22.15,13,0,0.76,1
9.96,34.62,0.33,125.8,19.92,21,0,0.69,1
12.76,23.31,0.18,167.02,25.52,5,0,0.79,1
10.54,19.98,0.12,105.2,21.08,12,1,0.65,1
6.73,14.53,0.14,70.94,13.47,6,0,0.56,1
10.26,10.99,0.2,87.8,20.52,17,0,0.66,1
4.49,5.53,0.07,51.96,8.99,3,0,0.84,1
4.94,16.59,0.03,67.0,9.88,4,0,0.61,1
11.94,15.19,0.05,144.07,23.88,14,0,0.8,1
6.97,10.8,0.27,71.08,13.95,22,0,0.73,1
12.08,13.05,0.03,109.1,24.15,1,0,0.66,1
12.43,25.63,0.04,121.36,24.85,7,0,0.82,1
12.93,19.0,0.47,100.08,25.87,17,0,0.66,1
13.79,22.05,0.14,178.47,27.58,20,0,0.75,1
6.75,10.94,0.26,87.08,13.5,1,0,0.89,1
5.12,8.65,0.44,61.17,10.25,1,0,0.95,1
8.94,22.12,0.16,72.36,17.88,17,1,0.6,1
5.88,7.2,0.43,84.36,11.76,6,0,0.81,1
9.22,15.66,0.27,97.28,18.43,13,0,0.9,1
10.73,11.08,0.34,133.51,21.46,4,0,0.94,1
10.48,23.52,0.5,74.86,20.96,8,1,0.66,1
5.93,7.78,0.19,61.02,11.86,13,0,0.61,1
2.92,3.06,0.37,47.31,5.84,3,0,0.78,1
6.74,9.02,0.02,76.74,13.49,0,0,0.77,1
2.57,2.84,0.04,38.14,5.14,7,0,0.54,1
13.41,15.4,0.36,105.91,26.81,21,0,0.79,1
5.52,10.6,0.2,59.23,11.03,14,0,0.83,1
2.74,3.91,0.28,47.93,5.48,18,0,0.75,1
0.87,2.37,0.12,25.46,1.74,9,0,0.73,1
9.86,15.14,0.35,110.33,19.73,22,0,0.6,1
9.74,23.02,0.52,97.55,19.47,16,0,0.51,1
5.44,6.73,0.24,76.24,10.88,1,0,0.72,1
1.54,2.38,0.28,29.87,3.08,4,0,0.72,1
6.44,11.53,0.28,64.37,12.88,14,0,0.46,1
5.01,11.1,0.13,59.05,10.03,9,0,0.76,1
10.32,10.33,0.21,83.62,20.64,17,1,0.83,1
9.28,30.56,0.07,96.39,18.57,23,0,0.75,1
5.79,20.47,0.63,65.79,11.57,12,0,0.82,1
3.66,8.86,0.37,63.66,7.32,20,0,0.71,1
14.83,15.16,0.35,155.77,29.65,13,0,0.66,1
7.08,7.2,0.28,58.86,14.17,2,1,0.88,1
10.48,14.14,0.67,106.14,20.96,5,0,0.79,1
2.54,2.79,0.03,48.3,5.08,19,0,0.56,1
7.54,18.37,0.09,103.46,15.08,22,0,0.54,1
0.9,0.92,0.45,30.55,1.8,22,0,0.89,1
7.83,21.92,0.49,108.15,15.66,20,0,0.6,1
14.48,44.43,0.23,110.26,28.96,11,0,0.64,0
6.07,18.17,0.57,50.51,12.14,4,0,0.67,1
1.07,1.57,0.34,29.92,2.13,19,0,0.97,1
0.95,1.14,0.69,29.41,1.9,8,1,0.41,1
6.13,11.67,0.44,56.26,12.25,6,0,0.75,1
2.82,2.87,0.33,37.4,5.64,21,0,0.93,1
0.84,1.46,0.22,29.85,1.68,18,0,0.82,1
11.47,31.6,0.42,153.07,22.93,4,0,0.75,1
7.15,11.92,0.09,63.6,14.3,3,0,0.57,1
4.69,6.18,0.16,51.59,9.39,20,0,0.66,1
13.55,15.5,0.24,172.38,27.1,17,0,0.72,1
2.18,3.68,0.5,37.57,4.37,4,0,0.67,1
14.36,20.66,0.36,172.03,28.72,6,0,0.82,1
5.05,11.22,0.42,59.27,10.11,12,0,0.99,1
13.38,18.22,0.43,155.89,26.76,15,0,0.73,1
9.24,9.34,0.49,91.89,18.49,10,0,0.8,1
12.49,43.54,0.29,161.03,24.97,2,0,0.69,1
14.77,16.14,0.37,127.5,29.54,3,0,0.61,1
4.68,6.97,0.34,60.55,9.36,16,1,0.78,1
14.44,32.88,0.49,144.91,28.87,8,0,0.51,1
6.15,6.36,0.24,78.66,12.29,18,0,0.78,1
6.09,9.94,0.17,63.52,12.18,12,0,0.53,1
5.44,10.9,0.06,71.63,10.87,11,0,0.83,1
8.35,21.63,0.24,70.0,16.7,21,0,0.52,1
2.74,6.31,0.17,50.78,5.47,16,0,0.8,1
8.53,9.75,0.28,71.25,17.06,12,0,0.95,1
8.35,11.75,0.07,110.92,16.71,20,0,0.64,1
11.55,12.35,0.06,133.77,23.1,10,0,0.62,1
12.59,29.69,0.12,112.99,25.18,9,0,0.68,1
6.89,20.2,0.61,70.22,13.77,20,0,0.79,1
4.88,19.18,0.21,77.45,9.77,4,0,0.46,1
4.26,6.75,0.28,47.12,8.52,16,0,0.64,1
3.32,3.33,0.48,53.42,6.64,22,0,0.89,1
1.34,1.73,0.3,28.4,2.67,20,0,0.71,1
5.47,11.36,0.29,81.97,10.93,0,0,0.61,1
4.42,4.87,0.13,65.04,8.84,15,0,0.64,1
14.51,17.35,0.54,187.32,29.03,7,0,0.82,1
8.59,32.83,0.17,115.77,17.17,21,0,0.86,1
5.54,6.42,0.16,68.97,11.07,22,0,0.78,1
8.92,18.76,0.34,74.09,17.83,19,0,0.8,1
2.52,6.95,0.41,36.5,5.04,16,1,0.53,1
6.94,16.53,0.23,64.5,13.88,7,0,0.66,1
9.58,15.93,0.13,82.7,19.16,13,1,0.8,1
7.59,13.35,0.17,83.25,15.18,16,0,0.76,1
6.33,13.56,0.24,90.06,12.65,8,0,0.71,1
14.91,39.33,0.33,96.97,29.82,5,0,0.52,0
13.26,16.14,0.16,108.47,26.53,20,0,0.73,1
9.54,9.61,0.84,107.55,19.08,1,0,0.39,1
8.76,10.51,0.58,116.82,17.51,23,0,0.69,1
9.5,20.13,0.26,87.28,19.0,18,0,0.66,1
3.42,7.89,0.13,46.25,6.84,12,0,0.52,1
6.23,15.07,0.11,67.43,12.46,9,0,0.69,1
1.07,3.04,0.58,27.57,2.14,23,0,0.52,1
7.4,11.15,0.37,93.15,14.79,9,1,0.65,1
8.37,11.89,0.07,100.31,16.75,14,0,0.46,1
3.8,4.88,0.41,61.46,7.6,4,0,0.92,1
14.48,19.05,0.11,185.39,28.96,19,1,0.35,1
13.69,29.17,0.15,174.71,27.37,6,0,0.76,1
10.97,22.04,0.39,116.34,21.94,12,0,0.42,1
8.23,10.82,0.22,71.87,16.47,19,0,0.69,1
13.11,25.61,0.55,105.97,26.23,20,0,0.78,1
2.39,5.85,0.43,41.87,4.79,10,1,0.71,1
11.96,22.54,0.3,156.72,23.92,20,0,0.67,1
2.31,5.09,0.07,40.13,4.62,1,0,0.54,1
12.02,38.0,0.22,158.79,24.03,20,0,0.61,0
4.5,5.16,0.14,50.75,9.0,14,1,0.77,1
13.22,14.85,0.22,94.08,26.44,14,0,0.59,1
14.19,34.2,0.41,170.03,28.38,18,1,0.94,1
2.66,8.9,0.28,49.65,5.32,4,0,0.77,1
7.21,8.96,0.18,78.65,14.42,16,0,1.0,1
14.72,36.03,0.19,104.18,29.45,7,1,0.53,0
7.51,13.78,0.12,59.77,15.02,15,0,0.29,1
13.02,43.68,0.15,90.81,26.04,14,0,0.67,0
9.04,21.53,0.31,92.96,18.07,23,0,0.53,1
5.94,7.03,0.4,59.48,11.88,17,0,0.76,1
4.64,5.44,0.17,58.24,9.29,17,0,0.74,1
3.45,8.5,0.39,49.02,6.89,14,0,0.87,1
11.55,23.0,0.25,114.75,23.09,9,1,0.76,1
6.1,17.41,0.51,77.02,12.21,4,0,0.47,1
7.91,25.89,0.35,97.2,15.83,21,0,0.71,1
7.64,7.68,0.3,79.37,15.28,15,0,0.84,1
8.87,11.96,0.34,85.28,17.74,20,0,0.86,1
13.05,19.88,0.41,118.91,26.1,11,0,0.7,1
14.72,17.86,0.19,100.84,29.44,16,0,0.66,1
6.41,7.28,0.59,66.48,12.82,11,0,0.96,1
12.5,14.62,0.13,99.99,25.0,0,1,0.65,1
11.59,44.15,0.34,101.52,23.17,10,1,0.83,0
8.82,22.6,0.35,108.17,17.63,7,1,0.89,1
14.36,19.38,0.42,191.2,28.73,4,0,0.89,1
3.41,6.41,0.09,59.06,6.81,7,1,0.86,1
2.08,2.11,0.67,42.41,4.17,10,0,0.8,1
12.88,17.2,0.15,150.89,25.76,10,0,0.68,1
6.87,7.1,0.38,99.77,13.74,13,0,0.82,1
12.78,31.87,0.33,151.19,25.56,13,1,0.66,1
13.45,14.98,0.41,131.59,26.9,18,0,0.86,1
1.41,2.86,0.25,32.95,2.81,10,0,0.51,1
13.31,13.42,0.08,115.04,26.62,20,0,0.7,1
7.0,19.01,0.41,55.17,14.0,1,0,0.6,1
7.9,12.4,0.27,79.06,15.8,7,1,0.44,1
9.59,11.35,0.3,95.09,19.17,10,0,0.58,1
13.93,24.25,0.05,161.16,27.87,0,0,0.42,1
0.78,1.29,0.65,28.56,1.55,4,0,0.62,1
7.41,7.49,0.12,107.03,14.83,22,1,0.73,1
10.47,18.4,0.15,98.15,20.94,20,0,0.86,1
10.98,15.62,0.3,148.48,21.96,14,0,0.63,1
10.54,36.24,0.35,131.7,21.08,18,0,0.42,1
2.45,2.78,0.44,32.78,4.9,15,1,0.66,1
4.84,6.58,0.11,64.38,9.68,3,0,0.85,1
5.7,10.31,0.67,63.1,11.4,11,0,0.42,1
12.16,46.41,0.21,83.72,24.33,4,0,0.58,0
4.54,6.55,0.38,59.61,9.08,18,0,0.67,1
3.56,13.7,0.19,52.33,7.11,10,0,0.45,1
14.38,57.32,0.54,117.31,28.77,6,0,0.59,0
0.63,0.88,0.18,27.28,1.26,5,1,0.91,1
14.97,38.21,0.22,158.8,29.94,12,0,0.8,1
10.31,26.18,0.46,84.27,20.63,14,0,0.53,1
12.51,16.91,0.51,145.74,25.03,2,0,0.82,1
4.77,16.44,0.39,60.53,9.54,2,0,0.74,1
0.71,1.46,0.27,25.88,1.42,3,0,0.96,1
11.2,30.93,0.27,141.42,22.4,9,1,0.71,1
12.6,18.38,0.47,95.16,25.19,18,0,0.57,1
11.24,15.06,0.51,114.8,22.47,5,0,0.51,1
2.57,3.25,0.15,46.91,5.14,0,1,0.75,1
11.42,25.88,0.06,129.94,22.85,0,1,0.69,1
11.65,36.76,0.09,78.69,23.3,6,1,0.77,0
10.05,32.52,0.49,125.63,20.1,15,1,0.59,0
11.61,20.38,0.26,154.81,23.22,23,0,0.8,1
12.77,13.31,0.19,146.8,25.53,3,1,0.88,1
9.4,22.74,0.17,124.6,18.79,15,0,0.73,1
1.78,4.03,0.6,33.43,3.57,6,0,0.85,1
7.57,23.25,0.51,76.43,15.14,17,1,0.74,1
1.63,2.31,0.29,31.78,3.25,14,0,0.73,1
6.41,8.43,0.41,85.02,12.82,8,1,0.62,1
6.4,8.74,0.36,94.24,12.81,10,0,0.88,1
1.46,1.63,0.2,36.32,2.91,6,0,0.61,1
5.56,9.04,0.35,53.63,11.12,20,0,0.73,1
2.11,6.01,0.24,39.79,4.22,6,0,0.56,1
12.22,26.16,0.51,166.29,24.44,22,0,0.83,1
14.24,19.07,0.3,120.65,28.48,2,1,0.67,1
1.55,2.18,0.36,34.62,3.1,6,0,0.78,1
14.35,22.14,0.25,182.81,28.7,2,1,0.51,1
8.08,10.6,0.31,111.25,16.15,11,0,0.56,1
4.84,6.65,0.41,55.12,9.69,2,1,0.58,1
1.61,1.77,0.3,29.13,3.23,6,0,0.74,1
7.76,11.25,0.46,93.88,15.52,22,0,0.72,1
12.02,14.41,0.4,159.78,24.04,5,0,0.66,1
10.75,24.63,0.35,112.0,21.51,14,0,0.59,1
1.23,1.62,0.28,30.08,2.46,22,0,0.5,1
1.56,1.68,0.33,37.2,3.11,9,1,0.79,1
6.34,11.76,0.39,70.56,12.68,4,1,0.55,1
4.78,5.73,0.13,66.7,9.56,8,0,0.76,1
3.87,4.88,0.2,49.88,7.74,16,0,0.47,1
4.57,15.53,0.09,54.95,9.15,20,0,0.71,1
12.15,17.71,0.35,96.73,24.3,18,0,0.89,1
13.97,40.2,0.21,98.52,27.95,23,0,0.76,0
6.37,6.53,0.15,91.36,12.75,22,1,0.71,1
13.64,15.89,0.25,105.49,27.28,16,0,0.85,1
5.16,15.53,0.11,48.06,10.32,8,0,0.61,1
7.41,21.71,0.1,87.24,14.82,20,0,0.59,1
3.78,5.43,0.18,53.32,7.55,16,0,0.75,1
9.79,19.24,0.17,107.83,19.57,0,0,0.64,1
14.7,53.21,0.33,141.63,29.39,7,1,0.59,0
9.25,14.1,0.08,75.44,18.5,18,0,0.5,1
5.69,10.52,0.28,49.27,11.38,8,0,0.54,1
9.89,30.37,0.07,72.68,19.79,7,0,0.83,1
2.28,2.68,0.51,46.48,4.56,5,0,0.82,1
13.39,14.3,0.18,136.76,26.77,14,0,1.0,1
7.79,9.54,0.19,80.78,15.59,14,0,0.86,1
7.02,8.09,0.49,75.25,14.03,5,0,0.75,1
9.0,21.81,0.09,106.04,17.99,20,0,0.84,1
9.56,21.35,0.35,93.0,19.12,14,0,0.54,1
1.54,3.79,0.56,36.29,3.08,17,0,0.78,1
10.4,12.62,0.25,90.91,20.8,21,0,0.68,1
4.01,4.17,0.14,50.34,8.02,23,0,1.0,1
10.85,13.78,0.11,145.29,21.7,5,0,0.88,1
12.43,13.64,0.33,104.78,24.85,22,0,0.84,1
12.16,16.68,0.24,137.09,24.31,17,0,0.56,1
8.51,15.74,0.03,84.28,17.02,17,0,1.0,1
8.04,14.13,0.29,86.74,16.08,18,0,0.67,1
2.57,8.39,0.3,33.67,5.14,22,0,0.61,1
11.74,42.92,0.17,92.46,23.49,23,0,0.84,0
4.44,5.75,0.42,45.34,8.87,19,0,0.48,1
7.7,13.31,0.02,104.05,15.4,12,1,0.56,1
4.62,6.96,0.35,74.22,9.24,10,0,0.58,1
2.44,3.65,0.43,33.36,4.88,14,0,0.74,1
9.63,21.02,0.49,73.32,19.26,5,0,0.75,1
1.29,2.12,0.35,31.42,2.58,22,0,0.61,1
11.36,18.83,0.21,116.84,22.71,10,0,0.66,1
5.11,9.43,0.28,68.77,10.21,3,0,0.24,1
0.5,0.58,0.13,25.1,1.0,14,0,0.68,1
7.91,13.45,0.18,103.71,15.82,15,0,0.72,1
1.18,1.68,0.19,27.13,2.36,23,0,0.86,1
4.5,4.89,0.34,43.72,9.01,13,0,0.7,1
10.75,11.95,0.05,140.67,21.5,23,0,0.8,1
1.41,1.54,0.3,31.68,2.82,22,0,0.66,1
12.67,28.0,0.17,169.49,25.34,4,0,1.0,1
0.56,2.01,0.53,24.85,1.11,14,0,0.71,1
4.08,9.15,0.34,54.96,8.16,9,0,0.71,1
11.24,24.49,0.07,125.25,22.49,5,0,0.56,1
5.09,5.46,0.33,51.49,10.17,15,0,0.84,1
1.98,2.68,0.44,33.4,3.95,15,1,0.76,1
5.72,18.39,0.31,84.91,11.45,18,0,0.88,1
4.42,12.58,0.2,48.67,8.84,2,0,0.63,1
12.72,34.68,0.33,104.34,25.44,19,1,0.73,0
5.04,6.98,0.42,63.22,10.09,17,0,0.93,1
11.94,14.9,0.72,133.28,23.88,21,0,1.0,1
13.43,15.01,0.5,87.25,26.86,18,0,0.87,1
6.79,7.11,0.39,75.66,13.58,1,0,0.8,1
13.69,34.13,0.29,126.72,27.39,8,0,0.53,1
5.97,12.38,0.09,86.04,11.94,0,0,0.65,1
14.48,33.65,0.33,177.5,28.96,3,0,0.38,1
1.79,3.46,0.2,40.35,3.59,20,0,0.79,1
10.46,11.18,0.48,133.97,20.92,21,0,0.68,1
7.66,11.24,0.15,100.49,15.32,3,0,0.8,1
6.12,7.62,0.31,87.41,12.24,5,0,0.66,1
9.67,15.66,0.53,80.21,19.35,22,0,0.58,1
10.71,39.41,0.3,99.07,21.41,5,0,0.63,0
0.56,1.89,0.46,25.51,1.13,21,1,0.93,1
2.92,4.47,0.4,53.48,5.84,18,0,0.9,1
10.84,13.74,0.69,124.8,21.68,7,0,0.7,1
10.16,24.7,0.23,85.61,20.33,7,0,0.93,1
14.51,18.33,0.09,188.47,29.02,19,1,0.86,1
11.54,13.44,0.1,139.07,23.07,23,0,0.63,1
14.29,25.56,0.08,163.09,28.57,12,0,0.6,1
10.69,13.2,0.2,130.48,21.37,8,0,0.56,1
4.82,8.72,0.32,66.36,9.64,20,0,0.67,1
2.03,2.67,0.34,30.45,4.06,18,0,0.82,1
11.84,14.38,0.32,100.2,23.67,6,0,0.62,1
9.84,9.9,0.25,135.09,19.68,19,0,0.56,1
1.2,2.35,0.72,28.42,2.4,7,0,0.93,1
5.72,10.25,0.31,79.5,11.44,10,0,0.78,1
14.37,38.41,0.42,134.58,28.75,2,0,0.69,1
7.76,19.24,0.2,108.05,15.51,16,1,0.37,1
6.77,8.8,0.35,80.32,13.55,4,0,0.82,1
7.14,7.61,0.15,87.25,14.27,5,1,0.51,1
3.53,6.46,0.05,43.56,7.06,14,0,0.73,1
5.85,15.19,0.25,51.59,11.69,8,0,0.82,1
5.86,12.64,0.18,80.36,11.72,18,0,0.87,1
1.26,2.13,0.23,26.89,2.52,5,0,0.56,1
11.63,24.85,0.22,136.91,23.26,7,1,0.86,1
6.54,15.38,0.11,78.12,13.08,11,0,0.72,1
12.42,15.49,0.14,153.41,24.84,15,0,0.76,1
12.83,50.14,0.13,102.63,25.66,19,0,0.52,0
3.57,5.46,0.23,51.42,7.15,21,0,0.46,1
10.03,11.87,0.01,113.29,20.06,2,0,0.99,1
7.35,16.34,0.16,60.56,14.7,15,0,0.95,1
13.26,18.88,0.31,154.91,26.52,14,0,0.41,1
3.63,4.83,0.39,48.02,7.26,10,0,0.83,1
10.33,13.93,0.2,80.96,20.66,5,0,0.63,1
9.31,15.94,0.26,91.79,18.62,1,0,0.85,1
4.78,9.38,0.33,47.2,9.56,22,0,0.47,1
2.48,2.83,0.42,47.82,4.96,6,0,0.67,1
9.95,12.15,0.06,101.55,19.9,15,1,0.77,1
11.21,22.83,0.19,86.88,22.42,0,0,0.43,1
5.08,15.51,0.31,54.34,10.15,12,0,0.5,1
9.85,32.42,0.23,119.22,19.7,3,1,0.65,1
6.23,19.42,0.11,85.42,12.46,0,0,0.51,1
10.84,15.78,0.25,77.34,21.68,21,0,0.69,1
3.39,11.74,0.39,38.36,6.78,4,1,0.67,1
13.41,26.67,0.74,173.12,26.82,15,0,0.77,1
4.67,5.73,0.47,54.15,9.33,18,0,0.79,1
5.83,12.39,0.32,57.06,11.67,11,0,0.62,1
1.34,1.63,0.26,27.87,2.68,8,0,0.83,1
2.12,2.62,0.45,37.64,4.23,5,0,0.52,1
7.98,18.37,0.25,102.97,15.96,21,1,0.56,1
4.38,5.5,0.41,57.88,8.76,8,1,0.33,1
12.61,15.56,0.15,84.9,25.23,1,0,0.67,1
0.71,1.3,0.13,25.98,1.43,0,0,0.9,1
6.0,14.7,0.24,63.07,11.99,9,0,0.7,1
5.39,8.41,0.08,72.73,10.78,2,0,0.56,1
0.78,0.83,0.2,26.76,1.56,23,1,0.38,1
2.3,3.16,0.28,47.08,4.61,17,0,0.42,1
6.5,17.11,0.29,79.7,13.0,23,0,0.63,1
7.65,10.03,0.27,92.09,15.29,11,0,0.64,1
6.36,11.15,0.02,74.98,12.72,14,0,0.78,1
8.2,11.82,0.25,78.84,16.4,13,0,0.9,1
9.13,11.4,0.59,105.95,18.26,9,1,0.75,1
0.64,1.01,0.36,24.72,1.29,5,0,0.61,1
7.23,8.4,0.09,92.45,14.46,19,0,0.79,1
14.47,18.28,0.66,116.35,28.94,19,0,0.78,1
8.03,11.28,0.22,80.79,16.05,11,1,0.86,1
10.32,28.43,0.39,113.8,20.65,22,0,0.57,1
5.02,5.73,0.28,67.2,10.04,22,0,0.78,1
11.72,12.31,0.26,133.48,23.45,8,0,0.79,1
11.71,33.19,0.12,135.93,23.41,3,1,0.67,1
8.06,13.08,0.1,78.25,16.12,3,0,0.5,1
14.65,32.99,0.14,184.81,29.3,1,0,0.71,1
2.32,2.84,0.14,32.09,4.64,6,0,0.59,1
0.75,0.94,0.2,24.71,1.49,10,0,0.83,1
11.67,32.8,0.21,84.06,23.33,15,0,0.68,0
12.2,13.44,0.53,138.39,24.41,9,1,0.7,1
2.24,5.81,0.52,35.51,4.49,14,0,0.64,1
4.35,5.13,0.31,47.82,8.7,1,0,0.66,1
0.75,1.27,0.6,26.31,1.51,11,0,0.96,1
4.75,9.58,0.6,64.36,9.51,21,0,0.79,1
11.71,31.76,0.21,129.31,23.42,21,0,0.49,1
8.01,21.32,0.14,91.31,16.02,14,0,0.69,1
5.55,7.43,0.39,86.26,11.09,10,0,0.49,1
5.89,8.89,0.22,84.92,11.78,9,1,0.95,1
0.52,1.52,0.47,23.47,1.04,2,1,0.9,1
4.85,14.49,0.31,69.98,9.69,7,0,0.95,1
9.87,32.45,0.37,108.72,19.75,20,0,0.43,1
14.63,18.11,0.52,100.35,29.25,19,0,0.53,1
12.78,16.31,0.29,88.35,25.56,19,1,0.57,1
0.84,2.87,0.19,28.92,1.68,4,0,0.55,1
13.53,20.19,0.29,139.26,27.06,10,0,0.55,1
11.86,37.82,0.1,126.7,23.71,11,0,0.57,1
11.82,12.73,0.3,106.89,23.63,19,0,0.66,1
7.14,7.68,0.34,102.21,14.28,10,0,0.76,1
6.27,8.11,0.19,82.67,12.54,5,0,0.79,1
4.89,5.18,0.37,76.23,9.78,7,0,0.86,1
1.45,1.69,0.18,28.27,2.91,12,0,0.75,1
3.81,4.37,0.44,54.61,7.62,14,0,0.75,1
4.08,6.02,0.48,58.57,8.15,1,0,0.89,1
7.52,15.68,0.65,64.23,15.04,22,0,0.82,1
11.34,27.43,0.28,104.17,22.68,5,0,0.75,1
7.37,14.88,0.22,67.93,14.74,19,0,0.42,1
1.34,1.86,0.61,35.92,2.68,1,0,0.93,1
14.39,37.91,0.27,146.67,28.78,14,0,0.44,1
14.17,31.91,0.25,122.12,28.34,0,0,0.59,1
11.89,19.77,0.19,134.71,23.77,10,0,0.35,1
14.87,35.02,0.62,163.04,29.75,7,1,0.98,1
8.39,12.14,0.46,82.39,16.79,23,0,0.61,1
14.46,15.34,0.45,192.91,28.92,8,0,0.71,1
1.6,1.97,0.7,37.02,3.19,14,0,0.44,1
5.8,7.74,0.27,65.27,11.6,4,0,0.73,1
3.77,5.48,0.6,56.25,7.54,8,0,0.87,1
3.34,5.42,0.49,53.31,6.68,3,0,0.57,1
2.54,6.52,0.24,35.8,5.08,9,0,0.7,1
9.52,10.34,0.33,126.18,19.05,3,0,0.75,1
11.83,27.11,0.65,147.55,23.66,4,0,0.52,1
8.89,27.9,0.19,111.43,17.77,18,0,0.82,1
2.63,3.24,0.47,37.26,5.26,20,0,0.56,1
12.26,32.12,0.1,93.0,24.52,12,0,0.72,1
9.72,18.38,0.62,80.89,19.44,20,0,0.68,1
6.13,22.6,0.19,54.63,12.26,10,0,0.88,1
10.27,29.12,0.25,139.0,20.55,11,0,0.73,1
4.27,11.24,0.24,66.79,8.54,13,0,0.36,1
5.51,18.93,0.13,51.02,11.01,12,0,0.71,1
13.8,18.59,0.33,154.53,27.61,3,0,0.72,1
4.71,5.37,0.36,51.66,9.42,12,1,0.77,1
7.31,13.8,0.09,57.46,14.63,4,0,0.61,1
13.41,14.8,0.3,114.48,26.81,20,1,0.47,1
10.76,26.25,0.22,106.96,21.52,8,1,0.46,1
1.4,2.84,0.3,27.21,2.8,0,0,0.66,1
2.64,7.26,0.58,39.15,5.27,11,0,0.94,1
0.61,0.86,0.38,26.08,1.23,22,0,0.69,1
9.65,17.08,0.16,83.67,19.3,16,0,0.68,1
6.99,9.85,0.19,78.69,13.98,0,0,0.73,1
2.45,2.98,0.54,47.44,4.89,18,0,0.83,1
14.39,21.83,0.25,94.81,28.78,4,0,0.64,1
8.18,11.35,0.1,105.89,16.36,11,0,0.82,1
4.01,4.21,0.07,50.81,8.01,11,0,0.85,1
7.76,16.36,0.42,88.18,15.52,10,0,0.8,1
10.35,19.94,0.51,88.51,20.71,15,0,0.86,1
1.61,2.04,0.07,34.53,3.21,16,0,0.98,1
4.48,6.33,0.35,65.35,8.97,2,1,0.69,1
12.2,31.78,0.33,98.22,24.4,10,0,0.63,1
7.17,13.47,0.31,73.04,14.33,16,0,0.49,1
8.43,14.02,0.48,95.59,16.85,0,0,0.75,1
6.78,12.0,0.07,73.65,13.55,14,0,0.69,1
1.14,2.96,0.15,28.02,2.27,8,0,0.82,1
2.9,3.08,0.11,43.7,5.81,17,0,0.67,1
6.96,8.47,0.32,68.97,13.92,0,0,0.54,1
3.53,5.78,0.21,45.13,7.07,5,0,0.69,1
1.22,1.61,0.37,31.36,2.45,1,0,0.43,1
12.73,13.8,0.0,126.19,25.47,4,1,0.68,1
14.73,41.82,0.09,163.44,29.45,2,0,0.6,1
12.0,27.41,0.52,150.35,24.0,4,1,0.89,1
12.88,19.6,0.32,169.42,25.76,7,0,0.9,1
4.01,4.72,0.15,44.29,8.02,5,0,0.7,1
14.43,52.05,0.18,155.39,28.86,10,0,0.41,0
3.36,3.4,0.63,50.46,6.71,10,0,0.53,1
14.3,24.18,0.27,178.23,28.59,10,0,0.7,1
14.92,28.73,0.24,188.22,29.85,7,1,0.57,1
10.82,23.04,0.49,131.7,21.64,5,0,0.66,1
14.73,38.68,0.13,155.02,29.45,15,0,0.95,1
8.76,10.38,0.27,76.01,17.52,19,0,0.63,1
4.26,4.41,0.27,49.57,8.53,19,0,0.71,1
6.84,12.2,0.34,83.03,13.67,2,1,0.74,1
9.11,9.44,0.65,74.42,18.21,7,0,0.56,1
1.56,1.8,0.04,29.81,3.12,12,0,0.6,1
9.52,15.59,0.31,128.38,19.05,9,0,0.66,1
14.73,19.49,0.16,192.22,29.45,7,1,0.72,1
3.26,5.65,0.25,36.4,6.51,9,0,0.83,1
11.99,17.93,0.5,152.37,23.99,12,0,0.53,1
13.66,46.55,0.35,178.05,27.33,2,0,0.7,0
14.18,18.37,0.13,143.12,28.37,3,1,0.25,1
14.42,49.8,0.26,137.43,28.84,15,0,0.69,0
8.06,9.34,0.08,112.15,16.12,2,1,0.75,1
14.67,16.89,0.07,94.13,29.34,20,0,0.72,1
11.48,26.84,0.09,144.95,22.96,8,0,1.0,1
2.84,5.77,0.42,40.13,5.69,18,0,0.6,1
7.42,12.14,0.27,90.36,14.83,11,0,0.65,1
10.92,15.65,0.5,99.27,21.83,5,0,0.67,1
4.09,8.78,0.22,55.39,8.17,3,0,0.78,1
9.79,14.1,0.5,124.33,19.58,13,0,0.97,1
10.17,21.48,0.11,83.73,20.33,0,1,0.86,1
2.86,9.8,0.42,47.58,5.72,7,0,0.62,1
8.69,34.51,0.48,118.14,17.39,18,0,0.46,0
11.69,35.87,0.27,152.17,23.38,15,0,0.84,1
7.73,9.16,0.09,107.08,15.47,7,0,0.73,1
0.68,0.7,0.13,25.83,1.35,4,0,0.81,1
0.63,1.11,0.16,26.55,1.26,7,0,0.5,1
5.68,8.95,0.37,66.14,11.35,16,0,0.59,1
13.93,38.68,0.66,134.52,27.86,5,0,0.56,1
3.82,5.75,0.06,46.66,7.63,2,0,0.81,1
9.7,27.05,0.3,87.85,19.4,20,0,0.39,1
3.72,5.25,0.13,39.59,7.44,19,0,0.49,1
5.16,5.44,0.32,65.03,10.33,10,0,0.74,1
12.8,32.25,0.26,111.64,25.59,12,0,0.41,0
11.07,13.44,0.37,89.88,22.14,18,0,0.74,1
1.88,7.04,0.33,31.02,3.77,22,0,0.62,1
6.72,12.63,0.33,69.89,13.43,19,0,0.3,1
0.92,2.77,0.45,30.42,1.85,2,0,0.86,1
7.47,14.53,0.35,84.38,14.95,18,0,0.4,1
10.11,26.58,0.28,109.92,20.21,19,0,0.78,1
2.22,4.19,0.49,31.94,4.44,6,0,0.85,1
4.69,8.33,0.42,60.51,9.38,10,0,0.75,1
6.27,13.18,0.29,80.64,12.54,8,0,0.85,1
13.83,18.63,0.36,103.76,27.67,14,0,0.47,1
14.9,15.87,0.22,197.11,29.8,11,0,0.58,1
1.15,2.09,0.59,33.13,2.3,11,0,0.88,1
11.53,29.26,0.23,157.86,23.07,5,0,0.92,1
5.89,13.0,0.16,64.31,11.78,16,0,1.0,1
6.19,6.95,0.19,86.59,12.38,23,1,0.62,1
11.44,16.85,0.47,103.5,22.87,17,0,0.7,1
13.82,23.37,0.37,161.54,27.63,8,0,0.83,1
14.29,39.45,0.09,186.24,28.58,10,0,0.65,1
8.87,15.1,0.35,73.96,17.74,18,0,0.38,1
5.68,12.37,0.19,53.97,11.36,9,0,0.81,1
11.92,12.45,0.67,88.31,23.84,10,0,0.68,1
4.14,4.53,0.06,63.83,8.28,22,0,0.76,1
8.68,27.74,0.15,103.9,17.36,5,0,0.82,1
5.7,8.94,0.54,69.34,11.4,8,1,0.81,1
10.02,23.93,0.39,124.39,20.04,15,0,0.76,1
3.99,7.14,0.32,63.64,7.97,2,0,0.74,1
3.28,3.61,0.23,58.18,6.56,15,0,0.8,1
13.81,21.4,0.33,108.53,27.63,17,0,0.54,1
1.98,3.95,0.09,35.99,3.95,18,0,0.65,1
7.84,19.31,0.52,109.81,15.67,15,0,0.59,1
3.7,4.35,0.23,50.47,7.4,3,0,0.67,1
1.06,1.48,0.01,28.96,2.13,4,0,0.66,1
1.02,1.7,0.32,31.86,2.04,21,0,0.43,1
3.04,7.36,0.14,50.84,6.08,22,0,0.6,1
13.07,26.1,0.37,135.84,26.14,9,0,0.86,1
4.6,4.74,0.42,54.47,9.19,18,0,0.65,1
14.28,22.31,0.34,182.92,28.56,18,0,0.72,1
8.93,16.23,0.27,65.23,17.87,2,0,1.0,1
6.83,10.66,0.27,69.5,13.66,7,0,0.76,1
8.91,10.68,0.58,123.57,17.82,18,0,0.94,1
7.99,15.82,0.28,87.83,15.98,22,0,0.74,1
11.5,29.95,0.25,127.74,23.0,16,0,0.64,1
4.6,6.67,0.09,60.12,9.19,0,1,0.64,1
5.62,7.5,0.17,63.73,11.24,20,0,0.76,1
13.46,17.16,0.31,150.03,26.93,12,0,0.73,1
14.22,15.6,0.39,167.43,28.45,10,0,0.89,1
13.44,25.44,0.19,121.5,26.88,11,0,1.0,1
6.58,21.47,0.57,80.12,13.16,23,0,0.85,1
11.82,12.2,0.65,85.92,23.63,1,1,0.73,1
7.41,12.85,0.09,85.43,14.81,23,0,0.79,1
7.71,10.75,0.3,98.95,15.43,9,1,0.78,1
3.47,4.63,0.24,51.55,6.94,8,0,0.74,1
9.07,13.75,0.19,121.14,18.14,15,0,0.64,1
3.2,7.92,0.4,42.4,6.4,3,1,0.63,1
5.31,6.5,0.47,64.81,10.62,15,0,0.75,1
12.9,15.12,0.22,92.39,25.8,3,1,0.56,1
3.5,5.27,0.14,54.68,7.01,23,0,0.69,1
1.53,2.48,0.22,32.41,3.06,22,0,0.95,1
1.5,4.47,0.32,33.07,3.0,6,0,0.52,1
14.14,45.19,0.37,103.42,28.28,14,0,0.63,0
7.85,15.56,0.33,114.06,15.7,23,0,0.65,1
6.44,13.32,0.39,86.96,12.87,10,0,0.86,1
12.26,12.7,0.37,115.66,24.52,9,0,0.77,1
12.62,15.06,0.21,133.45,25.24,9,0,0.83,1
5.32,7.14,0.42,69.61,10.63,5,0,0.87,1
10.56,16.54,0.52,143.79,21.11,19,0,1.0,1
11.68,31.11,0.11,141.24,23.36,4,0,0.42,1
9.99,10.16,0.4,94.42,19.98,19,0,1.0,1
2.7,5.08,0.16,51.96,5.4,0,0,0.89,1
13.2,39.98,0.15,113.89,26.4,21,1,1.0,1
8.32,13.41,0.35,95.17,16.63,14,0,0.65,1
4.6,5.08,0.11,65.52,9.19,22,0,0.73,1
6.67,7.28,0.54,65.98,13.33,13,0,0.55,1
1.04,4.05,0.29,32.22,2.09,3,0,0.47,1
2.35,2.57,0.46,35.33,4.71,11,0,0.71,1
11.6,25.57,0.45,113.88,23.2,14,0,0.65,1
0.5,1.79,0.19,23.13,1.0,16,1,0.67,1
6.54,7.38,0.27,92.76,13.08,15,0,0.58,1
8.08,8.99,0.3,72.91,16.15,14,0,0.77,1
1.29,1.85,0.12,26.78,2.58,7,1,0.74,1
14.61,21.46,0.25,97.03,29.22,11,0,0.73,1
3.78,4.39,0.2,49.84,7.56,17,0,0.58,1
4.91,5.85,0.39,62.53,9.82,13,0,0.57,1
4.91,5.35,0.2,45.97,9.81,1,0,0.72,1
3.84,5.78,0.28,41.7,7.68,22,0,0.54,1
0.52,0.53,0.2,22.96,1.04,11,0,0.75,1
11.08,11.11,0.3,127.21,22.15,23,0,0.53,1
14.52,43.03,0.31,123.07,29.04,1,0,0.87,0
3.75,4.23,0.4,53.54,7.5,17,1,0.61,1
10.11,16.19,0.4,75.79,20.23,3,0,0.93,1
11.26,20.82,0.51,146.59,22.51,8,0,0.79,1
12.8,18.04,0.48,111.29,25.6,7,0,0.58,1
6.63,22.7,0.71,89.25,13.26,6,1,0.76,1
4.89,7.77,0.18,72.77,9.78,12,0,0.89,1
5.22,5.78,0.35,82.16,10.43,23,0,0.6,1
10.83,26.42,0.3,130.36,21.67,11,0,0.63,1
12.34,21.66,0.33,119.98,24.69,11,0,0.75,1
3.13,3.28,0.4,39.01,6.27,22,0,0.86,1
5.88,10.29,0.17,51.36,11.76,12,1,0.68,1
13.58,26.17,0.23,172.13,27.16,18,0,0.76,1
12.2,21.01,0.06,119.12,24.39,3,0,0.9,1
14.78,23.11,0.39,171.5,29.56,1,0,0.61,1
11.44,15.8,0.12,116.92,22.87,23,0,0.54,1
6.2,7.29,0.18,89.19,12.4,12,1,0.88,1
9.06,15.39,0.12,112.89,18.13,10,0,0.8,1
10.08,11.68,0.39,76.46,20.17,23,0,0.48,1
1.64,2.52,0.42,36.81,3.28,6,1,0.94,1
8.4,16.66,0.12,77.66,16.79,8,0,0.81,1
10.79,14.51,0.01,132.29,21.57,6,0,0.77,1
2.93,3.71,0.41,54.06,5.85,2,0,0.68,1
11.82,17.68,0.59,156.05,23.64,23,1,0.62,1
8.96,30.65,0.43,72.67,17.93,2,0,0.75,1
14.31,37.91,0.51,97.01,28.61,0,0,0.86,1
1.12,2.4,0.22,31.64,2.23,0,0,0.57,1
4.35,9.41,0.42,63.34,8.69,19,0,0.69,1
9.22,12.21,0.53,77.49,18.45,13,0,0.83,1
4.8,18.2,0.09,67.0,9.6,1,0,0.87,1
10.86,13.3,0.71,75.47,21.72,10,0,0.6,1
11.51,25.62,0.29,128.36,23.01,9,0,0.72,1
1.99,4.12,0.21,41.51,3.97,14,0,0.63,1
7.95,12.31,0.49,95.48,15.9,10,0,0.72,1
7.88,19.13,0.12,63.0,15.76,7,0,0.73,1
5.85,6.41,0.26,89.88,11.71,0,0,0.73,1
14.03,44.67,0.21,125.1,28.05,5,0,0.88,0
12.5,21.43,0.12,115.78,25.0,19,0,0.72,1
10.61,11.96,0.53,79.34,21.22,7,1,0.46,1
10.86,15.25,0.2,86.99,21.72,18,0,0.59,1
7.19,15.33,0.41,69.63,14.39,20,1,1.0,1
13.85,24.5,0.33,166.78,27.71,22,0,0.59,1
10.57,13.55,0.63,124.05,21.14,16,0,0.78,1
11.07,11.3,0.44,120.58,22.14,13,1,0.91,1
12.99,14.13,0.13,163.55,25.99,3,1,0.97,1
4.47,8.83,0.21,73.62,8.95,1,0,0.73,1
12.2,12.22,0.12,113.88,24.41,15,0,0.84,1
3.33,13.19,0.68,45.78,6.66,19,0,0.69,1
5.51,20.34,0.4,75.92,11.01,1,0,0.59,1
5.37,6.18,0.36,71.04,10.73,10,0,0.7,1
14.69,36.76,0.1,94.82,29.38,13,0,0.61,0
12.92,43.71,0.22,143.87,25.84,17,0,0.92,1
10.67,24.93,0.1,127.07,21.33,9,0,0.97,1
11.04,19.39,0.42,151.42,22.08,22,0,0.74,1
8.65,10.84,0.2,98.78,17.3,23,0,0.57,1
14.23,19.82,0.29,159.35,28.47,11,1,0.55,1
7.7,17.97,0.39,100.97,15.39,10,0,0.89,1
6.02,9.59,0.32,54.13,12.04,22,0,0.59,1
2.86,3.03,0.33,49.05,5.73,8,0,0.46,1
11.9,13.82,0.15,125.05,23.8,23,0,0.85,1
11.15,22.64,0.38,83.56,22.3,15,0,0.78,1
6.07,6.16,0.08,78.84,12.15,7,1,0.54,1
0.87,1.11,0.23,25.75,1.73,21,0,0.69,1
12.67,42.67,0.06,131.02,25.33,4,0,0.84,1
0.67,2.41,0.42,24.64,1.33,14,0,0.8,1
10.7,28.44,0.29,81.35,21.41,14,0,0.66,1
14.57,18.3,0.4,118.43,29.14,16,0,0.58,1
6.85,17.65,0.32,75.26,13.69,1,0,0.6,1
3.91,6.17,0.19,53.05,7.81,12,0,0.75,1
10.72,33.51,0.12,84.75,21.44,10,0,0.83,1
12.35,13.13,0.59,109.49,24.7,0,0,0.78,1
8.42,16.58,0.59,112.79,16.85,8,1,0.53,1
14.52,15.6,0.65,185.15,29.04,3,0,0.79,1
1.25,1.3,0.06,30.93,2.5,15,0,0.48,1
7.82,30.71,0.33,85.94,15.64,15,0,0.94,1
10.92,18.25,0.44,119.02,21.84,2,0,0.96,1
13.01,48.45,0.12,104.58,26.02,17,0,0.68,0
3.1,3.33,0.32,57.05,6.2,6,0,0.61,1
12.1,18.94,0.27,143.63,24.2,21,0,0.78,1
8.51,27.81,0.19,76.8,17.03,9,0,0.62,1
6.25,18.79,0.05,63.16,12.5,9,0,0.55,1
2.41,4.48,0.44,42.99,4.82,6,1,0.45,1
13.05,13.66,0.27,114.72,26.09,0,0,0.9,1
2.78,3.61,0.64,40.82,5.56,16,0,0.83,1
4.99,5.54,0.37,72.25,9.98,19,1,0.62,1
4.71,8.97,0.44,52.32,9.41,4,0,0.77,1
13.14,46.51,0.21,150.52,26.27,10,0,0.64,0
10.25,10.46,0.38,138.38,20.51,1,1,0.66,1
12.05,45.85,0.45,90.73,24.1,9,1,0.64,0
4.13,4.3,0.09,44.83,8.26,13,0,0.82,1
9.56,18.16,0.14,130.9,19.12,5,1,0.64,1
8.79,34.13,0.32,76.47,17.58,1,0,0.59,0
12.58,16.4,0.48,84.72,25.15,6,0,0.56,1
13.64,13.84,0.6,171.11,27.28,9,0,0.5,1
0.68,0.69,0.14,24.72,1.35,17,0,0.74,1
10.27,27.71,0.13,92.82,20.55,0,0,0.49,1
1.25,3.24,0.38,28.25,2.5,11,0,0.89,1
8.46,12.55,0.53,116.63,16.92,3,0,0.76,1
4.67,6.42,0.13,68.67,9.34,0,0,0.28,1
4.95,6.15,0.35,65.41,9.9,13,0,0.62,1
5.62,14.56,0.01,65.91,11.24,23,0,0.55,1
9.51,9.81,0.44,77.1,19.02,8,1,0.36,1
5.34,7.33,0.56,81.36,10.69,21,1,0.83,1
11.12,12.57,0.08,134.0,22.25,9,0,0.78,1
6.37,9.72,0.41,64.26,12.73,11,0,0.86,1
1.49,2.66,0.36,37.35,2.98,13,0,0.73,1
11.86,12.07,0.33,156.99,23.73,11,1,0.87,1
4.64,6.76,0.26,64.65,9.29,19,0,0.78,1
6.78,7.53,0.17,100.59,13.55,1,0,0.86,1
10.44,10.82,0.06,85.88,20.88,23,1,0.81,1
5.32,7.03,0.4,73.84,10.64,2,1,0.83,1
1.32,2.0,0.33,28.01,2.64,12,0,0.8,1
5.92,23.44,0.3,78.28,11.84,21,1,0.63,1
14.19,50.69,0.42,182.37,28.39,5,0,0.44,0
9.81,24.47,0.08,105.82,19.61,16,0,0.79,1
10.24,26.28,0.63,125.86,20.47,22,0,0.64,1
9.67,21.92,0.57,78.03,19.34,15,0,0.52,1
3.39,7.07,0.09,51.93,6.77,22,1,0.69,1
6.57,12.63,0.27,55.73,13.13,4,1,0.67,1
11.39,20.14,0.72,79.88,22.78,17,0,0.79,1
1.97,6.08,0.45,38.59,3.94,3,0,0.83,1
4.53,16.07,0.48,60.8,9.06,22,1,0.76,1
4.51,5.97,0.3,52.92,9.01,14,0,0.65,1
6.76,10.36,0.28,78.11,13.53,12,0,0.38,1
14.72,25.24,0.29,164.07,29.43,13,0,0.63,1
1.48,2.04,0.19,34.07,2.96,21,1,0.7,1
8.02,9.21,0.3,64.24,16.04,8,0,0.97,1
3.1,5.43,0.44,50.22,6.2,7,0,0.5,1
14.57,19.94,0.13,160.16,29.15,13,0,0.39,1
2.14,2.22,0.34,40.76,4.29,20,1,0.79,1
6.35,7.22,0.26,89.44,12.7,6,0,0.71,1
11.2,19.67,0.46,121.21,22.4,2,0,0.57,1
10.72,14.61,0.1,143.93,21.43,3,1,0.81,1
6.63,17.32,0.47,98.63,13.26,22,0,0.51,1
5.52,8.24,0.4,76.7,11.05,16,1,1.0,1
6.27,6.35,0.23,67.06,12.53,8,0,0.85,1
4.33,6.78,0.42,46.0,8.66,22,0,0.84,1
3.48,3.68,0.11,57.35,6.95,22,1,0.74,1
7.5,13.51,0.23,65.22,15.01,10,0,0.75,1
4.39,4.4,0.69,46.46,8.79,20,0,0.64,1
4.67,6.82,0.26,73.37,9.34,0,0,0.76,1
10.02,35.58,0.24,109.4,20.05,11,0,0.75,1
14.54,21.08,0.36,122.58,29.09,6,0,0.9,1
9.25,20.29,0.22,128.64,18.51,8,0,0.69,1
1.62,5.89,0.33,36.08,3.23,2,0,0.74,1
1.6,1.84,0.31,33.95,3.19,10,1,0.53,1
14.3,31.3,0.31,124.45,28.59,20,0,0.84,1
4.81,5.68,0.14,66.84,9.62,9,0,0.72,1
1.83,3.94,0.38,38.56,3.67,18,0,0.76,1
9.19,23.21,0.17,111.72,18.37,0,0,0.81,1
9.54,9.73,0.27,80.76,19.09,13,0,0.77,1
9.9,19.0,0.17,117.85,19.81,7,0,0.63,1
4.38,6.24,0.3,59.7,8.75,6,0,0.88,1
0.72,1.02,0.32,27.87,1.44,9,0,0.76,1
14.49,21.62,0.27,155.85,28.99,23,0,0.69,1
4.14,4.42,0.2,44.93,8.28,11,0,0.81,1
10.3,13.63,0.17,94.48,20.6,18,0,0.78,1
10.75,19.44,0.02,129.68,21.49,20,0,0.64,1
9.35,10.42,0.36,115.13,18.69,6,0,0.86,1
5.04,13.06,0.17,53.04,10.07,8,0,0.86,1
4.43,6.73,0.45,53.15,8.86,21,0,0.35,1
9.17,9.52,0.38,66.81,18.33,18,0,0.53,1
13.06,18.16,0.21,115.61,26.12,6,0,0.49,1
14.23,16.49,0.13,93.76,28.46,15,0,0.47,1
2.04,2.75,0.2,42.62,4.07,6,1,0.87,1
2.75,3.12,0.59,46.53,5.49,11,0,0.57,1
14.2,14.82,0.41,187.32,28.4,2,0,0.84,1
11.18,24.59,0.22,145.7,22.36,4,0,0.76,1
13.3,35.26,0.13,142.72,26.61,5,1,0.74,0
3.44,5.61,0.3,49.29,6.88,16,0,0.62,1
9.02,11.62,0.23,120.9,18.04,16,0,0.58,1
10.67,25.37,0.44,95.61,21.33,3,0,0.58,1
10.36,40.94,0.09,88.02,20.72,9,1,0.79,0
6.42,12.65,0.3,70.51,12.84,22,0,0.75,1
0.72,0.74,0.59,23.89,1.45,22,0,0.26,1
8.95,11.61,0.25,83.69,17.9,7,1,0.9,1
4.17,7.57,0.08,43.29,8.34,13,0,0.66,1
7.03,17.82,0.24,57.73,14.06,10,0,0.72,1
14.38,27.82,0.22,147.44,28.77,5,1,0.82,1
6.29,16.66,0.18,82.59,12.57,12,0,0.52,1
12.68,38.45,0.27,131.01,25.35,14,0,0.48,0
3.23,3.48,0.31,37.77,6.47,22,0,0.57,1
10.25,10.27,0.45,99.59,20.5,11,1,0.88,1
14.67,39.31,0.35,104.72,29.33,21,0,0.7,0
1.98,6.8,0.39,38.89,3.95,20,1,0.86,1
0.62,1.25,0.36,26.69,1.24,21,0,0.33,1
6.79,11.38,0.1,59.48,13.57,9,0,0.67,1
1.84,4.57,0.29,30.08,3.69,11,0,0.52,1
11.35,23.84,0.36,109.02,22.7,3,0,0.86,1
13.76,34.35,0.41,118.04,27.52,22,0,0.63,1
6.79,8.18,0.59,66.36,13.59,23,1,0.54,1
4.25,5.42,0.22,47.55,8.5,7,0,0.65,1
6.8,9.36,0.21,69.08,13.6,19,0,0.44,1
10.99,20.34,0.31,149.22,21.98,2,1,0.7,1
0.63,0.68,0.2,26.95,1.26,6,0,0.52,1
9.05,9.26,0.13,103.32,18.09,22,0,0.53,1
9.39,24.7,0.15,119.59,18.79,2,0,0.7,1
9.75,23.36,0.21,69.74,19.49,0,0,0.37,1
4.01,6.22,0.06,43.17,8.02,18,0,0.64,1
10.85,34.08,0.6,96.49,21.71,13,0,0.61,0
1.83,3.16,0.23,37.35,3.65,2,0,0.9,1
3.39,4.94,0.23,57.91,6.78,21,0,0.8,1
13.22,20.61,0.32,107.51,26.45,1,0,0.58,1
11.21,22.5,0.05,86.98,22.42,3,0,0.57,1
0.7,1.06,0.55,27.65,1.4,4,0,0.76,1
4.1,4.23,0.34,52.25,8.2,5,0,0.7,1
3.61,8.92,0.28,55.72,7.22,8,0,0.9,1
4.43,5.97,0.36,59.12,8.85,9,0,0.73,1
4.09,14.47,0.27,45.48,8.18,4,0,0.73,1
1.41,4.69,0.29,33.93,2.81,17,0,0.8,1
7.15,10.78,0.28,76.85,14.31,6,1,0.94,1
11.12,33.84,0.07,98.03,22.25,9,0,0.72,1
9.3,34.85,0.23,125.24,18.6,10,0,0.82,1
10.26,27.09,0.33,71.71,20.51,16,0,0.69,1
1.68,2.49,0.44,33.14,3.35,7,0,0.59,1
14.3,18.39,0.45,121.56,28.59,6,0,0.8,1
12.66,31.5,0.15,88.12,25.32,13,1,0.6,1
12.17,16.21,0.25,87.72,24.35,10,0,0.52,1
12.43,32.14,0.03,97.16,24.87,7,0,0.64,1
14.02,19.75,0.37,139.7,28.05,0,0,0.79,1
8.39,15.01,0.46,78.56,16.78,5,0,0.69,1
3.4,4.6,0.02,56.99,6.81,13,0,0.9,1
9.44,9.48,0.23,83.08,18.89,4,0,0.84,1
11.27,11.82,0.01,133.19,22.54,15,1,1.0,1
11.2,44.23,0.48,92.49,22.4,12,1,0.68,0
8.06,8.82,0.06,62.71,16.12,15,0,0.79,1
1.49,4.98,0.73,30.23,2.99,13,0,0.93,1
5.88,6.1,0.18,83.89,11.76,1,1,0.48,1
13.85,30.02,0.38,97.23,27.7,23,0,0.92,1
8.97,16.73,0.08,86.51,17.95,17,1,0.46,1
8.31,26.06,0.24,62.0,16.61,1,0,0.92,1
4.4,13.16,0.19,61.4,8.8,21,0,0.76,1
5.84,7.35,0.38,87.77,11.69,2,0,0.68,1
13.48,14.07,0.19,123.69,26.97,8,1,0.54,1
10.16,14.35,0.25,111.86,20.33,17,0,0.5,1
11.92,15.14,0.14,117.32,23.83,23,0,0.65,1
7.09,8.63,0.27,103.73,14.18,19,0,0.63,1
9.64,21.56,0.13,117.85,19.28,12,0,0.59,1
4.1,14.45,0.13,41.78,8.2,9,0,0.63,1
10.73,42.68,0.68,81.81,21.46,1,0,0.82,0
6.7,13.06,0.22,75.57,13.4,20,0,0.94,1
6.92,16.04,0.32,85.17,13.83,18,0,0.64,1
9.92,33.41,0.09,89.73,19.83,8,0,0.71,1
14.08,36.59,0.15,156.85,28.15,7,0,0.54,1
1.43,4.16,0.37,32.9,2.86,21,0,0.65,1
12.46,13.31,0.13,120.24,24.92,12,1,0.6,1
4.74,13.34,0.16,63.02,9.48,5,0,0.82,1
6.94,10.62,0.28,99.19,13.87,8,0,0.56,1
0.82,1.18,0.2,25.48,1.64,13,0,0.76,1
4.87,7.4,0.21,71.27,9.73,1,1,0.56,1
7.79,24.02,0.73,59.59,15.58,6,0,0.97,1
1.31,2.69,0.19,27.35,2.63,11,0,0.82,1
7.62,26.42,0.33,108.77,15.24,10,0,0.71,1
13.94,25.5,0.55,157.82,27.89,18,0,0.86,1
2.03,5.18,0.27,39.13,4.06,18,0,0.83,1
11.58,17.26,0.09,105.01,23.17,14,0,0.79,1
6.44,8.37,0.3,60.51,12.88,19,0,0.54,1
10.0,15.41,0.06,96.59,20.0,12,0,0.87,1
4.27,7.42,0.01,59.27,8.55,14,0,0.87,1
2.81,5.2,0.31,46.55,5.63,20,0,0.63,1
2.83,3.21,0.14,37.49,5.65,4,1,0.79,1
1.52,3.67,0.54,32.36,3.04,0,0,0.39,1
3.19,3.99,0.67,48.62,6.38,15,0,0.43,1
10.13,12.38,0.65,138.73,20.26,21,0,0.69,1
13.28,23.54,0.36,137.51,26.57,10,0,0.85,1
12.3,26.02,0.48,131.53,24.61,14,0,0.76,1
10.43,17.31,0.09,128.06,20.87,12,0,0.7,1
2.1,6.57,0.09,36.67,4.2,14,0,0.73,1
4.69,16.5,0.29,56.08,9.39,17,1,0.72,1
4.99,14.96,0.19,65.61,9.98,14,0,0.6,1
4.12,10.57,0.31,63.24,8.25,1,0,0.81,1
7.97,12.68,0.3,95.4,15.94,8,0,0.79,1
8.27,9.32,0.56,72.1,16.53,16,1,0.97,1
5.67,13.3,0.3,64.17,11.35,17,1,0.81,1
5.63,5.92,0.06,68.35,11.26,9,0,1.0,1
12.51,12.95,0.41,128.45,25.03,8,1,0.63,1
11.94,12.32,0.12,108.12,23.89,19,0,0.88,1
4.96,5.65,0.42,62.96,9.93,19,1,0.97,1
13.75,26.3,0.35,153.52,27.5,20,0,0.5,1
14.32,47.01,0.44,138.47,28.63,19,0,0.53,0
5.24,7.74,0.39,62.74,10.48,8,0,0.73,1
5.64,8.43,0.56,79.84,11.28,3,0,0.79,1
7.83,8.82,0.07,100.65,15.66,14,1,1.0,1
14.15,14.19,0.15,132.56,28.29,19,0,0.62,1
13.21,20.93,0.47,178.11,26.41,22,0,0.39,1
1.99,3.9,0.13,30.86,3.97,9,0,0.74,1
6.19,15.91,0.11,65.11,12.39,9,0,0.71,1
8.52,33.61,0.35,64.82,17.05,15,0,0.77,1
7.8,12.34,0.32,104.79,15.59,0,0,0.57,1
3.31,4.97,0.46,54.07,6.62,18,1,0.43,1
12.95,14.91,0.12,146.75,25.91,3,0,0.97,1
10.32,16.41,0.45,87.07,20.63,7,0,0.8,1
12.65,13.5,0.43,145.92,25.3,16,0,0.97,1
12.95,17.96,0.21,116.97,25.9,2,0,0.51,1
11.35,12.9,0.12,145.77,22.7,2,0,0.72,1
6.87,19.01,0.57,63.93,13.74,11,1,0.82,1
9.35,10.49,0.16,81.03,18.71,7,0,0.86,1
2.83,3.74,0.28,53.12,5.65,20,0,0.92,1
10.27,27.19,0.1,108.5,20.54,4,0,0.56,1
3.1,7.9,0.26,45.18,6.2,14,1,0.69,1
10.56,11.18,0.28,98.82,21.12,7,0,0.81,1
3.83,13.97,0.18,61.43,7.66,12,0,0.73,1
2.2,3.69,0.32,36.47,4.41,21,0,0.38,1
2.9,5.97,0.22,41.7,5.79,5,0,0.8,1
0.53,0.71,0.31,23.1,1.06,22,0,0.77,1
10.92,12.41,0.58,114.42,21.84,9,0,0.63,1
11.12,21.37,0.1,147.5,22.24,0,0,0.73,1
7.97,13.97,0.27,113.23,15.93,8,0,0.39,1
2.84,2.88,0.17,53.99,5.68,4,0,0.96,1
1.71,2.04,0.37,34.23,3.42,23,0,0.71,1
0.78,0.84,0.2,28.1,1.55,11,0,0.59,1
2.9,5.01,0.11,45.75,5.81,12,0,0.97,1
13.42,31.53,0.11,138.55,26.83,5,0,0.46,1
4.0,7.16,0.17,62.6,8.0,15,0,0.62,1
5.64,7.16,0.19,81.15,11.27,11,0,0.89,1
2.03,6.11,0.22,30.42,4.06,21,0,0.56,1
3.72,8.22,0.11,63.2,7.45,3,0,0.61,1
8.03,28.17,0.3,106.4,16.06,2,0,0.71,1
9.31,16.22,0.54,113.57,18.62,1,0,0.79,1
4.06,4.66,0.42,64.49,8.12,9,0,0.7,1
1.34,4.98,0.45,31.71,2.67,11,0,0.74,1
6.17,8.16,0.78,84.25,12.34,3,0,0.72,1
3.9,4.1,0.48,55.81,7.79,14,0,0.69,1
3.68,8.61,0.45,52.42,7.37,13,0,0.68,1
14.42,18.72,0.57,113.45,28.84,12,1,0.68,1
9.44,9.62,0.05,123.16,18.87,16,0,0.67,1
8.57,8.82,0.1,115.93,17.15,21,0,0.4,1
6.53,15.32,0.17,97.03,13.06,22,0,0.98,1
6.72,20.66,0.04,59.26,13.44,4,0,0.52,1
8.34,23.1,0.24,78.74,16.69,9,1,0.61,1
10.6,13.65,0.16,123.84,21.2,9,0,0.88,1
10.68,13.45,0.3,137.35,21.36,16,0,0.98,1
2.99,3.96,0.35,50.67,5.98,18,0,0.87,1
7.75,15.44,0.11,83.48,15.5,21,0,0.79,1
6.47,17.16,0.4,85.26,12.95,22,0,0.75,1
13.12,19.14,0.47,92.24,26.25,11,1,0.65,1
9.66,15.76,0.3,113.06,19.31,1,0,0.8,1
8.22,10.32,0.54,61.57,16.44,2,0,0.87,1
2.17,3.74,0.15,31.59,4.35,14,1,0.85,1
9.28,18.42,0.25,115.61,18.56,12,0,0.87,1
2.2,4.68,0.23,38.35,4.4,3,0,0.62,1
5.39,13.19,0.53,49.19,10.78,20,0,0.7,1
2.57,5.72,0.13,41.53,5.14,13,0,0.42,1
10.54,32.81,0.37,77.3,21.07,12,0,0.9,1
3.49,6.84,0.59,45.91,6.98,6,0,0.69,1
6.18,22.28,0.79,57.72,12.36,13,1,0.43,1
13.49,34.6,0.21,108.15,26.97,5,0,0.74,1
3.46,4.27,0.34,42.05,6.93,4,1,0.87,1
7.86,15.91,0.39,79.78,15.73,12,0,0.69,1
6.58,8.76,0.76,57.87,13.16,5,0,0.77,1
0.76,0.97,0.36,26.63,1.53,16,0,0.62,1
11.99,17.49,0.34,114.16,23.99,7,0,0.56,1
1.5,1.55,0.32,36.33,3.0,6,0,0.77,1
7.38,27.72,0.05,99.53,14.75,13,0,0.57,1
8.63,10.73,0.43,112.94,17.26,2,0,0.71,1
9.61,9.92,0.32,99.66,19.22,17,0,0.51,1
10.49,11.69,0.09,93.77,20.97,20,0,0.68,1
4.17,11.1,0.57,52.99,8.34,14,0,0.82,1
0.64,1.3,0.04,26.33,1.29,14,0,0.5,1
10.99,28.97,0.19,115.71,21.98,18,0,0.64,1
8.27,11.79,0.43,97.46,16.53,18,0,0.58,1
12.62,16.1,0.15,144.42,25.25,12,0,0.86,1
12.41,25.44,0.2,161.83,24.82,13,0,0.7,1
12.73,19.44,0.4,167.75,25.46,18,0,0.69,1
7.53,9.81,0.25,101.99,15.07,22,0,0.67,1
5.34,9.43,0.45,49.12,10.68,18,0,0.61,1
11.98,13.45,0.31,162.0,23.96,16,0,0.46,1
7.04,8.5,0.2,89.91,14.09,11,0,0.65,1
3.16,10.59,0.05,51.14,6.32,15,0,0.84,1
12.9,18.02,0.05,86.57,25.79,18,1,0.62,1
13.3,31.18,0.19,131.11,26.59,20,0,0.78,1
7.26,10.87,0.09,88.15,14.52,12,0,0.48,1
1.6,1.65,0.33,31.1,3.2,9,0,0.91,1
6.12,6.73,0.19,54.19,12.25,7,0,0.95,1
12.15,21.96,0.22,126.05,24.3,22,0,0.78,1
13.58,28.97,0.45,130.29,27.15,16,0,0.72,1
3.45,8.1,0.3,38.32,6.9,12,0,0.57,1
1.47,2.27,0.02,32.7,2.94,1,0,0.4,1
13.22,39.39,0.42,96.08,26.44,11,0,0.78,0
6.15,9.29,0.27,69.0,12.29,23,0,0.87,1
8.36,33.29,0.26,77.59,16.71,17,0,0.67,1
14.54,29.49,0.31,191.44,29.07,18,0,0.73,1
1.47,3.53,0.12,27.68,2.93,23,0,0.55,1
9.9,10.12,0.24,108.32,19.8,15,0,0.76,1
1.57,1.98,0.15,29.55,3.15,19,0,0.85,1
5.94,11.6,0.08,63.01,11.89,1,0,0.79,1
12.16,38.03,0.09,96.42,24.31,19,0,0.57,0
6.79,10.64,0.15,101.19,13.57,5,0,0.62,1
14.96,36.48,0.08,98.18,29.92,13,0,0.8,1
8.61,13.19,0.34,95.65,17.21,23,1,0.61,1
5.16,5.88,0.23,67.73,10.31,2,0,0.97,1
3.69,5.19,0.14,58.41,7.38,20,0,1.0,1
5.58,7.7,0.05,72.37,11.17,18,0,0.66,1
5.9,9.0,0.12,59.07,11.8,7,0,1.0,1
1.5,1.58,0.21,33.75,2.99,7,1,0.7,1
5.86,6.17,0.25,89.28,11.72,5,0,0.87,1
7.23,11.4,0.17,99.11,14.46,9,0,0.74,1
10.98,22.91,0.07,109.75,21.96,10,0,0.71,1
10.02,16.85,0.22,103.61,20.05,16,1,0.5,1
10.78,27.64,0.28,83.91,21.55,10,0,0.67,1
0.62,0.85,0.45,25.58,1.24,18,0,0.96,1
3.66,5.85,0.34,45.45,7.31,22,0,0.78,1
10.09,30.82,0.26,78.11,20.19,12,1,0.71,0
7.52,18.88,0.32,82.54,15.04,23,1,0.69,1
0.58,0.95,0.39,23.07,1.15,2,1,0.79,1
12.17,13.29,0.33,91.06,24.33,5,1,0.7,1
11.71,17.35,0.48,96.48,23.41,1,0,0.77,1
8.45,11.1,0.1,120.87,16.9,0,1,0.68,1
1.46,2.9,0.1,35.6,2.93,15,0,0.67,1
11.61,17.12,0.55,122.12,23.23,8,0,0.55,1
8.96,15.31,0.3,79.41,17.93,20,0,0.97,1
11.84,15.9,0.39,122.19,23.68,0,0,0.55,1
11.4,39.59,0.19,128.79,22.8,17,0,0.74,1
12.14,19.59,0.13,81.11,24.29,16,1,0.63,1
8.01,16.97,0.46,115.45,16.02,15,0,0.62,1
2.53,5.12,0.09,43.79,5.07,5,1,0.64,1
10.23,10.54,0.57,141.94,20.46,17,0,0.61,1
9.5,24.54,0.17,98.67,18.99,13,0,0.75,1
11.26,23.3,0.12,125.47,22.53,16,0,0.82,1
2.96,4.69,0.4,44.39,5.93,5,0,0.8,1
3.33,3.71,0.61,36.86,6.65,10,1,0.43,1
13.41,23.84,0.14,166.84,26.82,1,0,0.85,1
11.37,14.08,0.09,112.62,22.75,2,0,0.8,1
13.67,15.32,0.22,133.41,27.34,7,1,0.61,1
11.5,23.84,0.33,106.49,23.0,8,1,0.81,1
9.16,16.82,0.24,93.53,18.32,9,0,0.86,1
9.98,19.3,0.46,120.64,19.97,20,0,0.65,1
13.39,15.31,0.27,152.64,26.78,21,0,0.6,1
8.89,31.39,0.5,114.78,17.79,12,1,0.94,1
9.67,20.09,0.05,134.32,19.34,11,0,0.97,1
2.77,3.65,0.26,41.43,5.54,9,0,0.83,1
7.37,10.94,0.12,74.35,14.74,20,0,0.89,1
10.89,18.86,0.38,112.05,21.78,13,0,0.72,1
4.43,6.76,0.22,46.93,8.86,5,0,0.86,1
3.43,8.62,0.35,55.38,6.87,1,0,0.38,1
5.05,8.81,0.08,65.8,10.1,14,0,0.81,1
4.0,6.39,0.25,45.93,8.0,22,0,0.8,1
3.62,3.91,0.27,59.95,7.23,21,1,0.8,1
6.66,14.95,0.18,82.16,13.32,14,0,0.77,1
13.66,15.17,0.2,91.57,27.33,3,0,0.77,1
7.85,10.71,0.34,70.06,15.7,10,0,0.62,1
3.22,12.16,0.5,56.24,6.45,6,0,1.0,1
1.62,2.04,0.49,32.39,3.23,14,0,0.95,1
10.59,38.29,0.47,145.97,21.19,19,0,1.0,1
6.05,6.06,0.08,72.69,12.1,18,0,0.62,1
12.42,13.73,0.37,100.15,24.83,13,0,0.82,1
10.06,21.27,0.39,112.15,20.13,9,0,0.83,1
12.05,27.19,0.13,88.86,24.09,23,0,0.39,1
4.44,8.29,0.29,67.33,8.89,5,0,0.7,1
10.54,20.38,0.05,119.01,21.08,1,0,0.75,1
4.33,8.18,0.61,70.85,8.66,6,0,0.76,1
14.12,28.89,0.24,158.78,28.23,23,0,0.58,1
9.73,13.59,0.34,71.98,19.45,20,0,0.86,1
5.21,13.95,0.3,63.39,10.41,2,1,0.75,1
4.41,4.98,0.26,58.43,8.82,7,0,0.63,1
3.27,3.8,0.18,57.32,6.54,17,0,0.8,1
10.57,17.41,0.29,104.87,21.14,14,0,0.56,1
3.67,4.13,0.07,53.61,7.34,10,0,0.76,1
9.13,20.98,0.26,77.55,18.26,21,0,0.69,1
4.34,16.48,0.35,49.11,8.67,22,0,0.71,1
10.1,14.14,0.74,109.27,20.2,9,0,0.6,1
12.32,20.75,0.14,141.67,24.63,20,0,0.54,1
11.78,17.44,0.24,114.82,23.56,16,0,0.53,1
11.53,12.47,0.49,112.59,23.06,17,0,0.52,1
3.22,3.3,0.23,41.88,6.44,23,0,0.72,1
1.78,2.45,0.2,37.61,3.56,0,0,0.76,1
10.63,12.92,0.32,73.58,21.27,1,0,0.76,1
5.84,18.67,0.13,70.17,11.68,4,1,0.6,1
6.77,18.27,0.51,54.01,13.54,9,0,0.52,1
0.95,1.19,0.58,28.71,1.9,11,0,0.77,1
4.26,7.43,0.48,42.24,8.53,12,0,0.76,1
0.99,1.69,0.2,31.45,1.98,15,0,0.87,1
13.25,27.52,0.37,130.57,26.5,2,0,0.52,1
4.03,5.71,0.2,59.44,8.06,3,0,0.68,1
8.58,22.07,0.29,114.18,17.16,15,0,0.77,1
1.07,1.48,0.24,27.08,2.13,9,0,0.48,1
10.17,26.74,0.13,109.29,20.34,13,0,0.68,1
5.18,17.4,0.15,77.25,10.37,20,0,0.44,1
13.52,27.16,0.13,138.49,27.04,18,0,0.62,1
13.38,31.6,0.16,123.67,26.76,4,0,0.91,1
5.22,5.69,0.15,59.55,10.43,18,0,1.0,1
13.56,46.58,0.55,124.29,27.13,10,0,0.72,0
14.94,39.07,0.27,159.1,29.89,16,0,0.75,1
12.47,18.85,0.14,86.33,24.94,6,0,0.71,1
12.75,20.88,0.36,120.83,25.5,3,0,0.84,1
4.11,14.45,0.08,56.68,8.22,14,0,0.83,1
8.86,34.69,0.17,113.09,17.72,23,0,0.47,1
1.48,1.49,0.48,32.85,2.95,3,0,0.79,1
1.88,2.52,0.22,41.55,3.75,15,1,0.52,1
14.98,28.59,0.23,141.47,29.97,22,0,0.88,1
5.24,8.69,0.16,70.04,10.47,18,0,0.87,1
11.35,25.22,0.41,78.14,22.7,1,0,0.46,1
12.2,23.98,0.29,101.34,24.39,10,0,0.85,1
12.94,17.56,0.44,158.58,25.88,18,0,0.54,1
14.97,16.41,0.53,156.24,29.93,22,0,0.67,1
4.0,10.31,0.07,66.51,8.0,13,0,0.51,1
1.09,1.23,0.12,31.14,2.17,11,0,0.78,1
6.46,18.94,0.32,72.65,12.92,18,0,0.94,1
2.39,5.8,0.08,44.94,4.77,9,1,0.67,1
0.83,2.97,0.31,26.83,1.65,7,0,0.62,1
5.73,16.1,0.33,61.87,11.45,23,0,0.69,1
11.86,12.65,0.11,83.23,23.73,16,0,0.92,1
8.71,14.65,0.3,116.32,17.42,22,0,0.85,1
5.04,16.34,0.41,59.94,10.07,7,0,0.91,1
9.99,10.3,0.19,117.84,19.98,8,0,0.7,1
3.86,4.25,0.18,43.46,7.73,23,0,0.38,1
0.71,0.87,0.02,27.65,1.42,13,0,0.43,1
11.58,12.19,0.34,144.74,23.17,14,1,0.67,1
9.54,22.99,0.05,99.93,19.09,15,0,0.49,1
11.55,13.17,0.41,132.13,23.11,21,0,0.81,1
1.06,1.39,0.15,29.21,2.13,7,0,0.67,1
12.64,14.01,0.36,132.05,25.28,2,0,0.43,1
9.48,11.19,0.26,126.42,18.97,1,1,0.75,1
8.67,17.0,0.3,122.02,17.34,0,0,0.59,1
9.56,11.5,0.15,92.37,19.11,7,0,0.67,1
13.03,29.17,0.19,115.44,26.07,22,1,0.86,1
9.01,18.15,0.09,84.22,18.02,5,1,0.89,1
8.92,26.97,0.04,112.77,17.85,10,1,0.89,1
14.86,15.63,0.25,169.54,29.73,2,1,0.8,1
11.47,24.5,0.37,80.88,22.95,13,0,0.97,1
6.91,10.79,0.25,58.85,13.83,21,1,0.65,1
10.76,19.79,0.29,122.45,21.51,4,1,0.67,1
6.14,6.33,0.28,62.54,12.29,20,0,0.6,1
3.82,7.62,0.1,41.54,7.64,19,0,0.71,1
9.15,10.98,0.35,92.28,18.31,12,0,0.7,1
13.96,15.66,0.52,175.53,27.92,20,0,0.73,1
13.97,24.23,0.14,125.69,27.95,4,0,0.7,1
5.46,10.23,0.13,73.86,10.92,4,0,0.84,1
8.15,10.05,0.42,112.14,16.3,9,1,0.71,1
3.57,3.82,0.07,42.07,7.14,12,0,0.69,1
14.94,18.3,0.44,158.43,29.87,9,1,0.76,1
14.73,35.03,0.15,187.2,29.45,7,0,0.51,1
9.92,10.82,0.26,83.02,19.84,1,0,0.52,1
12.16,22.5,0.17,165.01,24.33,1,0,0.67,1
10.87,15.93,0.45,102.12,21.74,21,0,0.79,1
9.1,10.42,0.26,79.36,18.2,18,0,0.71,1
1.27,3.25,0.25,33.84,2.55,9,0,0.66,1
7.09,8.46,0.59,78.71,14.19,14,0,0.72,1
10.28,14.75,0.35,119.7,20.57,15,0,0.88,1
10.32,11.22,0.2,107.0,20.65,9,0,0.54,1
5.91,15.6,0.23,76.18,11.82,9,0,0.72,1
14.15,25.03,0.38,94.28,28.31,19,1,0.53,1
2.93,3.35,0.14,41.81,5.85,18,0,0.57,1
7.76,29.33,0.15,94.46,15.51,3,0,0.71,1
10.52,31.48,0.16,98.42,21.04,1,1,0.83,0
10.61,10.68,0.26,130.65,21.22,8,0,0.73,1
9.91,21.52,0.18,136.15,19.81,10,0,0.8,1
4.49,4.58,0.1,43.63,8.98,2,1,0.74,1
2.76,7.15,0.07,50.38,5.53,6,0,0.91,1
9.72,18.67,0.54,80.11,19.44,5,0,0.8,1
9.19,11.28,0.3,124.96,18.38,0,0,0.69,1
3.1,4.17,0.54,56.05,6.2,11,1,0.85,1
10.72,15.64,0.37,116.35,21.45,17,0,0.71,1
7.1,10.97,0.08,79.31,14.2,8,0,0.79,1
10.18,11.54,0.21,124.98,20.37,4,0,0.84,1
12.64,29.66,0.36,164.45,25.28,12,0,0.94,1
2.96,5.09,0.3,39.62,5.92,17,0,0.97,1
0.78,2.12,0.28,25.97,1.56,14,1,0.99,1
11.8,16.93,0.52,113.46,23.59,14,0,0.85,1
9.34,21.33,0.49,122.01,18.68,5,0,0.69,1
10.64,21.27,0.21,83.43,21.29,6,0,0.75,1
12.65,20.97,0.15,138.45,25.31,12,0,0.6,1
12.14,44.95,0.34,110.53,24.28,11,0,0.64,0
14.43,45.25,0.25,181.63,28.87,9,0,0.73,0
8.27,10.82,0.06,81.03,16.54,21,1,0.8,1
7.58,13.26,0.35,109.83,15.17,0,0,0.6,1
6.33,7.04,0.25,52.33,12.65,10,0,0.76,1
2.73,3.54,0.18,38.22,5.46,15,0,0.48,1
8.8,34.38,0.67,92.19,17.61,0,1,0.66,0
4.52,6.34,0.5,50.69,9.03,17,0,0.82,1
13.86,43.27,0.47,160.83,27.72,10,0,0.69,1
8.96,10.72,0.35,115.85,17.91,8,0,0.91,1
9.1,9.15,0.19,109.89,18.19,13,1,0.8,1
5.65,8.71,0.19,86.59,11.29,10,0,0.42,1
1.25,1.65,0.15,30.27,2.51,0,0,0.75,1
0.96,2.24,0.11,31.39,1.92,10,1,0.7,1
6.64,11.48,0.62,58.98,13.28,8,0,0.89,1
1.73,1.94,0.61,38.85,3.45,21,0,0.51,1
9.3,24.76,0.25,69.0,18.6,1,1,0.85,1
13.27,29.55,0.52,135.8,26.55,9,0,0.92,1
13.3,22.77,0.19,131.62,26.6,2,0,0.92,1
10.06,12.82,0.06,130.56,20.11,12,0,0.68,1
3.56,6.7,0.53,55.29,7.13,10,0,0.84,1
13.01,13.76,0.25,125.24,26.03,17,0,0.76,1
13.35,41.6,0.24,170.43,26.7,13,0,0.98,1
3.35,6.35,0.16,57.54,6.7,4,0,0.83,1
11.19,14.32,0.41,77.9,22.39,7,0,0.73,1
4.65,11.1,0.51,71.65,9.31,9,0,0.74,1
12.14,16.35,0.34,125.43,24.28,5,0,0.55,1
14.96,40.09,0.22,182.66,29.92,14,0,0.62,1
0.94,3.2,0.25,25.86,1.87,7,0,0.7,1
13.51,39.65,0.22,101.85,27.02,21,0,0.81,0
9.53,10.06,0.53,115.81,19.06,3,0,0.49,1
14.61,22.02,0.38,121.24,29.23,23,0,0.77,1
7.24,8.55,0.2,84.55,14.49,8,0,0.59,1
12.79,25.6,0.13,145.59,25.57,4,0,0.5,1
1.4,2.02,0.1,33.03,2.81,18,0,0.56,1
5.36,8.63,0.09,73.04,10.72,16,0,0.72,1
1.47,1.53,0.06,33.75,2.94,1,0,0.76,1
14.64,18.06,0.22,132.07,29.28,12,0,0.76,1
12.35,15.47,0.33,89.55,24.69,16,0,0.67,1
12.86,45.17,0.42,161.32,25.72,13,0,0.66,0
14.1,21.29,0.57,174.01,28.2,10,0,0.73,1
1.73,2.89,0.11,28.74,3.47,6,0,0.45,1
6.09,6.44,0.42,86.31,12.18,1,0,0.72,1
1.53,3.45,0.23,29.27,3.06,2,0,0.76,1
3.56,7.86,0.29,46.07,7.11,10,0,0.53,1
3.83,6.85,0.17,50.2,7.65,2,0,0.85,1
7.3,16.88,0.38,91.25,14.6,0,0,0.51,1
4.39,12.67,0.11,44.81,8.79,18,0,0.78,1
1.96,2.2,0.4,41.19,3.93,13,0,0.55,1
2.93,4.38,0.14,53.97,5.86,16,1,0.82,1
2.64,2.94,0.19,50.75,5.27,18,0,0.7,1
14.61,16.73,0.11,102.44,29.22,18,0,0.65,1
11.51,24.94,0.15,151.62,23.02,20,1,0.84,1
14.53,21.99,0.71,150.43,29.07,18,0,0.48,1
6.88,22.01,0.22,89.37,13.75,18,0,0.81,1
4.54,4.84,0.72,72.23,9.07,0,1,0.79,1
12.08,21.83,0.19,136.25,24.15,10,0,0.71,1
5.23,9.59,0.07,62.88,10.46,0,0,0.75,1
4.84,10.15,0.24,62.0,9.68,22,0,0.45,1
3.87,6.5,0.25,57.91,7.74,6,0,0.68,1
2.38,5.42,0.5,47.64,4.76,7,0,0.68,1
4.22,7.94,0.57,67.37,8.44,6,0,0.95,1
5.65,6.65,0.15,71.09,11.3,14,0,0.59,1
10.27,11.73,0.13,86.54,20.55,15,0,0.42,1
1.41,2.94,0.29,30.45,2.81,21,0,0.73,1
3.55,5.9,0.25,46.76,7.1,7,0,0.69,1
12.23,13.51,0.11,105.91,24.46,9,0,0.63,1
2.63,9.09,0.32,46.9,5.26,3,1,0.49,1
5.47,5.96,0.22,79.34,10.94,12,0,0.56,1
13.04,31.46,0.2,114.38,26.08,3,0,0.62,1
2.75,3.62,0.58,50.0,5.49,18,0,0.68,1
1.7,2.47,0.27,37.24,3.4,23,0,0.41,1
7.53,11.32,0.66,80.87,15.05,5,0,0.9,1
4.89,5.46,0.27,68.32,9.77,15,0,0.93,1
8.67,26.58,0.23,110.04,17.34,23,0,0.54,1
12.16,23.82,0.1,128.51,24.31,23,0,0.5,1
2.49,3.81,0.15,40.16,4.98,6,0,0.55,1
8.92,10.39,0.2,70.95,17.84,12,0,0.8,1
7.83,18.99,0.49,59.22,15.66,2,0,0.68,1
2.59,3.04,0.09,49.93,5.18,20,0,0.68,1
9.55,17.37,0.52,85.62,19.1,17,0,0.96,1
4.47,11.41,0.08,63.07,8.94,16,0,0.74,1
7.57,9.24,0.4,107.88,15.15,2,1,0.86,1
1.69,5.32,0.15,38.16,3.39,19,0,0.83,1
7.16,11.26,0.38,61.97,14.33,3,0,0.75,1
4.94,16.59,0.25,72.47,9.89,10,0,0.52,1
12.42,24.02,0.24,145.3,24.85,17,0,0.71,1
1.33,1.89,0.12,29.69,2.65,18,1,0.62,1
6.57,9.85,0.43,84.56,13.14,7,1,0.76,1
7.15,12.91,0.15,97.06,14.29,12,0,0.85,1
11.01,19.26,0.1,97.53,22.03,17,0,0.54,1
8.83,21.01,0.56,117.83,17.65,21,0,0.7,1
10.17,17.19,0.5,76.49,20.35,0,0,0.86,1
11.77,12.19,0.44,122.28,23.53,19,1,0.95,1
13.0,14.64,0.07,106.24,26.0,16,0,0.47,1
5.05,14.07,0.19,71.0,10.1,2,0,0.66,1
8.3,30.48,0.06,71.67,16.6,22,0,0.75,1
12.68,13.35,0.24,113.72,25.36,23,0,0.7,1
14.85,23.02,0.32,107.47,29.69,6,0,0.61,1
13.4,20.51,0.44,163.14,26.8,22,0,0.44,1
5.89,7.04,0.22,54.88,11.77,5,0,0.68,1
3.33,6.85,0.14,53.51,6.66,14,0,0.51,1
7.6,12.42,0.27,95.59,15.19,6,0,0.68,1
11.25,11.52,0.13,87.48,22.51,6,1,0.84,1
7.64,10.13,0.49,88.49,15.28,11,0,0.86,1
7.51,20.55,0.31,83.64,15.01,8,0,0.77,1
12.65,36.16,0.29,135.93,25.31,8,0,1.0,1
5.74,14.24,0.54,86.36,11.48,10,0,0.96,1
12.97,15.72,0.32,92.15,25.93,9,0,0.54,1
6.4,13.57,0.1,88.74,12.8,9,0,0.71,1
5.26,19.77,0.15,78.04,10.52,14,0,0.91,1
7.08,7.39,0.3,61.67,14.17,15,1,0.83,1
11.56,30.63,0.15,130.85,23.11,7,1,0.88,1
2.33,9.05,0.34,43.07,4.65,12,0,0.72,1
3.35,7.83,0.44,49.6,6.7,8,0,0.33,1
14.3,33.54,0.19,141.81,28.59,13,0,0.89,1
3.04,5.37,0.11,42.0,6.09,21,0,0.76,1
8.73,9.29,0.08,105.78,17.46,19,0,0.58,1
8.9,9.79,0.38,82.29,17.8,17,0,0.66,1
7.6,12.82,0.2,82.47,15.2,23,0,0.76,1
9.85,17.64,0.41,128.35,19.7,1,1,0.49,1
3.83,5.75,0.1,41.56,7.66,22,0,0.94,1
8.51,19.68,0.31,94.06,17.03,8,0,0.65,1
5.9,20.39,0.32,69.55,11.79,9,0,0.55,1
10.09,10.58,0.06,97.21,20.19,19,0,0.97,1
2.55,6.53,0.23,43.4,5.1,10,0,0.52,1
8.78,22.01,0.29,64.85,17.56,23,0,0.6,1
3.19,5.27,0.22,46.92,6.37,22,0,0.72,1
4.54,7.34,0.37,58.14,9.08,9,0,0.71,1
3.67,13.92,0.42,51.62,7.34,18,1,0.68,1
3.15,8.73,0.14,40.44,6.3,0,0,0.74,1
12.47,23.37,0.39,100.49,24.95,23,0,0.66,1
4.64,6.09,0.17,64.25,9.29,13,0,0.57,1
13.94,33.09,0.36,98.77,27.89,8,0,1.0,1
14.56,25.67,0.37,124.01,29.13,4,0,1.0,1
8.78,13.15,0.47,115.0,17.57,11,1,0.63,1
2.57,2.81,0.11,34.74,5.15,19,0,0.58,1
5.93,11.99,0.23,69.09,11.86,17,0,0.79,1
12.07,34.46,0.15,136.81,24.13,16,0,0.73,1
5.83,9.45,0.45,54.91,11.65,19,0,0.31,1
1.76,2.17,0.41,32.66,3.52,7,0,0.61,1
8.57,25.79,0.48,96.4,17.15,0,1,0.37,1
12.75,22.43,0.18,112.99,25.51,3,0,0.61,1
12.04,45.72,0.13,89.47,24.08,11,0,0.8,0
3.04,11.05,0.3,40.14,6.08,15,0,0.75,1
10.26,16.75,0.4,79.13,20.51,4,0,0.4,1
3.7,7.81,0.09,63.94,7.39,17,1,0.65,1
3.66,4.15,0.15,44.36,7.33,17,1,0.76,1
13.17,18.78,0.26,134.8,26.35,18,0,0.86,1
4.12,6.98,0.33,52.96,8.24,12,0,0.71,1
4.32,7.77,0.24,58.8,8.63,0,0,0.75,1
0.51,0.82,0.38,24.32,1.02,7,0,0.61,1
13.12,46.82,0.39,152.43,26.25,0,0,0.61,0
11.99,13.04,0.58,153.25,23.99,19,0,0.62,1
9.6,9.61,0.27,87.15,19.19,6,0,0.7,1
11.38,29.47,0.44,91.52,22.76,18,0,0.46,1
2.7,7.95,0.18,52.16,5.41,2,0,0.51,1
7.15,19.98,0.36,99.05,14.29,20,1,0.76,1
5.59,7.5,0.25,62.21,11.19,17,0,0.68,1
1.86,2.49,0.39,40.95,3.72,20,0,0.55,1
7.55,8.52,0.25,93.18,15.1,17,0,0.71,1
13.85,17.02,0.09,131.66,27.7,23,1,0.6,1
1.08,1.84,0.24,32.01,2.16,20,0,0.75,1
4.73,6.66,0.45,65.97,9.45,5,0,0.72,1
3.51,4.58,0.15,57.85,7.02,19,0,0.67,1
3.95,6.23,0.24,51.33,7.91,13,0,0.53,1
13.67,22.53,0.16,164.8,27.34,6,0,0.58,1
7.29,9.93,0.38,75.15,14.57,10,0,0.59,1
7.26,10.87,0.41,93.67,14.52,20,0,0.53,1
11.53,15.73,0.16,112.79,23.06,4,0,0.71,1
2.74,3.86,0.24,41.47,5.48,12,0,0.74,1
7.57,9.58,0.11,100.01,15.13,12,0,0.86,1
6.73,9.2,0.34,59.57,13.47,0,1,0.68,1
9.16,14.31,0.16,125.26,18.31,1,1,0.71,1
14.99,19.69,0.38,148.36,29.99,17,0,0.58,1
11.66,19.85,0.63,130.19,23.31,3,0,0.66,1
6.27,14.54,0.21,69.13,12.54,13,0,0.76,1
12.5,49.79,0.03,139.01,25.0,4,0,0.69,0
2.98,4.44,0.13,49.66,5.95,15,0,1.0,1
0.94,1.36,0.14,30.43,1.88,19,0,0.57,1
3.46,3.54,0.31,58.04,6.93,2,1,0.45,1
5.44,10.43,0.42,60.8,10.87,19,1,0.57,1
7.9,14.49,0.19,93.59,15.81,13,0,0.93,1
9.42,23.47,0.25,118.56,18.84,4,0,0.91,1
13.7,45.24,0.12,161.89,27.41,11,0,0.65,0
7.89,9.51,0.36,108.69,15.79,12,0,0.71,1
7.77,17.77,0.11,104.08,15.54,15,0,0.86,1
1.23,1.74,0.33,32.32,2.46,15,0,0.88,1
1.01,1.31,0.08,30.31,2.01,18,0,0.37,1
8.49,14.07,0.31,110.46,16.98,21,1,0.75,1
6.85,7.55,0.09,94.47,13.71,3,0,0.93,1
12.67,21.73,0.01,114.61,25.34,12,0,0.77,1
2.83,6.1,0.13,49.64,5.66,17,0,0.42,1
0.86,0.94,0.68,30.04,1.72,12,0,1.0,1
7.01,7.82,0.38,66.49,14.02,11,0,0.81,1
3.94,10.57,0.47,41.05,7.89,18,0,0.48,1
1.22,4.53,0.13,26.72,2.44,16,0,0.62,1
11.01,34.67,0.3,91.73,22.01,9,0,0.81,1
2.12,4.56,0.15,44.23,4.24,6,0,0.64,1
9.32,9.52,0.18,74.88,18.64,20,1,0.91,1
4.58,6.84,0.39,66.82,9.15,13,0,0.83,1
3.02,5.69,0.37,53.38,6.03,6,0,0.77,1
6.01,6.55,0.41,86.93,12.01,20,0,0.57,1
12.12,20.55,0.22,115.96,24.24,0,1,0.75,1
6.19,12.72,0.69,72.37,12.37,13,0,1.0,1
11.39,11.91,0.33,102.69,22.77,2,0,0.8,1
2.32,2.61,0.22,33.99,4.64,8,0,0.81,1
11.71,13.26,0.09,95.91,23.41,10,1,0.49,1
3.94,6.21,0.26,43.39,7.87,22,1,0.64,1
10.32,12.26,0.14,101.06,20.64,14,0,0.71,1
8.7,22.64,0.09,73.9,17.41,22,1,0.71,1
13.97,20.55,0.48,129.32,27.95,4,0,0.85,1
6.12,6.19,0.2,87.02,12.23,18,0,0.53,1
1.46,3.12,0.36,33.98,2.92,3,0,0.74,1
0.78,0.92,0.27,27.5,1.56,19,0,0.72,1
12.49,20.21,0.2,153.43,24.98,12,0,0.91,1
8.11,28.97,0.19,62.88,16.22,5,0,0.74,1
11.74,14.28,0.43,144.0,23.48,21,0,0.62,1
3.9,10.36,0.47,44.86,7.8,6,0,0.39,1
5.5,7.61,0.44,60.85,11.01,15,0,0.68,1
0.94,2.98,0.22,26.7,1.87,7,0,0.71,1
14.44,15.04,0.61,102.89,28.88,23,0,0.68,1
10.18,21.72,0.43,83.3,20.37,8,0,0.89,1
14.03,33.42,0.11,184.09,28.06,8,1,0.8,1
4.35,12.54,0.57,60.03,8.7,18,1,0.62,1
9.37,9.76,0.42,97.91,18.73,22,0,0.62,1
10.34,13.19,0.18,126.53,20.68,18,0,0.73,1
5.1,6.33,0.45,74.6,10.21,20,0,0.54,1
12.8,20.49,0.32,93.87,25.6,10,0,0.67,1
14.23,23.49,0.47,164.99,28.47,15,0,0.7,1
13.33,40.09,0.19,173.66,26.66,8,0,0.59,1
11.22,16.74,0.37,122.05,22.43,14,0,0.67,1
4.52,10.39,0.24,62.06,9.05,10,0,0.57,1
4.58,4.66,0.09,70.84,9.17,7,0,1.0,1
14.47,17.07,0.2,161.16,28.94,2,0,0.95,1
0.65,1.16,0.23,27.77,1.3,13,0,0.66,1
10.88,29.94,0.31,95.95,21.77,5,0,0.55,1
10.74,12.8,0.12,137.27,21.48,4,0,0.25,1
9.53,27.9,0.09,108.49,19.06,10,0,0.49,1
14.86,37.9,0.05,132.32,29.71,9,0,0.84,1
5.02,12.29,0.67,76.16,10.04,19,0,0.68,1
5.43,8.13,0.17,85.01,10.86,10,0,0.74,1
1.64,1.96,0.39,28.89,3.29,5,0,0.79,1
6.92,14.25,0.27,99.44,13.84,7,0,0.63,1
4.29,13.67,0.29,47.52,8.57,23,0,0.87,1
5.48,9.16,0.19,55.27,10.96,13,0,0.78,1
12.6,15.54,0.27,86.69,25.2,12,0,0.67,1
14.06,33.79,0.19,181.11,28.13,2,0,0.69,1
3.19,7.7,0.24,52.94,6.39,5,1,0.87,1
5.9,6.14,0.27,51.71,11.8,16,0,0.82,1
13.97,14.46,0.52,151.76,27.93,0,0,0.48,1
1.4,1.41,0.73,28.16,2.79,10,0,0.89,1
1.84,2.15,0.1,38.87,3.68,0,0,0.74,1
2.86,7.31,0.28,42.49,5.72,13,0,0.64,1
9.13,22.32,0.38,68.96,18.26,8,1,0.57,1
2.68,5.31,0.41,48.98,5.36,9,0,0.66,1
14.54,29.75,0.13,150.93,29.07,11,1,0.7,1
6.98,7.21,0.22,92.63,13.95,20,0,0.56,1
7.77,9.23,0.28,95.56,15.54,22,1,0.75,1
4.08,5.14,0.2,52.78,8.15,3,0,0.52,1
7.33,18.82,0.27,92.49,14.66,17,0,0.33,1
10.1,10.83,0.55,71.53,20.2,10,0,0.71,1
11.39,13.08,0.48,104.05,22.78,21,0,0.78,1
11.43,30.67,0.44,139.4,22.86,15,0,0.83,1
8.88,9.83,0.37,111.83,17.76,17,0,0.88,1
13.61,29.97,0.22,172.63,27.23,6,0,0.46,1
12.35,39.76,0.21,134.6,24.7,19,0,0.73,1
11.48,15.46,0.36,153.08,22.95,3,1,0.84,1
1.31,1.76,0.3,31.63,2.61,1,0,0.71,1
0.6,1.87,0.44,25.1,1.2,8,0,0.69,1
3.58,7.32,0.17,42.85,7.16,11,0,0.77,1
10.12,10.18,0.16,125.78,20.24,18,0,0.87,1
6.46,8.52,0.24,83.62,12.92,21,0,0.7,1
6.33,7.94,0.53,72.11,12.67,8,0,0.74,1
13.33,32.53,0.09,94.76,26.65,23,1,0.6,1
13.49,43.63,0.51,99.29,26.97,22,0,0.58,0
13.68,29.9,0.16,99.38,27.37,9,0,0.47,1
5.05,11.57,0.33,58.54,10.1,8,0,0.42,1
10.52,24.7,0.44,84.31,21.04,4,0,0.78,1
4.44,11.25,0.43,68.94,8.88,22,0,0.68,1
3.26,4.79,0.4,56.87,6.53,20,0,0.68,1
3.18,6.4,0.47,54.94,6.35,0,0,0.81,1
5.46,6.31,0.14,70.58,10.92,15,0,0.98,1
6.73,17.36,0.12,81.78,13.47,22,0,0.71,1
12.55,20.97,0.15,161.0,25.1,8,0,0.52,1
2.24,8.6,0.26,37.56,4.48,4,0,0.71,1
11.16,18.25,0.4,80.65,22.31,3,1,0.83,1
8.21,28.11,0.36,88.05,16.41,4,1,0.44,0
4.68,4.75,0.47,61.5,9.35,3,0,0.88,1
7.65,9.07,0.23,87.64,15.29,13,0,0.56,1
4.85,7.85,0.44,49.64,9.7,7,0,0.91,1
9.14,29.03,0.17,115.86,18.29,12,0,0.68,1
6.79,9.78,0.38,88.75,13.58,20,1,0.56,1
2.88,3.52,0.13,39.06,5.77,10,1,0.78,1
2.19,5.57,0.33,39.4,4.38,20,1,0.6,1
8.43,12.46,0.16,108.76,16.85,20,0,0.35,1
13.58,15.78,0.47,88.66,27.17,22,0,0.66,1
5.49,6.64,0.58,58.01,10.97,13,0,0.95,1
11.13,13.06,0.22,112.41,22.26,9,0,0.58,1
10.05,11.05,0.32,129.7,20.1,6,1,0.44,1
14.01,14.69,0.21,168.38,28.02,18,0,0.54,1
12.4,22.38,0.26,95.13,24.81,16,0,0.61,1
8.72,12.88,0.29,91.81,17.43,23,1,0.93,1
10.03,11.89,0.31,91.52,20.05,3,0,0.44,1
13.53,17.5,0.15,125.64,27.05,19,0,0.65,1
6.29,6.31,0.54,75.28,12.59,13,1,0.5,1
5.24,20.13,0.17,64.5,10.48,22,1,0.77,1
0.66,1.27,0.1,23.93,1.31,11,0,0.86,1
12.48,27.1,0.41,93.06,24.97,10,1,0.76,1
12.11,27.12,0.55,91.62,24.23,22,1,0.73,1
2.01,4.83,0.32,41.94,4.03,23,1,0.52,1
8.86,11.34,0.11,65.56,17.73,0,0,0.63,1
7.23,23.05,0.39,66.38,14.46,8,0,0.71,1
2.22,2.76,0.34,45.97,4.44,0,0,0.91,1
14.72,19.11,0.22,100.39,29.44,9,0,0.52,1
3.61,8.25,0.03,38.98,7.23,10,0,0.59,1
1.47,3.35,0.13,31.37,2.95,4,0,0.74,1
9.13,12.65,0.15,75.28,18.25,8,0,0.89,1
11.21,13.65,0.31,120.48,22.43,2,0,0.6,1
0.97,1.07,0.44,27.15,1.94,1,0,1.0,1
10.05,11.31,0.13,84.96,20.1,17,1,0.6,1
8.22,8.44,0.15,118.54,16.44,13,0,0.53,1
2.0,2.91,0.31,34.76,3.99,22,0,0.65,1
3.0,3.22,0.51,48.48,6.0,4,0,0.57,1
8.74,10.2,0.25,117.13,17.47,23,0,0.72,1
4.8,5.21,0.35,74.96,9.59,13,0,0.82,1
14.11,54.52,0.21,131.02,28.21,4,0,0.81,0
12.37,12.7,0.03,166.4,24.74,1,0,0.82,1
14.76,24.39,0.23,168.68,29.52,6,0,0.65,1
4.27,5.03,0.57,58.74,8.53,22,1,0.71,1
14.56,42.16,0.19,163.47,29.12,17,0,0.47,0
6.75,12.35,0.34,70.79,13.51,15,1,0.54,1
5.54,12.21,0.36,64.15,11.08,21,0,0.85,1
1.23,2.62,0.62,31.2,2.46,4,0,0.67,1
1.27,3.69,0.34,29.22,2.53,19,0,0.69,1
10.53,12.33,0.16,129.36,21.07,11,0,0.76,1
7.14,27.79,0.2,68.25,14.28,12,0,0.38,0
3.78,7.81,0.27,60.03,7.57,7,1,0.75,1
9.4,24.69,0.05,77.03,18.81,13,0,0.63,1
4.17,6.02,0.35,47.17,8.33,23,0,0.82,1
8.88,20.14,0.17,111.17,17.75,4,0,0.68,1
5.71,12.85,0.4,59.06,11.42,3,0,0.55,1
12.44,20.19,0.1,151.48,24.88,8,0,0.66,1
12.4,16.77,0.2,150.04,24.8,14,0,0.52,1
7.42,21.77,0.07,70.47,14.84,13,0,0.9,1
5.59,14.64,0.33,50.79,11.17,4,0,0.76,1
5.76,13.22,0.57,55.49,11.51,14,0,0.86,1
12.18,12.43,0.09,145.09,24.37,3,0,0.83,1
5.26,9.6,0.21,77.47,10.52,17,0,0.58,1
3.53,5.05,0.17,47.13,7.06,21,0,0.72,1
1.73,4.01,0.19,30.63,3.46,4,0,0.75,1
7.27,11.76,0.16,60.17,14.53,21,0,0.8,1
7.49,24.51,0.19,68.77,14.98,16,0,0.8,1
12.69,45.98,0.12,170.51,25.39,21,0,0.63,0
3.71,6.16,0.39,42.96,7.42,20,0,0.79,1
6.02,10.97,0.07,53.76,12.05,13,0,0.75,1
12.22,34.66,0.39,148.31,24.44,22,1,0.57,0
12.44,16.25,0.09,135.81,24.89,16,0,0.61,1
6.08,6.11,0.06,73.13,12.15,18,0,0.79,1
7.16,13.09,0.53,78.22,14.31,12,0,0.69,1
4.9,6.82,0.28,68.55,9.8,12,0,0.69,1
14.02,14.42,0.35,158.66,28.04,12,1,0.6,1
2.22,2.54,0.41,37.7,4.44,1,0,0.86,1
14.04,23.49,0.04,113.22,28.08,14,0,0.9,1
10.42,12.97,0.06,133.42,20.83,21,0,0.61,1
8.21,23.72,0.12,70.5,16.42,0,0,0.82,1
0.97,1.54,0.37,28.51,1.95,14,0,0.8,1
7.4,16.1,0.21,92.84,14.79,15,0,0.62,1
6.41,17.29,0.28,80.74,12.82,10,0,0.62,1
2.84,4.98,0.3,46.48,5.68,2,0,0.8,1
10.02,28.77,0.27,116.55,20.04,19,0,0.44,1
14.58,18.83,0.61,182.29,29.16,21,0,0.38,1
8.65,14.61,0.46,85.39,17.3,20,0,0.89,1
10.86,16.76,0.43,122.03,21.73,13,0,0.71,1
1.49,4.15,0.28,34.74,2.99,20,0,0.77,1
6.56,18.48,0.49,79.87,13.11,4,0,1.0,1
2.19,3.18,0.32,44.76,4.37,16,0,0.73,1
9.39,9.49,0.52,109.95,18.77,23,0,0.77,1
14.11,43.79,0.53,132.45,28.22,1,0,0.67,0
10.1,21.74,0.09,130.24,20.19,21,0,0.63,1
1.61,1.79,0.31,33.6,3.23,6,0,0.52,1
5.64,18.55,0.39,69.15,11.29,9,0,0.79,1
8.48,9.36,0.29,97.01,16.97,9,0,0.72,1
6.35,9.87,0.45,66.07,12.69,19,0,0.56,1
12.59,22.63,0.36,146.61,25.18,7,0,0.85,1
12.31,25.53,0.33,90.02,24.63,0,0,0.62,1
9.37,19.82,0.18,123.85,18.74,15,1,0.72,1
5.92,12.34,0.05,80.82,11.83,8,0,0.79,1
4.2,4.6,0.36,51.41,8.4,15,0,0.74,1
2.04,2.57,0.36,33.4,4.07,19,1,0.67,1
5.65,7.51,0.18,63.56,11.29,14,0,0.5,1
6.49,7.64,0.28,89.03,12.98,8,0,0.74,1
10.3,23.26,0.26,73.77,20.6,11,0,0.85,1
10.04,14.08,0.44,103.11,20.09,1,0,0.53,1
1.52,2.55,0.46,30.28,3.03,9,0,0.5,1
6.23,7.45,0.13,89.32,12.46,23,0,0.92,1
3.14,6.51,0.12,44.76,6.27,20,0,0.55,1
2.77,3.79,0.28,47.42,5.55,22,0,0.62,1
12.5,13.71,0.4,113.78,24.99,15,0,0.66,1
1.11,2.01,0.36,28.1,2.22,4,0,0.83,1
6.58,21.93,0.53,67.9,13.16,12,1,0.49,1
2.94,4.61,0.74,48.65,5.88,21,0,0.66,1
13.25,26.01,0.04,175.69,26.5,6,0,0.53,1
8.58,11.37,0.25,75.38,17.15,8,1,1.0,1
3.86,4.0,0.07,56.65,7.71,21,0,0.61,1
7.79,12.68,0.17,73.39,15.57,16,1,0.55,1
11.11,18.52,0.09,118.24,22.21,16,0,0.59,1
14.39,19.42,0.27,146.53,28.79,16,0,0.67,1
3.7,11.28,0.35,50.13,7.39,4,0,0.72,1
13.35,30.33,0.13,133.35,26.7,5,0,0.81,1
14.05,14.96,0.24,176.79,28.09,5,0,0.58,1
13.79,18.32,0.25,97.49,27.58,8,0,0.59,1
9.71,37.35,0.27,125.02,19.43,9,0,0.39,0
9.63,23.87,0.1,99.33,19.26,16,0,0.54,1
6.35,8.33,0.29,66.55,12.69,2,1,0.61,1
11.41,13.86,0.11,91.2,22.82,19,1,0.93,1
8.2,9.32,0.34,107.81,16.41,8,1,0.71,1
10.32,22.0,0.55,114.4,20.65,0,0,0.65,1
6.71,7.08,0.38,87.79,13.43,23,0,0.93,1
11.11,16.71,0.08,100.02,22.21,18,0,0.66,1
12.45,16.12,0.4,116.53,24.91,13,0,0.57,1
2.62,3.76,0.24,49.89,5.25,7,0,0.58,1
12.58,36.77,0.05,167.51,25.15,17,0,0.53,1
8.33,8.57,0.14,104.83,16.67,5,1,0.58,1
12.75,37.26,0.46,150.61,25.5,1,0,0.71,0
6.75,15.31,0.21,86.6,13.51,6,0,0.67,1
6.0,6.97,0.21,74.63,11.99,5,0,0.86,1
13.77,19.28,0.43,146.19,27.54,10,0,0.75,1
4.14,4.71,0.5,68.65,8.28,22,0,0.85,1
12.74,20.01,0.39,150.68,25.48,9,0,0.91,1
7.52,14.11,0.13,92.08,15.04,21,0,0.81,1
7.95,8.45,0.16,70.3,15.91,10,0,0.57,1
4.97,17.94,0.27,78.88,9.95,7,1,0.67,1
8.81,9.87,0.57,96.13,17.62,12,0,0.87,1
5.22,12.33,0.41,80.53,10.43,5,0,0.92,1
1.07,1.21,0.16,30.69,2.14,9,1,0.73,1
4.44,12.54,0.21,43.47,8.89,17,0,1.0,1
0.59,0.86,0.55,25.2,1.18,14,0,0.64,1
14.69,16.03,0.24,185.2,29.37,4,0,0.76,1
14.5,23.97,0.29,97.77,29.01,10,0,0.49,1
6.23,7.69,0.31,88.95,12.46,20,0,0.73,1
11.06,12.96,0.64,122.8,22.12,3,0,0.81,1
5.51,6.87,0.4,49.29,11.03,12,0,0.9,1
10.23,10.84,0.28,97.91,20.46,14,0,0.29,1
12.18,20.81,0.09,83.47,24.36,1,0,0.48,1
14.23,37.46,0.08,91.31,28.46,6,0,0.63,1
6.3,22.05,0.18,91.07,12.61,5,0,0.36,1
11.86,27.27,0.06,141.42,23.72,18,0,0.73,1
4.36,12.19,0.21,50.61,8.71,14,0,0.96,1
14.86,22.23,0.28,106.13,29.72,22,0,0.65,1
0.87,2.25,0.31,24.7,1.75,23,0,0.83,1
9.25,33.13,0.19,125.65,18.5,13,0,0.7,1
10.06,36.33,0.19,114.38,20.13,15,0,0.57,1
10.48,11.99,0.15,84.16,20.95,19,1,0.53,1
2.25,3.24,0.41,41.94,4.49,23,1,0.8,1
14.11,27.21,0.06,189.19,28.22,21,0,0.8,1
3.13,3.4,0.41,52.89,6.25,20,0,0.71,1
9.53,31.49,0.08,97.44,19.06,23,0,0.73,1
3.73,3.78,0.36,59.9,7.46,21,0,0.98,1
4.95,6.96,0.34,70.59,9.91,9,0,0.93,1
8.42,21.73,0.34,67.35,16.85,23,0,0.51,1
6.55,8.63,0.27,95.19,13.1,5,0,0.47,1
2.82,3.43,0.27,51.59,5.65,14,0,0.8,1
2.98,5.21,0.21,47.21,5.96,3,0,0.47,1
6.56,7.32,0.02,76.16,13.13,1,0,0.76,1
11.48,31.62,0.43,95.71,22.96,18,0,0.86,1
13.52,29.45,0.26,166.58,27.04,6,1,0.59,1
1.72,5.37,0.37,33.8,3.44,10,1,0.69,1
6.2,15.19,0.18,76.14,12.4,21,0,0.8,1
1.95,4.55,0.15,32.09,3.91,14,0,0.63,1
0.74,0.79,0.21,24.81,1.48,21,0,0.84,1
10.09,32.71,0.14,140.09,20.19,15,0,0.66,1
9.24,16.19,0.5,98.11,18.47,4,0,0.77,1
2.86,4.41,0.26,50.67,5.73,8,0,0.47,1
3.89,4.21,0.42,62.05,7.78,0,0,0.71,1
0.84,0.85,0.19,30.02,1.69,12,0,0.78,1
12.61,15.47,0.44,169.77,25.21,2,0,0.6,1
14.63,14.96,0.22,139.97,29.27,4,0,0.59,1
2.46,2.93,0.44,48.71,4.93,22,0,0.85,1
3.86,3.97,0.06,49.15,7.71,13,0,0.8,1
13.09,16.77,0.27,141.15,26.18,4,0,0.72,1
13.93,44.97,0.19,169.82,27.87,19,0,0.79,0
6.58,11.94,0.27,95.04,13.17,13,0,0.45,1
1.23,1.68,0.45,30.7,2.47,20,0,0.71,1
1.07,2.09,0.25,28.49,2.14,0,0,0.57,1
8.82,19.39,0.34,109.1,17.64,10,0,0.69,1
6.2,9.07,0.18,70.76,12.39,4,0,0.47,1
0.92,0.96,0.3,28.88,1.83,2,0,0.79,1
8.96,32.43,0.29,115.21,17.91,9,1,0.53,1
0.66,0.8,0.22,27.23,1.33,21,1,1.0,1
11.92,15.05,0.46,100.8,23.83,8,1,0.69,1
4.94,5.08,0.11,64.49,9.89,14,0,0.63,1
1.08,1.14,0.28,25.61,2.17,5,0,0.67,1
9.03,10.99,0.47,115.59,18.06,21,0,0.44,1
6.27,9.79,0.43,56.82,12.53,5,1,0.68,1
14.62,36.26,0.17,182.31,29.24,22,0,0.83,1
8.39,12.73,0.08,85.85,16.78,21,0,0.77,1
4.49,5.45,0.73,47.71,8.98,7,0,0.62,1
10.79,11.7,0.54,134.02,21.57,1,0,0.91,1
4.44,5.27,0.29,48.4,8.87,23,0,0.61,1
13.61,34.33,0.51,125.64,27.22,3,0,0.64,1
5.93,8.48,0.21,73.21,11.87,1,0,0.57,1
8.47,16.98,0.3,83.72,16.95,8,0,0.5,1
1.23,4.8,0.42,27.71,2.47,4,0,0.84,1
6.68,16.69,0.35,72.38,13.36,18,0,0.59,1
12.57,37.53,0.19,95.54,25.14,18,0,0.73,0
12.18,13.81,0.71,142.23,24.36,8,1,0.62,1
3.75,8.45,0.18,43.27,7.51,4,0,0.87,1
3.78,8.15,0.62,51.65,7.56,15,0,0.84,1
12.35,12.73,0.44,130.2,24.7,6,0,0.48,1
13.99,26.18,0.34,182.51,27.98,1,1,0.74,1
1.88,7.32,0.36,30.45,3.77,13,1,0.7,1
7.03,15.18,0.43,100.89,14.05,21,0,0.84,1
5.39,15.89,0.28,54.83,10.79,0,0,0.74,1
13.12,40.12,0.24,162.89,26.25,7,0,0.86,1
1.71,5.55,0.34,29.64,3.42,16,0,0.82,1
3.56,5.12,0.58,62.45,7.12,18,0,0.77,1
11.41,29.11,0.17,141.56,22.82,5,0,0.84,1
1.24,2.39,0.38,26.77,2.49,13,0,0.63,1
7.64,8.52,0.2,69.66,15.28,7,1,0.65,1
6.91,12.16,0.22,81.09,13.82,10,1,0.92,1
5.35,5.71,0.76,66.35,10.7,13,0,0.86,1
6.22,9.98,0.53,78.51,12.44,9,1,0.82,1
8.18,14.9,0.08,87.47,16.37,16,0,0.77,1
2.84,3.49,0.39,48.79,5.68,11,1,0.44,1
8.79,28.84,0.08,85.42,17.59,3,1,0.77,1
12.18,38.41,0.45,95.93,24.36,18,0,0.67,1
11.52,15.59,0.06,80.34,23.04,16,0,0.87,1
2.73,4.44,0.05,39.87,5.46,4,0,0.65,1
2.66,3.16,0.37,41.28,5.33,23,0,0.28,1
4.39,4.68,0.15,62.19,8.78,13,0,0.78,1
5.74,10.6,0.56,81.06,11.47,6,0,0.66,1
6.42,9.21,0.2,62.91,12.85,2,0,0.67,1
10.36,16.56,0.38,107.53,20.71,4,0,0.7,1
1.32,1.34,0.34,28.77,2.64,4,0,0.9,1
1.0,1.15,0.13,31.69,2.01,7,0,1.0,1
6.18,6.62,0.49,78.94,12.37,21,0,0.71,1
10.61,24.07,0.23,123.39,21.22,2,1,0.56,1
3.3,3.98,0.34,48.81,6.61,22,1,0.34,1
9.8,21.83,0.27,88.35,19.6,0,0,0.98,1
4.27,10.5,0.55,47.32,8.54,1,0,1.0,1
13.35,13.93,0.61,148.1,26.7,6,1,0.5,1
13.49,51.0,0.11,174.46,26.98,14,0,0.74,0
4.81,4.94,0.17,51.22,9.62,13,0,0.71,1
3.83,10.6,0.13,54.52,7.67,12,1,0.45,1
6.46,7.48,0.07,76.27,12.93,11,0,0.75,1
3.99,8.73,0.16,57.85,7.98,17,0,0.79,1
10.25,19.98,0.09,113.42,20.5,1,0,0.66,1
12.48,30.24,0.39,106.22,24.96,6,0,0.72,1
10.26,14.89,0.03,120.96,20.52,9,0,0.77,1
12.45,24.37,0.14,106.03,24.91,19,1,0.69,1
6.26,8.42,0.29,79.88,12.51,22,0,0.66,1
2.77,10.57,0.34,39.64,5.53,9,0,0.65,1
11.2,37.55,0.26,82.46,22.4,5,0,0.79,0
5.73,17.63,0.18,53.73,11.45,3,0,0.78,1
10.23,18.14,0.26,130.92,20.47,7,0,0.85,1
4.42,5.14,0.23,45.88,8.85,12,0,0.74,1
1.68,1.83,0.43,32.27,3.36,4,1,0.82,1
14.89,34.35,0.2,124.45,29.78,7,0,0.92,1
2.76,4.06,0.27,34.94,5.53,7,0,0.5,1
14.83,17.95,0.29,156.41,29.66,8,0,0.75,1
14.67,31.44,0.11,175.38,29.34,13,1,0.75,1
12.01,21.57,0.27,163.48,24.02,10,0,0.58,1
10.06,15.65,0.41,136.23,20.12,22,0,0.81,1
8.88,25.28,0.21,67.46,17.76,9,0,0.67,1
13.06,48.46,0.21,108.83,26.12,6,0,0.67,0
4.7,12.88,0.05,57.03,9.39,12,0,0.44,1
7.28,10.11,0.16,101.01,14.56,21,0,0.7,1
9.48,31.06,0.49,91.3,18.96,8,0,0.72,1
6.46,16.47,0.13,78.11,12.92,7,0,0.86,1
6.7,13.31,0.28,84.42,13.4,16,0,0.86,1
5.29,17.15,0.2,57.48,10.58,23,0,0.68,1
8.68,22.05,0.11,98.77,17.36,13,0,0.79,1
12.83,13.75,0.04,88.74,25.67,17,0,0.85,1
3.42,12.94,0.31,48.61,6.84,8,0,0.62,1
14.05,18.98,0.23,127.47,28.1,21,0,0.59,1
10.49,19.49,0.18,98.59,20.98,20,0,0.59,1
12.44,16.48,0.22,102.64,24.87,22,0,0.73,1
8.56,12.39,0.01,111.85,17.13,14,0,0.62,1
11.8,28.26,0.28,151.88,23.61,15,0,0.62,1
0.73,0.83,0.15,28.24,1.47,19,0,0.52,1
12.37,19.98,0.56,116.12,24.73,8,0,0.9,1
1.08,1.25,0.28,27.37,2.16,9,0,0.72,1
13.4,24.17,0.18,96.25,26.81,13,0,0.57,1
14.88,15.06,0.13,164.47,29.77,11,0,0.9,1
4.76,5.75,0.42,54.83,9.53,7,0,0.81,1
3.55,3.64,0.69,44.62,7.1,16,0,0.44,1
11.6,18.24,0.51,108.14,23.2,16,0,0.7,1
4.17,6.89,0.23,57.03,8.34,18,0,0.84,1
13.05,15.98,0.23,100.05,26.1,23,1,0.5,1
1.99,2.19,0.3,43.36,3.98,23,0,0.52,1
2.33,2.39,0.15,43.56,4.65,17,0,0.66,1
14.7,29.79,0.34,98.3,29.4,12,1,0.81,0
10.27,12.1,0.06,93.41,20.54,16,0,0.88,1
12.78,31.32,0.67,88.4,25.56,3,0,0.68,1
5.2,7.89,0.22,54.37,10.41,17,1,0.56,1
10.31,26.78,0.37,92.23,20.62,20,0,0.69,1
9.12,17.86,0.12,111.4,18.23,22,0,0.53,1
9.25,9.75,0.48,112.75,18.49,9,0,0.75,1
10.4,28.91,0.15,75.28,20.79,9,0,0.59,1
8.84,12.21,0.07,100.62,17.69,4,0,0.47,1
6.72,9.68,0.39,98.82,13.44,0,1,0.78,1
4.5,13.22,0.75,62.3,9.0,13,0,0.58,1
11.64,23.55,0.3,156.52,23.29,9,0,0.5,1
3.78,5.62,0.05,48.98,7.56,4,0,0.75,1
10.54,27.0,0.24,106.62,21.08,21,1,0.49,1
3.88,4.57,0.37,52.89,7.77,8,0,0.51,1
9.57,9.77,0.18,129.71,19.13,16,0,0.54,1
11.33,27.57,0.5,106.83,22.67,18,0,0.88,1
3.67,9.41,0.67,63.63,7.34,4,0,0.65,1
1.37,2.32,0.27,32.05,2.74,0,0,0.77,1
2.4,2.96,0.2,35.66,4.8,6,0,0.84,1
9.29,20.14,0.25,73.18,18.57,0,0,0.66,1
12.82,48.38,0.34,99.59,25.63,9,0,0.71,0
1.15,1.76,0.2,26.08,2.3,2,0,0.79,1
11.15,11.52,0.3,129.74,22.29,16,0,0.71,1
5.45,10.03,0.01,66.96,10.9,22,0,0.67,1
7.44,13.16,0.17,95.62,14.88,9,0,0.73,1
13.97,14.3,0.3,166.33,27.94,8,0,0.64,1
5.31,6.89,0.16,81.21,10.63,8,0,0.6,1
7.25,9.18,0.25,62.17,14.49,10,0,0.64,1
0.7,1.04,0.31,24.4,1.4,12,1,0.62,1
1.68,1.72,0.1,34.88,3.37,8,0,0.82,1
4.25,5.54,0.16,45.1,8.5,20,0,0.45,1
0.9,0.98,0.61,25.11,1.81,11,0,0.8,1
9.65,12.47,0.15,113.31,19.31,6,1,1.0,1
6.68,8.34,0.12,87.32,13.37,21,1,0.72,1
8.45,18.06,0.47,112.12,16.9,21,0,0.69,1
3.03,6.35,0.37,54.6,6.06,2,0,0.58,1
4.79,5.72,0.43,58.8,9.58,11,1,0.46,1
10.13,21.43,0.43,140.08,20.25,12,0,0.65,1
14.5,21.57,0.41,96.33,28.99,21,0,0.69,1
1.23,2.82,0.57,33.65,2.46,9,0,0.42,1
13.41,15.54,0.37,117.23,26.82,5,0,0.58,1
8.86,26.63,0.45,121.52,17.73,20,0,0.55,1
8.68,9.95,0.46,76.9,17.35,19,0,0.85,1
7.75,11.04,0.04,98.99,15.51,4,0,0.76,1
1.51,3.86,0.28,32.02,3.01,22,0,0.66,1
1.8,2.75,0.23,33.83,3.61,12,0,0.74,1
9.21,19.95,0.09,69.9,18.43,19,0,0.67,1
5.44,11.05,0.38,74.12,10.89,19,0,0.93,1
13.8,26.87,0.25,105.94,27.6,8,1,0.73,1
6.4,21.5,0.26,72.71,12.79,8,1,0.68,1
2.58,2.61,0.28,35.44,5.16,6,0,0.57,1
10.86,39.7,0.31,120.28,21.73,6,0,0.83,0
4.75,6.36,0.26,51.46,9.51,0,0,0.27,1
8.12,15.37,0.16,94.38,16.24,17,0,0.5,1
10.62,14.46,0.09,143.45,21.24,11,1,0.94,1
13.55,26.21,0.36,175.14,27.11,13,0,0.39,1
11.99,15.87,0.18,96.75,23.97,14,0,0.57,1
10.31,12.93,0.09,78.69,20.61,2,0,0.78,1
10.35,13.48,0.02,74.87,20.71,2,0,0.74,1
14.22,42.38,0.24,173.53,28.43,18,0,0.65,1
4.79,6.45,0.5,52.31,9.58,8,0,0.61,1
0.52,1.12,0.22,23.61,1.03,17,0,0.54,1
4.44,16.36,0.37,49.25,8.89,0,1,0.74,1
3.66,6.52,0.07,59.82,7.32,16,1,0.61,1
10.1,17.55,0.18,139.67,20.19,21,1,0.34,1
9.69,16.14,0.24,119.66,19.38,11,0,0.51,1
9.11,11.69,0.19,118.02,18.21,22,0,0.78,1
0.74,1.53,0.25,26.87,1.47,17,0,0.91,1
11.07,22.75,0.4,116.3,22.13,1,0,0.7,1
5.19,17.57,0.28,72.18,10.38,23,0,0.59,1
10.14,13.26,0.11,73.26,20.29,6,1,0.74,1
8.57,12.68,0.13,66.54,17.14,3,0,0.66,1
5.47,10.68,0.13,73.66,10.94,22,0,0.8,1
2.45,3.15,0.46,38.01,4.9,3,1,0.96,1
1.87,2.86,0.31,35.74,3.74,20,1,0.6,1
12.56,20.86,0.2,151.52,25.11,10,0,1.0,1
13.82,21.81,0.13,144.91,27.63,23,0,0.54,1
9.92,13.64,0.26,125.54,19.84,3,0,0.41,1
2.0,2.68,0.2,35.87,4.0,22,0,0.67,1
6.33,13.56,0.24,64.38,12.66,14,0,0.42,1
11.07,31.13,0.35,93.54,22.14,1,0,0.61,1
11.81,32.13,0.4,89.92,23.61,1,0,0.49,1
2.21,3.04,0.33,31.64,4.43,8,0,0.66,1
0.5,0.55,0.42,22.69,1.0,12,0,0.72,1
10.83,19.43,0.07,94.67,21.65,14,0,0.65,1
5.67,15.04,0.31,59.4,11.34,23,0,0.72,1
4.19,5.13,0.44,52.15,8.38,18,0,0.67,1
0.69,0.79,0.21,26.28,1.37,6,0,0.5,1
8.33,9.15,0.04,105.97,16.67,16,1,0.59,1
12.84,18.21,0.2,101.98,25.68,15,0,0.53,1
14.39,16.06,0.39,168.38,28.77,3,0,0.66,1
8.7,33.27,0.47,71.98,17.41,3,0,0.66,0
7.96,24.09,0.16,114.89,15.92,7,0,0.74,1
1.73,5.43,0.18,32.12,3.47,19,0,0.51,1
8.46,10.78,0.4,111.87,16.92,10,0,0.7,1
6.01,19.89,0.17,58.06,12.02,8,0,0.58,1
9.3,14.95,0.34,128.43,18.61,22,0,0.72,1
6.14,10.15,0.16,86.19,12.27,13,1,0.66,1
3.98,8.25,0.13,49.95,7.97,9,0,0.83,1
1.88,2.08,0.15,34.92,3.75,15,0,0.67,1
5.07,13.41,0.09,45.47,10.13,13,0,0.29,1
1.9,3.7,0.36,32.85,3.8,20,0,0.74,1
3.07,3.69,0.03,41.53,6.13,23,0,0.48,1
14.82,54.31,0.16,141.04,29.63,19,0,0.8,0
6.94,9.19,0.32,61.45,13.88,9,1,0.62,1
8.21,9.52,0.38,88.58,16.42,21,0,0.69,1
13.17,13.87,0.44,147.45,26.33,20,0,0.9,1
14.94,16.46,0.12,133.5,29.87,18,0,0.73,1
8.95,18.28,0.47,79.29,17.9,7,0,0.7,1
12.28,17.8,0.39,128.49,24.56,5,0,0.75,1
5.24,17.02,0.4,47.27,10.48,19,1,0.52,1
4.93,11.13,0.68,56.44,9.87,0,0,0.88,1
6.34,19.77,0.28,75.11,12.68,15,0,0.62,1
10.25,21.08,0.33,95.36,20.5,0,0,0.69,1
10.39,11.47,0.36,97.09,20.78,2,0,0.66,1
5.07,9.94,0.17,75.47,10.14,7,0,0.49,1
2.43,3.62,0.68,48.06,4.86,7,0,0.4,1
9.67,16.82,0.22,124.35,19.34,1,0,0.67,1
2.36,3.97,0.34,33.44,4.72,11,1,0.84,1
8.89,9.1,0.15,82.47,17.78,15,0,0.78,1
10.55,22.36,0.04,125.33,21.11,10,0,0.88,1
10.66,14.79,0.38,146.0,21.32,16,0,0.99,1
11.43,20.22,0.33,96.5,22.85,13,0,0.68,1
13.16,44.47,0.07,168.5,26.31,4,0,0.62,0
7.75,12.56,0.22,98.84,15.5,0,1,0.64,1
11.09,12.89,0.08,151.78,22.18,7,0,0.69,1
9.48,29.25,0.17,73.6,18.96,8,1,0.76,1
3.21,10.61,0.26,44.89,6.41,1,0,0.54,1
0.87,2.39,0.09,27.28,1.74,12,0,0.57,1
4.63,5.62,0.11,64.89,9.25,10,0,0.67,1
6.92,8.73,0.36,86.32,13.85,15,0,0.83,1
9.45,14.02,0.24,127.18,18.9,3,0,0.68,1
12.82,21.33,0.56,159.41,25.65,21,0,0.84,1
3.35,3.65,0.42,38.02,6.69,6,0,0.74,1
2.32,2.81,0.19,39.51,4.64,20,0,0.68,1
14.47,16.85,0.73,133.58,28.94,16,0,0.74,1
2.07,2.4,0.55,44.76,4.13,6,0,0.69,1
7.44,10.16,0.29,79.44,14.88,22,0,0.67,1
8.99,15.15,0.13,107.91,17.98,20,0,0.88,1
8.35,9.29,0.39,78.37,16.7,1,0,0.85,1
1.75,1.85,0.4,36.26,3.49,17,0,0.68,1
1.33,4.95,0.21,28.55,2.65,8,0,0.66,1
2.03,7.03,0.29,38.72,4.06,8,1,0.88,1
8.99,9.28,0.24,119.6,17.98,10,0,0.67,1
8.39,18.33,0.48,63.1,16.79,3,0,0.8,1
3.89,4.3,0.43,53.18,7.78,3,0,0.82,1
9.75,18.0,0.26,135.77,19.5,22,0,0.86,1
12.39,36.52,0.41,95.77,24.78,4,0,0.87,1
1.1,3.55,0.2,26.93,2.21,16,0,0.69,1
7.72,21.02,0.16,84.07,15.45,4,0,0.89,1
10.5,23.99,0.25,136.46,20.99,3,0,0.82,1
4.16,6.75,0.57,57.17,8.32,2,0,0.63,1
4.96,6.39,0.11,62.49,9.93,0,0,0.79,1
9.4,9.49,0.3,72.7,18.8,19,0,0.85,1
13.52,23.27,0.19,178.64,27.04,2,0,0.58,1
12.24,19.17,0.39,110.97,24.49,7,0,0.75,1
8.96,13.96,0.03,80.56,17.91,22,0,0.88,1
11.09,16.94,0.15,107.4,22.18,5,1,0.61,1
5.79,9.07,0.27,65.74,11.58,21,0,0.81,1
9.79,38.17,0.04,100.41,19.59,1,0,0.52,1
7.26,28.89,0.69,91.29,14.52,0,0,0.49,1
3.25,10.07,0.5,56.04,6.51,19,0,0.74,1
10.68,32.73,0.17,77.66,21.35,3,0,0.63,1
8.57,11.0,0.12,92.28,17.14,8,0,0.97,1
5.7,14.12,0.06,65.02,11.4,11,0,0.51,1
13.71,14.89,0.24,89.62,27.43,18,0,0.68,1
0.8,0.85,0.37,28.61,1.61,13,0,0.64,1
5.08,5.17,0.16,49.1,10.16,17,0,0.66,1
1.32,1.39,0.05,27.69,2.65,16,1,1.0,1
11.61,25.59,0.27,82.0,23.23,22,1,0.59,1
10.68,16.89,0.16,88.39,21.36,17,0,0.59,1
5.3,13.9,0.23,53.09,10.61,16,0,0.86,1
10.3,12.05,0.22,96.56,20.59,8,0,0.4,1
6.24,6.81,0.23,80.01,12.48,11,0,0.72,1
11.47,12.91,0.49,81.69,22.93,23,0,0.45,1
7.09,12.32,0.5,98.1,14.17,18,0,0.41,1
6.48,7.91,0.54,67.2,12.96,14,0,0.67,1
14.05,43.48,0.26,149.94,28.11,17,0,0.4,0
4.14,14.77,0.06,41.04,8.28,16,0,0.53,1
2.25,2.76,0.31,36.98,4.49,13,0,0.59,1
8.98,15.77,0.48,65.01,17.95,9,0,0.86,1
14.56,14.6,0.36,109.63,29.11,19,0,0.74,1
5.98,18.51,0.31,68.64,11.96,21,0,0.67,1
1.4,1.57,0.47,32.24,2.8,1,0,0.86,1
5.42,8.89,0.45,52.9,10.84,15,0,0.23,1
7.84,9.0,0.46,100.06,15.67,5,0,0.44,1
2.85,3.3,0.27,38.01,5.7,4,0,0.47,1
10.04,10.72,0.45,78.36,20.08,0,0,0.86,1
14.97,31.62,0.13,129.77,29.93,6,0,0.82,1
7.05,7.33,0.42,82.46,14.1,6,0,0.72,1
5.64,15.51,0.26,87.28,11.29,12,0,0.92,1
6.31,20.26,0.21,70.05,12.62,4,0,0.85,1
2.17,3.78,0.18,37.32,4.34,19,0,0.81,1
13.31,15.27,0.09,92.06,26.61,17,0,0.55,1
6.51,10.77,0.15,87.5,13.03,22,0,0.79,1
6.12,7.01,0.4,58.36,12.23,7,0,0.84,1
10.07,12.63,0.5,122.81,20.13,14,0,0.9,1
6.91,16.97,0.17,98.59,13.82,15,0,0.74,1
9.9,10.29,0.09,122.73,19.8,8,0,0.59,1
1.39,4.71,0.35,33.21,2.78,15,0,0.67,1
12.3,13.31,0.27,133.49,24.6,5,0,0.85,1
14.14,29.56,0.08,135.58,28.27,10,0,0.74,1
9.91,15.85,0.2,79.56,19.81,12,0,0.55,1
14.34,25.3,0.51,169.89,28.68,1,0,0.74,1
2.7,7.12,0.16,42.49,5.39,16,0,0.46,1
7.42,14.31,0.38,89.62,14.85,1,0,0.72,1
9.23,23.38,0.17,90.29,18.45,12,0,1.0,1
8.94,22.18,0.38,77.23,17.87,18,0,0.82,1
6.32,16.2,0.49,87.29,12.64,0,1,0.63,1
5.4,8.76,0.31,59.96,10.8,4,0,1.0,1
2.34,2.76,0.07,45.88,4.68,22,0,0.55,1
6.18,9.13,0.42,92.68,12.36,15,0,0.51,1
2.86,3.11,0.3,50.9,5.72,5,0,0.56,1
11.15,15.33,0.56,85.74,22.3,13,0,0.59,1
3.53,4.6,0.1,58.76,7.06,7,0,0.9,1
1.35,1.8,0.24,31.65,2.7,17,0,0.68,1
8.51,14.49,0.71,76.93,17.02,4,0,0.54,1
9.13,11.9,0.15,71.61,18.26,10,0,0.56,1
13.14,43.48,0.09,111.34,26.29,12,0,0.87,0
8.87,9.91,0.33,72.86,17.73,8,0,0.64,1
5.51,6.61,0.34,48.54,11.02,14,0,0.57,1
12.14,27.99,0.17,164.68,24.29,12,0,0.56,1
8.33,10.09,0.45,110.18,16.67,22,0,0.72,1
1.65,6.36,0.29,36.78,3.3,22,0,0.59,1
8.7,21.08,0.33,75.29,17.41,2,0,0.68,1
13.67,45.73,0.36,90.98,27.33,2,0,0.64,0
6.25,7.48,0.35,72.45,12.49,14,0,0.67,1
4.8,5.87,0.46,68.89,9.59,17,0,0.78,1
2.58,3.0,0.4,50.29,5.16,19,0,0.53,1
2.7,10.64,0.06,49.41,5.39,8,0,0.79,1
6.78,10.82,0.19,96.25,13.55,15,0,0.45,1
9.14,11.74,0.36,80.95,18.27,19,0,0.84,1
1.67,4.55,0.2,30.16,3.34,23,0,0.67,1
14.12,19.15,0.22,115.12,28.25,16,0,0.82,1
11.45,36.57,0.42,88.35,22.9,12,0,0.77,0
9.01,23.33,0.21,115.37,18.01,11,1,0.93,1
12.51,20.62,0.24,161.66,25.02,0,0,0.72,1
1.66,2.25,0.26,31.89,3.33,5,1,0.91,1
7.41,20.63,0.35,102.58,14.83,5,0,0.8,1
9.64,24.78,0.65,71.89,19.27,15,0,0.53,0
12.52,31.03,0.29,141.92,25.03,22,1,0.86,1
11.86,27.64,0.23,123.1,23.72,13,0,0.73,1
4.52,10.76,0.14,51.34,9.04,6,1,0.66,1
14.14,25.89,0.34,166.77,28.29,2,0,0.73,1
2.3,3.11,0.17,34.93,4.61,2,0,0.59,1
13.19,22.8,0.19,124.37,26.38,14,0,1.0,1
14.58,17.52,0.47,165.33,29.16,6,0,0.67,1
3.07,3.89,0.23,42.61,6.14,3,1,0.57,1
10.97,31.81,0.73,140.53,21.94,5,1,0.39,1
1.08,3.78,0.55,31.99,2.17,12,0,0.84,1
6.38,7.02,0.18,60.94,12.76,21,0,0.75,1
7.99,25.77,0.48,84.55,15.97,20,0,0.71,1
8.92,24.69,0.22,91.57,17.84,21,0,0.79,1
14.07,52.78,0.1,130.74,28.14,6,1,0.81,0
10.25,14.21,0.24,107.25,20.5,12,0,0.83,1
7.48,10.89,0.48,61.29,14.96,17,0,0.66,1
12.24,12.36,0.17,155.75,24.48,10,0,0.46,1
14.28,15.61,0.22,120.4,28.57,6,0,0.58,1
0.82,1.47,0.27,24.11,1.64,22,0,0.76,1
14.75,27.89,0.38,164.45,29.49,11,0,0.66,1
1.75,3.7,0.09,36.71,3.5,6,0,0.84,1
12.31,33.79,0.46,166.25,24.62,9,1,0.86,1
4.56,12.91,0.16,65.81,9.13,13,0,0.68,1
2.42,6.92,0.53,37.71,4.83,4,0,0.59,1
6.88,20.5,0.38,100.25,13.76,18,0,0.63,1
9.84,22.86,0.52,94.35,19.67,4,0,0.71,1
6.02,12.55,0.18,84.75,12.05,0,0,0.74,1
1.29,1.33,0.22,29.49,2.58,20,0,0.91,1
9.19,13.44,0.35,69.1,18.38,13,0,0.75,1
13.58,13.71,0.45,157.7,27.17,2,1,0.72,1
6.06,11.44,0.26,65.13,12.11,6,0,0.45,1
3.64,6.13,0.51,46.81,7.27,3,0,0.83,1
6.92,14.02,0.13,89.25,13.83,5,1,0.68,1
1.2,3.1,0.23,28.71,2.4,21,1,0.44,1
12.4,34.69,0.33,92.23,24.79,10,0,0.38,0
12.48,13.02,0.22,117.75,24.96,10,1,0.64,1
9.03,9.12,0.05,117.18,18.05,3,0,0.81,1
5.62,19.81,0.17,53.22,11.24,15,1,0.51,1
12.1,33.35,0.18,127.44,24.19,16,1,0.69,1
8.54,15.05,0.27,70.62,17.09,18,0,0.46,1
12.48,32.01,0.24,86.68,24.95,2,0,0.61,1
9.66,18.47,0.26,93.88,19.31,5,1,0.57,1
11.87,34.24,0.16,134.05,23.75,23,0,0.58,1
9.18,15.5,0.36,83.56,18.36,15,0,0.82,1
6.51,14.34,0.12,72.82,13.01,12,0,0.66,1
14.39,28.0,0.39,141.44,28.78,1,0,0.79,1
8.35,26.02,0.61,110.88,16.69,21,1,0.75,1
9.27,16.24,0.48,119.53,18.55,6,0,0.76,1
3.7,3.74,0.13,38.55,7.39,18,0,0.65,1
9.57,19.27,0.27,95.59,19.14,0,0,0.75,1
8.79,9.69,0.44,104.3,17.58,1,0,0.69,1
3.18,3.6,0.26,54.88,6.36,20,0,0.65,1
1.36,1.41,0.55,27.29,2.73,16,0,1.0,1
9.26,10.99,0.26,107.05,18.53,19,0,0.67,1
11.57,15.54,0.4,146.08,23.15,14,0,0.8,1
8.09,9.06,0.21,74.89,16.18,21,0,0.67,1
3.79,12.35,0.35,44.38,7.58,0,0,0.95,1
10.16,17.02,0.21,104.11,20.33,5,0,0.56,1
1.66,1.68,0.2,39.5,3.32,11,0,0.84,1
6.91,8.35,0.47,88.03,13.81,23,0,0.44,1
2.87,2.95,0.03,42.87,5.74,16,0,0.54,1
3.17,3.8,0.06,36.34,6.35,7,1,0.82,1
3.43,3.79,0.09,50.55,6.87,23,1,0.78,1
6.11,7.83,0.55,65.45,12.21,17,0,0.55,1
1.24,1.51,0.13,27.82,2.48,18,0,0.64,1
6.27,9.76,0.78,73.28,12.54,21,0,0.86,1
7.92,8.4,0.07,78.52,15.84,14,1,0.91,1
7.51,8.64,0.05,59.57,15.02,23,0,0.76,1
6.05,6.85,0.18,80.98,12.1,12,0,0.67,1
12.67,16.78,0.25,148.3,25.34,20,0,0.87,1
2.61,5.45,0.36,44.33,5.21,15,0,0.63,1
7.83,28.3,0.17,105.26,15.67,14,0,0.64,1
1.4,1.47,0.56,28.99,2.8,13,0,0.6,1
1.53,2.22,0.45,30.73,3.06,3,0,0.49,1
8.82,18.63,0.21,92.43,17.64,19,0,0.79,1
8.71,24.06,0.42,67.2,17.41,23,0,0.71,1
13.23,15.17,0.22,167.99,26.46,12,0,0.79,1
8.59,9.79,0.17,92.44,17.18,4,0,0.77,1
14.42,16.75,0.41,124.85,28.83,7,0,0.95,1
1.21,1.64,0.2,30.07,2.41,0,0,0.88,1
1.92,3.66,0.37,33.98,3.84,12,0,0.65,1
1.14,2.38,0.25,27.98,2.28,4,0,0.69,1
3.19,12.43,0.46,45.93,6.37,7,0,0.64,1
8.35,9.54,0.33,89.9,16.7,23,0,0.68,1
9.86,31.25,0.39,99.22,19.72,6,0,0.77,1
1.16,1.61,0.24,30.26,2.32,18,0,0.8,1
14.22,22.64,0.51,169.04,28.43,9,1,0.9,1
12.71,19.71,0.16,88.65,25.42,9,0,0.9,1
4.8,5.08,0.4,71.28,9.6,6,0,0.7,1
1.62,5.92,0.07,30.69,3.24,18,0,0.6,1
2.96,3.57,0.36,40.05,5.93,21,0,0.74,1
2.34,8.1,0.36,41.53,4.68,13,1,0.63,1
2.29,8.21,0.6,47.06,4.58,7,0,0.81,1
8.02,14.01,0.4,61.07,16.04,3,1,0.89,1
4.06,13.67,0.12,59.48,8.13,14,0,0.79,1
5.69,6.76,0.28,76.24,11.39,4,0,0.73,1
14.85,22.94,0.18,153.86,29.7,3,0,0.79,1
10.42,38.35,0.15,72.82,20.85,11,0,0.67,0
14.26,50.86,0.25,151.83,28.52,5,0,0.59,0
2.57,3.62,0.02,34.9,5.13,7,0,0.76,1
6.04,7.07,0.6,53.51,12.08,5,1,0.9,1
8.54,14.77,0.33,104.35,17.09,4,0,0.63,1
1.61,2.42,0.12,35.97,3.23,8,0,0.65,1
0.56,0.66,0.18,26.3,1.12,22,0,0.83,1
10.22,14.44,0.26,71.35,20.44,18,0,0.69,1
9.81,23.43,0.15,95.03,19.61,9,0,0.69,1
6.46,9.1,0.17,52.84,12.91,10,0,0.6,1
7.6,10.54,0.28,77.4,15.2,17,0,0.78,1
6.52,8.15,0.52,75.07,13.05,20,0,0.68,1
0.85,1.19,0.47,27.39,1.7,4,0,0.49,1
5.36,5.49,0.4,60.18,10.73,10,0,0.79,1
3.07,7.71,0.12,50.91,6.14,21,1,0.81,1
1.93,2.0,0.18,35.24,3.85,16,0,0.66,1
14.37,21.98,0.37,143.89,28.74,20,0,0.84,1
9.19,12.19,0.16,117.43,18.38,22,0,0.52,1
11.07,34.09,0.33,88.83,22.13,10,1,0.57,0
5.07,9.47,0.04,56.76,10.15,15,0,0.63,1
6.2,7.5,0.34,73.64,12.4,8,0,0.71,1
3.94,5.04,0.61,60.82,7.87,18,1,0.75,1
1.91,6.8,0.51,35.21,3.81,22,0,0.63,1
3.1,4.69,0.5,37.06,6.19,6,0,0.8,1
12.06,38.15,0.4,163.82,24.13,22,0,0.62,1
10.32,10.36,0.31,122.78,20.65,19,0,0.34,1
8.43,9.13,0.6,104.8,16.86,2,0,0.5,1
7.39,27.8,0.17,81.0,14.78,16,0,0.94,1
13.88,15.52,0.39,142.51,27.75,5,0,0.59,1
1.55,1.65,0.44,38.59,3.11,19,1,0.61,1
4.57,8.87,0.17,61.88,9.14,14,0,0.48,1
5.57,7.06,0.26,56.41,11.15,13,0,0.79,1
11.85,20.37,0.26,159.19,23.69,23,0,0.64,1
14.89,20.08,0.48,150.51,29.78,5,0,0.69,1
3.99,7.9,0.25,40.53,7.98,15,0,0.68,1
13.18,26.79,0.2,138.77,26.35,21,0,0.45,1
12.54,22.07,0.48,88.91,25.09,7,0,0.62,1
3.76,10.46,0.61,52.66,7.52,14,0,0.88,1
6.29,7.2,0.57,87.79,12.58,20,0,0.72,1
6.44,12.59,0.08,76.49,12.88,7,0,0.42,1
14.68,26.69,0.44,131.81,29.37,0,0,0.68,1
3.12,3.39,0.08,54.91,6.25,1,0,0.63,1
12.09,19.42,0.49,158.93,24.18,23,0,0.64,1
5.35,8.12,0.55,59.73,10.69,16,0,0.61,1
11.1,11.47,0.28,114.25,22.2,4,0,0.61,1
6.59,7.2,0.11,98.29,13.18,11,0,0.68,1
8.89,23.56,0.44,75.51,17.77,4,0,0.6,1
12.57,20.78,0.07,109.1,25.15,1,1,0.83,1
12.16,12.43,0.09,117.27,24.32,13,0,0.6,1
13.06,24.68,0.51,94.54,26.13,11,1,0.52,1
1.36,2.58,0.11,29.42,2.73,1,0,0.87,1
10.53,26.58,0.65,112.84,21.07,16,1,0.63,1
2.53,7.53,0.51,36.7,5.06,3,0,0.65,1
6.53,8.11,0.2,84.01,13.06,12,0,0.43,1
8.45,10.22,0.07,82.85,16.91,5,0,0.41,1
6.34,6.49,0.12,55.68,12.68,2,0,0.7,1
8.03,9.68,0.48,103.17,16.07,3,1,0.78,1
14.95,34.56,0.75,154.13,29.9,7,0,0.89,1
2.46,8.79,0.19,46.51,4.92,1,0,0.68,1
10.29,10.41,0.56,97.42,20.59,8,0,0.71,1
6.24,12.35,0.35,52.06,12.48,9,0,0.62,1
2.43,5.02,0.3,32.94,4.86,21,0,0.8,1
2.8,3.01,0.36,49.61,5.6,12,0,0.74,1
14.26,20.71,0.35,132.33,28.53,16,1,0.6,1
13.25,32.24,0.12,176.86,26.51,3,0,0.63,1
13.65,14.89,0.38,167.61,27.3,22,0,0.49,1
14.88,14.95,0.42,96.07,29.75,9,0,0.61,1
3.52,11.18,0.14,59.04,7.04,11,1,0.75,1
5.65,6.31,0.55,56.69,11.31,16,0,0.76,1
10.2,18.8,0.27,105.75,20.41,0,0,0.58,1
7.52,11.69,0.05,84.2,15.03,2,0,0.48,1
6.57,7.01,0.12,55.58,13.13,5,0,0.66,1
5.69,5.8,0.11,53.45,11.38,4,0,1.0,1
9.11,20.4,0.19,92.53,18.22,11,0,0.75,1
8.85,21.59,0.47,104.02,17.69,10,1,0.52,1
2.84,9.15,0.4,39.46,5.68,20,1,0.65,1
7.34,10.93,0.07,83.75,14.68,8,0,0.57,1
8.53,32.76,0.1,85.25,17.05,14,0,0.75,1
8.77,15.69,0.73,102.54,17.54,13,0,0.51,1
3.55,11.63,0.04,48.27,7.09,18,0,0.83,1
11.26,20.33,0.32,143.46,22.53,12,0,0.7,1
0.87,3.09,0.04,30.29,1.73,20,0,0.69,1
5.65,6.44,0.11,84.3,11.29,6,0,0.54,1
11.81,29.0,0.59,93.01,23.63,10,0,0.59,1
8.68,17.48,0.29,91.15,17.35,1,0,0.38,1
4.29,4.75,0.04,55.2,8.57,22,0,0.7,1
10.58,13.06,0.14,135.11,21.15,0,0,0.85,1
8.73,21.07,0.09,85.46,17.45,6,1,0.58,1
12.05,39.63,0.49,126.57,24.09,1,0,0.67,1
11.16,14.18,0.19,123.38,22.32,22,0,0.59,1
9.35,17.21,0.27,74.03,18.69,18,0,0.58,1
7.58,9.19,0.28,87.49,15.16,13,0,0.55,1
2.43,4.16,0.53,36.36,4.86,10,0,0.82,1
4.29,8.42,0.44,47.65,8.58,4,0,0.68,1
6.58,11.18,0.57,64.41,13.15,10,0,0.54,1
9.19,11.33,0.12,72.34,18.38,13,0,0.78,1
7.95,8.58,0.08,63.62,15.9,8,0,0.53,1
4.68,16.28,0.24,64.58,9.36,0,0,0.74,1
0.59,0.92,0.63,26.88,1.19,5,1,0.67,1
7.7,28.02,0.47,95.54,15.39,6,0,0.84,1
4.64,7.72,0.39,53.34,9.28,12,0,0.72,1
11.15,12.2,0.3,101.91,22.3,9,1,0.76,1
0.85,1.63,0.14,27.45,1.69,19,0,0.64,1
8.98,9.46,0.36,119.36,17.96,8,0,0.76,1
14.15,19.57,0.02,110.81,28.3,16,0,0.65,1
3.03,3.19,0.49,45.08,6.06,3,0,0.75,1
7.34,8.97,0.39,82.33,14.68,13,0,0.77,1
1.83,5.57,0.22,41.03,3.65,5,0,0.99,1
9.57,22.61,0.36,103.79,19.14,22,1,0.3,1
8.48,15.55,0.17,108.78,16.97,0,0,0.58,1
6.41,16.97,0.18,55.97,12.81,10,0,0.47,1
8.06,12.98,0.43,78.74,16.12,10,0,0.56,1
13.5,22.37,0.43,145.28,27.0,16,0,0.73,1
3.35,3.46,0.1,52.6,6.69,6,1,0.71,1
0.83,1.44,0.2,29.26,1.65,8,1,0.87,1
12.99,15.48,0.26,138.68,25.99,15,0,0.82,1
8.87,9.27,0.39,82.32,17.74,20,0,0.73,1
13.41,14.78,0.19,137.69,26.83,8,0,1.0,1
9.16,22.52,0.4,111.38,18.31,4,0,0.62,1
12.25,19.69,0.61,148.48,24.49,5,0,0.85,1
6.73,13.18,0.1,98.15,13.46,7,0,0.59,1
11.37,20.68,0.4,92.05,22.75,8,0,0.48,1
13.74,26.39,0.1,152.26,27.48,12,0,0.62,1
8.8,10.11,0.4,76.31,17.59,2,0,0.83,1
3.12,5.3,0.15,42.55,6.24,17,0,0.61,1
4.4,6.84,0.41,46.38,8.8,4,0,0.72,1
3.38,3.43,0.17,55.19,6.76,21,0,0.59,1
4.08,13.83,0.16,66.5,8.16,23,1,0.68,1
4.94,8.02,0.29,45.75,9.89,19,0,0.89,1
8.55,10.29,0.15,111.43,17.1,0,0,0.64,1
9.03,24.84,0.08,80.4,18.05,12,0,0.88,1
6.68,9.43,0.1,76.21,13.37,19,0,0.5,1
9.42,21.94,0.09,116.47,18.85,23,0,0.32,1
1.68,1.87,0.49,34.38,3.37,17,1,0.51,1
1.77,3.58,0.3,31.73,3.55,9,1,0.75,1
2.99,6.02,0.52,53.93,5.98,23,0,0.66,1
8.01,11.47,0.15,93.35,16.02,19,0,0.62,1
3.6,9.29,0.18,61.5,7.21,17,0,0.45,1
4.61,9.94,0.58,70.35,9.22,3,0,0.51,1
6.3,11.21,0.1,90.21,12.61,0,1,0.58,1
12.27,23.82,0.26,112.43,24.54,6,0,0.72,1
0.7,1.09,0.43,28.35,1.4,14,0,0.82,1
9.92,14.17,0.49,128.75,19.83,13,0,0.59,1
10.2,15.11,0.12,95.1,20.4,2,0,0.58,1
12.08,16.31,0.36,156.21,24.16,19,1,0.55,1
14.02,29.17,0.14,164.28,28.05,18,0,0.87,1
0.79,2.3,0.72,27.98,1.58,7,0,0.66,1
2.73,3.33,0.15,33.77,5.46,18,0,0.73,1
13.35,15.03,0.26,88.86,26.7,22,0,0.64,1
7.15,16.15,0.15,90.51,14.3,17,0,0.46,1
8.69,15.64,0.48,80.38,17.37,13,0,0.65,1
10.11,16.21,0.48,74.71,20.23,5,0,0.8,1
10.35,15.92,0.42,92.44,20.69,18,0,0.65,1
14.01,18.82,0.12,172.23,28.02,11,1,0.65,1
14.96,53.19,0.42,144.05,29.91,14,0,0.47,0
10.94,13.83,0.09,121.86,21.88,23,0,0.93,1
4.66,15.73,0.06,69.46,9.33,23,0,0.69,1
13.26,22.05,0.27,116.29,26.51,21,0,0.87,1
1.21,1.39,0.36,26.16,2.43,3,0,0.63,1
3.85,6.54,0.58,47.97,7.7,18,0,0.8,1
13.51,37.35,0.04,178.05,27.02,4,0,0.73,1
4.21,4.26,0.09,55.3,8.43,3,0,0.79,1
3.7,4.03,0.18,53.25,7.4,8,1,1.0,1
2.5,3.02,0.2,45.84,5.01,22,0,0.72,1
12.96,23.19,0.56,95.21,25.91,18,0,0.66,1
7.75,19.98,0.29,98.57,15.5,5,0,0.8,1
10.29,10.76,0.32,92.87,20.57,7,0,0.58,1
3.97,6.11,0.49,50.61,7.93,20,0,0.58,1
11.49,12.92,0.44,99.14,22.98,1,0,0.7,1
11.52,22.74,0.31,89.98,23.04,7,0,0.7,1
5.03,10.04,0.37,57.9,10.07,10,0,0.99,1
6.45,6.53,0.38,56.55,12.91,1,0,0.53,1
3.54,5.52,0.01,58.64,7.08,13,0,0.71,1
14.66,41.24,0.33,124.7,29.32,16,0,0.72,1
9.86,23.78,0.37,114.42,19.72,4,1,0.54,1
14.05,22.98,0.47,119.44,28.1,4,1,0.78,1
4.9,17.38,0.43,51.72,9.8,0,0,0.8,1
11.84,19.83,0.16,138.32,23.67,5,0,0.73,1
11.6,20.57,0.17,128.72,23.21,6,1,0.82,1
10.53,12.62,0.07,88.72,21.06,13,0,0.47,1
14.5,28.09,0.1,154.64,29.0,13,0,0.84,1
6.21,6.29,0.37,51.25,12.41,15,0,0.56,1
2.4,6.21,0.22,34.94,4.79,8,0,0.44,1
10.24,14.77,0.44,123.36,20.48,17,0,0.72,1
11.07,34.91,0.1,107.17,22.15,23,0,0.37,1
8.84,11.04,0.06,76.79,17.68,8,0,0.71,1
3.5,3.51,0.52,49.89,7.0,3,0,0.78,1
7.81,9.04,0.21,84.52,15.63,6,1,0.48,1
5.03,7.54,0.21,67.44,10.05,4,0,0.56,1
6.7,10.92,0.02,56.89,13.4,16,0,0.75,1
9.86,11.25,0.32,125.81,19.71,9,0,0.57,1
11.31,11.88,0.22,81.14,22.61,23,0,0.51,1
3.87,3.9,0.1,51.62,7.73,1,0,0.64,1
6.38,11.65,0.33,83.6,12.75,2,0,0.85,1
4.4,4.43,0.45,52.64,8.81,20,0,0.91,1
3.38,9.21,0.17,58.44,6.76,6,0,0.55,1
11.86,26.94,0.4,141.99,23.72,4,1,0.84,1
13.68,43.2,0.39,129.23,27.37,9,0,0.85,0
5.87,12.93,0.04,56.89,11.74,3,0,0.98,1
11.39,13.79,0.09,80.43,22.79,1,0,0.66,1
13.51,15.18,0.13,163.33,27.01,16,0,0.85,1
12.77,15.31,0.15,101.21,25.54,18,0,0.73,1
3.15,4.36,0.25,41.7,6.3,21,1,0.59,1
14.37,22.61,0.45,92.87,28.73,8,0,0.77,1
5.96,7.63,0.26,50.57,11.92,20,1,0.42,1
5.42,9.98,0.32,55.84,10.84,18,0,0.85,1
1.41,1.6,0.39,35.61,2.81,2,0,0.93,1
7.55,9.96,0.28,99.01,15.1,6,0,0.78,1
2.08,2.69,0.16,41.62,4.16,11,0,0.64,1
4.1,6.29,0.12,64.28,8.21,22,0,0.65,1
5.1,5.58,0.19,52.13,10.19,11,0,0.9,1
12.23,27.85,0.46,164.94,24.46,18,1,0.5,1
13.19,24.62,0.17,107.42,26.39,6,0,0.85,1
4.89,5.86,0.05,49.56,9.77,7,1,0.94,1
12.95,20.9,0.34,111.47,25.9,2,1,0.77,1
12.93,14.1,0.05,132.66,25.86,4,0,0.8,1
11.59,22.73,0.2,88.03,23.17,12,0,0.17,1
2.63,4.98,0.15,46.72,5.25,23,0,0.84,1
10.51,11.47,0.27,99.88,21.02,22,0,0.74,1
14.2,23.74,0.12,147.53,28.41,0,0,0.73,1
10.4,16.32,0.24,125.42,20.79,17,0,0.7,1
5.31,10.63,0.27,80.06,10.62,21,0,0.88,1
7.76,16.96,0.03,103.29,15.52,14,0,0.91,1
9.86,13.29,0.08,106.42,19.73,12,0,0.76,1
7.9,23.25,0.41,114.35,15.81,7,1,0.48,1
2.24,2.46,0.28,39.5,4.48,4,0,0.76,1
5.02,6.02,0.36,63.98,10.05,6,0,0.7,1
12.13,30.87,0.22,94.14,24.27,14,1,0.85,0
12.99,16.86,0.7,98.48,25.98,6,0,0.71,1
2.49,3.55,0.14,35.4,4.98,2,0,0.75,1
14.31,36.84,0.72,150.83,28.62,16,0,0.51,0
5.27,11.58,0.09,61.65,10.54,21,0,0.62,1
10.1,18.15,0.39,97.81,20.21,20,0,0.52,1
11.4,14.72,0.39,87.19,22.8,8,0,0.6,1
12.27,16.83,0.32,114.11,24.55,0,0,0.73,1
14.21,21.89,0.33,128.67,28.43,14,0,0.81,1
5.04,6.1,0.08,67.08,10.07,20,0,0.62,1
12.95,15.82,0.34,119.95,25.9,2,1,0.78,1
2.41,3.38,0.12,39.11,4.82,5,0,0.68,1
10.72,12.76,0.18,94.07,21.45,4,0,0.6,1
11.26,22.49,0.25,86.66,22.52,3,1,0.78,1
10.33,11.34,0.35,93.32,20.65,23,1,0.59,1
4.16,5.85,0.13,42.04,8.32,10,0,0.81,1
13.16,15.18,0.04,104.56,26.32,10,0,0.57,1
2.95,4.47,0.37,41.45,5.9,13,1,1.0,1
1.28,3.09,0.54,27.69,2.56,16,0,0.95,1
10.9,16.6,0.5,125.27,21.81,19,0,0.54,1
7.39,14.0,0.34,71.5,14.79,19,0,0.66,1
12.81,16.57,0.44,139.26,25.62,8,0,0.61,1
6.06,9.98,0.39,77.61,12.12,0,0,0.62,1
2.94,3.35,0.41,43.91,5.88,13,0,0.82,1
12.63,16.65,0.46,122.84,25.26,4,0,0.77,1
8.46,11.08,0.14,96.73,16.92,23,0,0.6,1
3.24,7.86,0.28,42.18,6.49,20,0,0.62,1
10.95,11.08,0.72,76.36,21.89,7,0,0.8,1
7.91,8.98,0.26,95.28,15.82,4,0,0.55,1
9.26,11.0,0.31,105.77,18.53,1,0,0.75,1
7.18,14.43,0.2,79.87,14.37,1,1,0.58,1
12.52,19.2,0.53,159.31,25.03,23,0,0.8,1
12.53,35.51,0.17,127.25,25.06,12,0,0.63,0
10.79,16.5,0.3,96.85,21.57,18,0,0.7,1
2.03,5.64,0.04,40.27,4.06,17,0,0.63,1
12.66,19.05,0.09,168.63,25.33,14,0,0.88,1
10.23,13.89,0.77,123.91,20.46,13,0,0.82,1
10.61,19.55,0.41,140.51,21.21,0,0,0.74,1
5.76,9.24,0.2,53.36,11.53,19,1,0.82,1
13.25,14.61,0.15,97.47,26.5,10,0,0.76,1
11.02,33.24,0.33,87.01,22.04,18,0,0.6,0
2.13,2.53,0.46,41.15,4.27,7,0,0.56,1
6.41,16.96,0.05,69.56,12.83,0,1,0.71,1
13.35,48.11,0.23,131.41,26.71,10,0,0.73,0
1.18,3.04,0.15,28.09,2.37,20,0,0.66,1
14.44,17.53,0.48,166.61,28.88,9,0,0.52,1
10.35,18.68,0.1,132.97,20.7,5,0,0.73,1
9.65,10.68,0.19,79.1,19.31,12,0,0.76,1
4.42,6.87,0.12,48.08,8.85,0,1,0.9,1
4.11,15.4,0.23,50.3,8.21,8,0,0.67,1
14.16,17.98,0.05,118.57,28.32,17,0,0.51,1
4.82,14.5,0.29,62.08,9.65,19,0,0.71,1
11.74,13.95,0.21,140.6,23.49,22,0,0.72,1
6.2,16.49,0.16,85.43,12.4,10,0,0.61,1
2.52,4.95,0.16,36.27,5.04,15,0,0.62,1
0.66,0.8,0.17,24.08,1.31,2,0,0.83,1
8.39,8.69,0.17,83.32,16.78,9,0,0.66,1
14.65,27.71,0.24,108.39,29.3,1,1,0.68,1
5.85,6.71,0.23,53.02,11.7,7,0,0.54,1
5.68,14.45,0.05,58.04,11.36,17,0,0.71,1
5.49,6.42,0.1,62.58,10.98,2,0,0.59,1
8.05,10.83,0.08,93.36,16.1,5,0,0.58,1
6.89,17.46,0.11,89.33,13.78,12,0,0.49,1
13.26,27.8,0.41,106.97,26.52,18,0,0.77,1
7.83,22.45,0.18,104.02,15.66,13,0,0.6,1
7.86,14.64,0.3,61.17,15.72,21,0,0.57,1
2.51,6.22,0.23,40.32,5.01,12,0,0.66,1
14.75,20.12,0.02,159.11,29.5,14,1,0.8,1
4.12,4.14,0.1,49.03,8.25,21,1,0.76,1
1.56,6.04,0.2,35.3,3.13,18,0,0.72,1
10.12,15.43,0.09,131.97,20.23,17,1,0.84,1
9.13,13.43,0.11,71.38,18.27,11,0,0.83,1
6.52,6.97,0.3,75.99,13.04,7,0,0.72,1
6.62,10.52,0.45,53.98,13.24,13,0,0.76,1
11.88,18.07,0.26,102.67,23.77,22,0,0.8,1
3.34,5.53,0.37,39.89,6.68,0,0,0.78,1
12.39,27.44,0.19,136.13,24.79,0,0,0.81,1
9.91,33.92,0.34,86.78,19.81,0,0,0.59,0
6.58,11.82,0.19,65.87,13.15,16,0,0.65,1
7.14,24.67,0.58,65.99,14.28,20,1,0.78,0
4.22,6.37,0.13,48.31,8.44,17,0,0.74,1
11.41,23.74,0.28,95.0,22.81,19,0,0.9,1
7.94,12.21,0.41,98.45,15.87,14,0,0.93,1
5.15,14.69,0.15,80.23,10.3,18,0,0.83,1
9.14,9.63,0.3,97.09,18.29,23,0,0.39,1
14.94,16.22,0.44,157.47,29.88,8,0,0.82,1
6.81,17.35,0.31,93.06,13.62,1,0,0.69,1
13.85,27.29,0.12,135.41,27.7,7,0,0.57,1
5.5,7.75,0.16,59.15,11.01,7,0,0.62,1
1.29,4.02,0.31,35.08,2.59,14,0,0.52,1
3.46,6.71,0.32,59.26,6.92,10,1,0.85,1
6.57,14.99,0.33,62.99,13.14,14,0,0.78,1
3.68,3.93,0.64,56.56,7.37,18,0,0.42,1
0.5,0.57,0.48,24.8,1.01,10,0,0.72,1
13.77,20.1,0.05,151.44,27.54,0,0,0.51,1
12.74,19.89,0.16,157.73,25.47,16,0,0.83,1
11.26,11.88,0.31,129.46,22.53,10,0,0.53,1
2.93,3.09,0.28,45.3,5.87,13,0,0.35,1
2.25,2.3,0.07,44.52,4.49,11,1,0.75,1
1.48,4.3,0.17,30.15,2.96,11,0,0.8,1
11.0,29.69,0.43,127.28,22.0,3,0,0.82,1
13.97,18.44,0.05,158.43,27.94,14,0,0.67,1
6.74,10.28,0.04,94.79,13.49,8,1,0.7,1
2.23,8.44,0.38,46.7,4.46,14,1,0.78,1
7.93,26.75,0.04,90.6,15.86,1,0,0.86,1
5.56,6.07,0.5,66.64,11.12,15,0,0.67,1
5.93,6.58,0.3,74.63,11.87,22,0,0.64,1
9.51,18.36,0.19,111.39,19.02,0,0,0.35,1
10.92,11.89,0.2,129.11,21.84,15,0,0.71,1
2.1,3.03,0.38,34.66,4.21,14,1,0.9,1
1.02,1.19,0.23,28.54,2.03,20,0,0.81,1
14.92,26.15,0.25,133.32,29.84,13,0,0.85,1
3.87,11.56,0.41,40.42,7.75,20,0,0.77,1
1.28,2.23,0.56,31.87,2.56,23,0,0.75,1
3.25,5.49,0.18,56.19,6.51,2,0,0.56,1
1.06,1.61,0.13,32.19,2.13,5,1,0.61,1
6.18,18.78,0.65,73.29,12.36,10,0,0.51,1
12.13,12.21,0.06,145.73,24.27,6,0,0.8,1
5.45,12.58,0.15,74.41,10.9,21,0,0.88,1
6.94,17.4,0.07,65.82,13.88,13,0,0.88,1
10.3,15.96,0.3,76.01,20.59,9,0,0.54,1
7.88,12.07,0.3,100.64,15.76,3,0,0.65,1
12.99,22.4,0.18,110.66,25.98,0,0,0.47,1
13.06,15.75,0.56,135.5,26.12,3,0,0.53,1
0.64,1.01,0.24,25.58,1.29,21,0,0.53,1
11.78,16.66,0.39,146.36,23.56,14,0,0.91,1
7.18,9.06,0.31,88.31,14.36,5,0,0.65,1
14.84,55.21,0.18,182.18,29.68,18,1,0.5,0
7.51,11.07,0.39,97.06,15.01,17,0,0.58,1
14.81,16.22,0.49,197.7,29.62,23,1,0.86,1
11.44,43.5,0.14,146.39,22.88,9,1,0.72,0
4.1,7.41,0.29,46.59,8.21,3,0,0.55,1
8.31,8.79,0.16,117.44,16.61,15,0,0.89,1
14.89,28.91,0.11,129.87,29.77,18,0,0.76,1
12.93,21.77,0.19,139.7,25.87,10,1,0.58,1
1.91,1.94,0.45,42.16,3.82,9,0,0.69,1
10.74,26.89,0.55,89.82,21.48,15,0,0.84,1
5.51,18.43,0.64,80.63,11.02,14,1,0.59,1
0.6,0.67,0.29,27.02,1.2,16,1,0.77,1
6.35,7.05,0.47,89.7,12.7,1,0,0.74,1
3.9,6.46,0.2,61.91,7.81,13,0,0.57,1
12.37,19.47,0.19,104.79,24.75,7,0,0.56,1
5.39,6.15,0.49,62.32,10.78,21,0,0.36,1
12.5,15.55,0.31,149.02,25.0,21,1,0.64,1
0.51,1.13,0.58,22.96,1.02,14,1,0.42,1
4.96,18.9,0.06,75.68,9.93,0,0,0.43,1
4.0,6.55,0.5,45.87,7.99,23,0,0.38,1
3.89,4.35,0.24,54.8,7.77,5,0,0.64,1
1.49,1.61,0.37,28.54,2.98,19,0,0.82,1
3.21,3.32,0.27,40.23,6.43,18,0,0.52,1
8.56,9.4,0.32,97.84,17.11,10,0,0.86,1
4.72,6.9,0.34,64.61,9.45,5,0,0.87,1
6.55,11.23,0.4,65.13,13.1,18,0,0.55,1
5.96,7.18,0.16,54.8,11.93,3,0,0.4,1
13.2,16.4,0.09,136.78,26.4,9,0,0.85,1
13.63,20.85,0.44,168.32,27.25,23,0,0.88,1
7.65,24.24,0.21,69.02,15.3,10,1,0.69,1
5.29,5.6,0.09,72.03,10.57,22,0,0.71,1
2.05,3.46,0.11,35.78,4.1,22,1,0.71,1
14.32,27.41,0.26,186.19,28.65,21,0,0.75,1
1.37,1.9,0.24,27.66,2.75,7,0,0.82,1
4.82,6.38,0.06,45.43,9.63,8,0,0.62,1
4.82,11.82,0.34,48.31,9.64,0,1,0.53,1
5.15,5.86,0.12,73.91,10.29,18,1,0.63,1
2.88,6.17,0.02,53.03,5.76,23,0,0.71,1
11.86,30.4,0.11,147.54,23.71,16,0,0.78,1
2.28,4.1,0.1,42.82,4.55,8,0,0.84,1
9.71,12.16,0.15,72.44,19.41,16,0,0.8,1
2.3,2.36,0.14,34.91,4.59,11,0,0.75,1
1.52,1.78,0.16,37.58,3.05,13,0,0.62,1
13.69,14.33,0.43,148.1,27.37,8,0,0.42,1
3.26,9.16,0.42,46.96,6.51,6,0,0.83,1
12.41,40.9,0.24,138.7,24.82,15,0,0.98,0
8.4,12.57,0.4,72.48,16.79,13,0,0.64,1
1.63,3.48,0.32,38.33,3.26,5,0,0.85,1
14.35,16.48,0.27,157.71,28.71,14,0,0.47,1
4.08,5.41,0.29,53.87,8.16,12,0,0.62,1
12.96,13.26,0.19,126.33,25.93,19,0,0.51,1
2.95,6.68,0.43,51.71,5.9,4,0,0.94,1
12.88,20.97,0.15,112.17,25.76,14,1,0.6,1
0.69,1.11,0.23,24.12,1.38,17,0,0.71,1
7.92,18.45,0.49,69.9,15.84,12,0,0.74,1
11.66,16.83,0.22,84.91,23.31,10,0,0.98,1
14.05,24.13,0.1,140.24,28.11,10,0,0.57,1
13.68,23.39,0.41,153.29,27.37,11,0,0.83,1
12.38,23.72,0.28,162.89,24.77,18,0,0.57,1
13.38,50.93,0.2,157.21,26.76,11,1,0.68,0
3.39,5.28,0.37,50.78,6.78,22,1,1.0,1
4.62,9.21,0.5,71.05,9.24,20,0,0.72,1
4.69,18.69,0.32,72.74,9.38,23,0,0.83,1
5.97,12.41,0.35,79.59,11.93,18,0,0.73,1
6.2,13.52,0.51,53.46,12.41,18,0,0.73,1
8.4,15.4,0.54,79.13,16.79,0,0,0.81,1
2.82,8.08,0.16,40.72,5.64,13,0,0.57,1
10.52,16.68,0.05,146.08,21.05,16,0,0.75,1
2.93,3.81,0.24,44.17,5.86,1,0,0.46,1
5.0,6.92,0.19,71.66,10.0,6,0,0.55,1
7.8,9.14,0.24,103.42,15.6,5,0,0.89,1
12.05,20.46,0.33,135.34,24.1,20,0,0.57,1
11.22,17.55,0.4,77.55,22.44,19,0,0.82,1
9.86,11.49,0.1,70.64,19.72,19,0,0.14,1
2.76,4.83,0.44,49.6,5.52,22,0,0.6,1
8.43,10.86,0.37,105.79,16.86,0,0,0.62,1
1.77,3.07,0.27,35.47,3.54,5,0,0.61,1
5.97,10.6,0.1,60.26,11.94,14,0,0.68,1
6.5,7.92,0.21,56.42,12.99,16,1,0.75,1
1.08,2.83,0.3,26.63,2.15,3,0,0.64,1
4.47,8.88,0.07,60.53,8.95,21,0,0.76,1
14.36,34.34,0.4,146.64,28.71,1,0,0.69,1
14.33,27.59,0.48,186.04,28.66,15,0,0.88,1
5.61,13.27,0.3,85.63,11.22,20,1,0.93,1
1.12,1.64,0.23,30.16,2.25,12,0,0.76,1
3.1,3.65,0.35,53.73,6.19,10,1,0.86,1
6.19,7.37,0.38,86.11,12.37,10,0,0.71,1
14.24,27.21,0.67,166.23,28.49,15,0,0.86,1
2.55,2.57,0.23,40.54,5.09,9,0,0.72,1
11.57,16.64,0.2,109.4,23.14,3,0,0.67,1
2.08,3.78,0.24,34.22,4.15,18,0,0.4,1
14.73,16.8,0.24,190.25,29.46,21,1,0.75,1
6.03,7.57,0.1,85.41,12.07,6,0,0.75,1
11.74,14.46,0.21,93.26,23.48,17,0,0.53,1
5.47,13.77,0.24,57.0,10.94,11,0,0.61,1
9.6,15.97,0.42,107.08,19.2,21,0,0.47,1
3.28,3.66,0.08,45.93,6.57,9,0,0.81,1
2.62,4.17,0.38,37.01,5.23,14,0,0.6,1
14.1,18.49,0.6,168.61,28.2,11,1,0.81,1
13.81,19.98,0.26,89.18,27.61,0,1,0.63,1
13.37,15.16,0.14,118.96,26.74,9,1,0.57,1
9.57,20.65,0.48,130.09,19.14,10,0,0.86,1
12.22,17.93,0.29,146.17,24.44,19,0,0.61,1
1.5,4.38,0.42,31.72,3.0,21,0,0.85,1
5.35,6.98,0.21,81.58,10.71,18,0,0.59,1
5.05,6.32,0.48,77.08,10.1,14,0,0.68,1
9.72,34.44,0.31,72.16,19.43,2,0,0.89,0
5.66,7.48,0.39,53.38,11.32,15,0,0.74,1
2.65,4.73,0.26,40.46,5.31,19,1,0.83,1
9.15,26.67,0.37,125.26,18.3,20,0,1.0,1
12.31,21.79,0.01,154.28,24.62,15,0,0.68,1
6.04,15.27,0.11,52.22,12.08,9,0,0.84,1
2.42,4.3,0.42,40.76,4.84,14,0,0.7,1
3.35,6.23,0.49,53.66,6.7,7,0,0.72,1
3.94,4.91,0.15,47.33,7.89,1,0,0.64,1
4.85,5.84,0.23,68.76,9.7,3,0,0.72,1
9.82,13.92,0.32,94.52,19.64,13,0,0.54,1
9.21,34.51,0.16,83.74,18.43,17,0,0.88,1
10.59,11.17,0.38,102.08,21.19,2,0,1.0,1
5.76,7.53,0.39,87.09,11.51,2,0,0.74,1
12.45,45.16,0.54,161.12,24.9,22,0,0.63,0
3.46,4.0,0.26,59.43,6.92,4,0,0.97,1
7.3,18.24,0.44,103.39,14.6,1,0,0.65,1
12.11,17.7,0.25,95.68,24.23,5,0,0.64,1
3.11,5.19,0.29,55.08,6.22,3,0,0.74,1
2.09,3.71,0.22,33.58,4.19,1,0,0.64,1
13.31,14.51,0.32,164.68,26.63,18,0,0.89,1
5.47,9.47,0.32,68.12,10.94,14,0,0.45,1
10.42,33.98,0.13,89.58,20.83,1,0,0.74,1
0.87,0.9,0.15,26.76,1.74,3,0,0.93,1
10.51,11.17,0.03,104.4,21.01,13,0,0.34,1
5.08,6.66,0.27,71.51,10.17,11,1,0.94,1
1.31,2.18,0.41,32.09,2.62,2,0,0.74,1
9.34,29.23,0.06,120.13,18.68,7,0,0.99,1
3.99,4.73,0.24,51.05,7.98,19,0,0.95,1
6.11,19.92,0.48,82.34,12.22,9,0,0.49,1
1.67,5.53,0.21,37.6,3.34,18,0,1.0,1
2.63,4.03,0.04,34.33,5.27,14,0,0.54,1
4.82,13.03,0.25,56.78,9.64,13,0,0.77,1
1.8,7.04,0.18,40.18,3.6,18,0,0.34,1
13.71,24.16,0.12,156.18,27.41,19,0,0.81,1
0.59,1.67,0.32,24.66,1.18,22,0,0.78,1
7.52,20.29,0.13,67.21,15.03,18,0,0.95,1
2.29,7.43,0.46,32.98,4.57,22,0,0.8,1
4.96,12.29,0.24,52.77,9.92,13,0,0.52,1
13.93,17.71,0.36,113.5,27.86,21,0,0.82,1
2.84,3.32,0.32,41.6,5.69,5,0,0.62,1
14.5,24.61,0.05,110.49,29.01,7,0,1.0,1
3.48,5.53,0.14,40.98,6.97,18,0,0.77,1
11.25,40.99,0.19,142.75,22.51,2,0,0.65,0
8.43,27.9,0.15,76.85,16.85,23,0,0.87,1
13.32,30.07,0.28,139.01,26.65,2,0,0.71,1
8.53,12.97,0.21,74.57,17.07,3,0,0.98,1
8.25,10.25,0.16,89.66,16.5,22,1,0.53,1
3.33,4.74,0.31,43.13,6.67,6,0,0.62,1
2.91,5.35,0.15,36.32,5.82,1,0,0.85,1
13.79,40.71,0.41,183.75,27.58,12,0,0.64,1
5.25,6.29,0.47,63.1,10.51,10,1,0.84,1
5.9,11.28,0.21,65.7,11.79,12,0,0.8,1
11.52,14.36,0.29,93.64,23.03,1,0,0.58,1
5.41,8.53,0.31,65.83,10.83,3,0,0.75,1
14.3,17.79,0.26,155.13,28.61,20,0,0.68,1
11.2,12.04,0.27,99.88,22.4,15,1,0.61,1
9.16,9.74,0.11,96.63,18.33,21,0,0.8,1
13.27,20.38,0.07,108.39,26.55,14,0,0.58,1
1.22,1.92,0.78,30.6,2.44,22,1,0.72,1
4.23,9.41,0.25,64.43,8.45,14,0,0.99,1
7.24,7.61,0.21,59.27,14.49,2,1,0.73,1
3.79,6.39,0.23,52.7,7.58,12,0,0.62,1
11.29,32.65,0.26,107.99,22.57,16,0,0.48,1
13.83,24.07,0.09,96.31,27.66,17,0,0.47,1
6.64,19.24,0.23,96.97,13.29,15,0,0.54,1
5.46,8.71,0.14,57.24,10.92,0,0,0.66,1
14.44,21.53,0.07,149.29,28.88,13,1,0.34,1
6.95,13.81,0.42,72.88,13.9,1,0,0.68,1
7.59,24.99,0.45,72.36,15.18,5,0,0.49,1
5.6,5.85,0.31,68.66,11.2,22,0,0.68,1
13.69,16.49,0.23,154.46,27.38,11,0,0.69,1
8.75,9.95,0.09,111.86,17.5,7,0,0.76,1
11.55,22.0,0.51,129.02,23.1,23,0,0.7,1
12.27,14.95,0.05,126.56,24.54,6,0,0.59,1
5.46,8.89,0.18,76.97,10.91,17,1,0.55,1
6.79,16.94,0.48,78.53,13.58,10,1,0.49,1
12.8,37.29,0.22,171.32,25.61,20,0,0.9,1
5.77,11.34,0.12,70.1,11.53,19,0,0.85,1
12.01,34.01,0.41,106.74,24.02,1,0,0.64,1
14.14,14.16,0.72,134.92,28.29,10,0,0.7,1
9.54,33.24,0.28,100.39,19.07,7,0,0.69,1
11.25,19.37,0.45,98.6,22.51,19,0,0.89,1
12.17,20.67,0.27,94.4,24.35,16,0,0.64,1
12.75,26.82,0.4,122.28,25.51,21,0,0.38,1
6.23,9.18,0.28,90.25,12.46,12,0,0.78,1
1.24,3.43,0.73,28.44,2.49,19,0,0.48,1
6.33,7.55,0.02,67.66,12.65,11,0,0.86,1
10.27,20.57,0.35,125.82,20.54,22,0,0.55,1
7.03,10.14,0.03,59.2,14.06,22,0,0.75,1
11.36,14.44,0.21,142.41,22.72,10,0,0.66,1
5.68,6.19,0.24,77.0,11.35,20,0,0.67,1
9.7,11.07,0.28,105.86,19.41,12,0,0.79,1
3.2,4.54,0.13,40.71,6.41,8,0,0.72,1
11.37,21.0,0.42,84.2,22.73,6,0,0.64,1
8.41,13.41,0.12,75.71,16.83,9,0,0.65,1
3.46,4.18,0.16,55.73,6.92,20,0,0.5,1
4.73,5.21,0.15,74.59,9.47,11,0,0.72,1
11.35,34.64,0.45,135.42,22.71,7,0,0.75,1
7.5,13.92,0.12,85.18,15.0,11,0,1.0,1
3.63,4.37,0.75,62.34,7.26,11,0,0.72,1
14.53,25.32,0.18,176.87,29.05,13,0,0.68,1
10.87,21.77,0.22,124.25,21.74,10,0,0.54,1
14.38,25.75,0.34,95.71,28.76,13,0,0.64,1
6.69,9.53,0.32,66.95,13.39,13,0,0.7,1
7.39,7.39,0.53,72.89,14.78,10,0,0.55,1
13.52,21.82,0.45,120.47,27.04,1,1,0.8,1
8.11,19.97,0.13,82.68,16.23,21,0,0.67,1
10.76,28.9,0.3,144.5,21.51,7,0,0.8,1
4.16,14.75,0.32,62.37,8.31,6,0,0.57,1
6.98,10.43,0.05,88.68,13.96,14,0,0.74,1
2.29,3.48,0.2,38.29,4.58,3,0,0.67,1
3.49,8.63,0.11,45.67,6.97,0,0,0.89,1
0.51,0.67,0.3,23.0,1.03,2,0,0.71,1
1.07,1.33,0.05,28.74,2.14,20,0,0.51,1
14.67,33.02,0.1,114.44,29.34,5,0,0.66,1
4.01,7.9,0.29,51.06,8.03,18,0,0.44,1
10.12,10.19,0.14,81.67,20.24,1,0,0.74,1
12.67,23.87,0.07,113.84,25.33,14,1,0.91,1
8.48,10.34,0.34,64.98,16.97,18,0,0.74,1
2.72,4.61,0.37,33.72,5.44,20,0,0.74,1
11.06,13.09,0.25,142.62,22.12,18,1,0.76,1
9.2,11.13,0.19,107.33,18.41,23,0,0.57,1
11.1,14.79,0.27,121.19,22.21,22,0,0.59,1
11.66,13.09,0.07,120.25,23.32,8,0,0.78,1
14.64,15.34,0.4,167.71,29.29,18,0,0.67,1
8.82,12.87,0.47,109.52,17.63,12,0,1.0,1
5.45,12.74,0.19,82.97,10.91,7,0,0.92,1
9.9,18.04,0.41,86.46,19.81,23,0,0.59,1
1.49,1.82,0.07,35.66,2.98,20,0,0.59,1
13.51,18.31,0.81,181.31,27.02,5,0,0.5,1
2.23,5.82,0.23,31.61,4.46,9,0,0.59,1
5.25,18.21,0.17,60.02,10.51,8,0,0.66,1
12.33,16.17,0.23,119.27,24.66,14,0,0.74,1
9.16,20.9,0.54,118.51,18.32,13,0,0.68,1
6.21,9.94,0.5,51.64,12.42,1,0,1.0,1
7.36,9.09,0.27,87.69,14.73,0,0,0.84,1
12.89,19.18,0.16,165.0,25.78,10,0,0.77,1
5.43,17.38,0.11,52.76,10.86,14,0,0.78,1
13.11,33.69,0.44,96.16,26.22,14,1,0.39,0
1.78,4.29,0.44,41.33,3.56,5,0,0.35,1
11.76,26.53,0.33,146.83,23.53,0,0,0.7,1
12.79,18.97,0.33,146.38,25.58,16,0,0.83,1
3.14,4.99,0.15,44.44,6.27,2,0,0.62,1
6.74,16.75,0.23,93.99,13.48,13,0,0.76,1
2.9,9.64,0.47,53.23,5.8,19,0,0.81,1
10.75,28.38,0.32,128.82,21.49,11,0,0.85,1
8.26,8.36,0.38,84.34,16.53,19,0,0.62,1
9.71,16.15,0.31,108.23,19.42,11,0,0.67,1
3.35,3.72,0.35,39.05,6.7,4,0,0.64,1
3.57,4.03,0.58,41.8,7.14,5,0,0.59,1
1.1,1.74,0.14,31.55,2.2,19,0,0.72,1
5.17,6.63,0.3,46.91,10.34,22,0,0.53,1
8.62,21.84,0.38,66.05,17.23,14,0,0.9,1
12.94,16.89,0.28,130.72,25.88,1,0,0.68,1
10.17,22.39,0.09,82.99,20.34,7,0,0.67,1
6.81,7.8,0.2,68.07,13.63,19,0,0.45,1
14.32,45.78,0.35,131.58,28.64,5,0,0.51,0
10.93,13.17,0.29,114.6,21.86,16,1,0.86,1
13.99,43.04,0.06,117.7,27.97,17,0,1.0,0
8.15,8.95,0.19,88.34,16.3,13,0,0.82,1
4.25,8.9,0.18,52.31,8.51,19,0,0.66,1
1.27,1.71,0.22,27.05,2.53,9,0,0.6,1
11.03,17.91,0.14,142.08,22.06,12,0,0.53,1
2.26,4.3,0.14,35.74,4.52,16,0,0.46,1
4.89,6.66,0.28,65.31,9.78,0,0,0.75,1
8.22,8.56,0.59,93.89,16.44,22,0,0.71,1
8.68,30.91,0.25,75.53,17.37,7,1,0.58,0
9.21,9.81,0.42,67.97,18.42,15,0,0.69,1
2.91,4.12,0.26,52.01,5.82,12,0,0.73,1
6.01,7.02,0.15,70.96,12.01,6,0,0.44,1
9.45,17.57,0.31,94.66,18.9,18,1,0.85,1
14.56,24.11,0.23,170.58,29.12,7,1,0.92,1
11.05,12.26,0.32,77.82,22.1,23,0,0.7,1
13.88,24.73,0.13,163.73,27.76,20,0,1.0,1
11.55,17.75,0.34,110.83,23.1,11,0,0.79,1
9.08,34.24,0.43,100.46,18.16,23,0,0.95,1
3.28,8.9,0.36,53.72,6.57,15,0,0.67,1
10.17,13.9,0.21,109.75,20.33,12,0,0.85,1
9.54,12.11,0.24,71.82,19.08,17,0,0.74,1
9.24,13.44,0.06,113.28,18.47,12,0,0.58,1
7.6,21.27,0.21,99.85,15.2,20,0,0.81,1
8.17,13.98,0.23,87.23,16.33,18,0,0.86,1
5.35,10.36,0.4,63.19,10.7,5,1,0.71,1
8.03,12.92,0.17,74.31,16.06,11,0,0.69,1
3.36,3.73,0.42,51.99,6.73,5,0,0.87,1
12.18,14.64,0.29,156.04,24.35,18,0,0.55,1
3.19,10.2,0.31,50.63,6.39,22,0,0.6,1
1.73,1.89,0.67,38.01,3.46,15,1,0.64,1
6.83,11.3,0.42,94.14,13.65,13,0,0.65,1
10.05,12.43,0.31,86.13,20.09,23,0,0.53,1
6.85,19.29,0.03,73.51,13.69,11,0,0.55,1
4.51,5.99,0.15,56.34,9.03,17,1,0.81,1
8.59,20.11,0.15,96.59,17.19,15,0,0.64,1
5.53,9.56,0.2,49.56,11.06,16,0,0.44,1
14.03,53.4,0.32,147.91,28.05,15,1,0.72,0
13.88,38.16,0.1,97.99,27.76,10,0,0.8,0
7.78,24.4,0.37,102.87,15.57,15,0,0.81,1
5.25,12.22,0.15,81.69,10.51,8,0,0.99,1
11.19,34.42,0.22,98.64,22.38,14,0,0.65,1
1.03,1.34,0.2,28.82,2.06,17,1,0.64,1
7.38,27.17,0.19,99.47,14.77,7,0,0.8,1
5.38,7.54,0.25,58.73,10.75,17,0,0.71,1
13.85,38.95,0.59,104.53,27.7,2,0,0.67,0
0.67,0.7,0.38,26.86,1.35,4,1,0.71,1
8.52,8.97,0.27,104.21,17.03,1,1,0.77,1
11.24,26.82,0.26,121.04,22.48,10,0,0.8,1
7.53,10.6,0.05,107.46,15.07,18,0,0.73,1
1.74,6.41,0.26,40.31,3.48,22,0,0.47,1
14.6,15.39,0.15,181.06,29.2,1,0,0.77,1
8.01,12.47,0.19,76.49,16.02,17,0,0.39,1
9.41,33.3,0.66,81.87,18.81,6,0,0.62,0
3.93,7.76,0.49,62.65,7.86,15,0,0.63,1
7.51,24.41,0.35,91.8,15.02,0,1,0.62,1
6.72,12.34,0.13,72.25,13.45,12,1,0.83,1
1.59,2.11,0.07,32.48,3.17,2,1,0.58,1
2.04,3.39,0.17,42.38,4.08,17,0,0.91,1
12.64,23.51,0.08,97.66,25.29,3,0,0.55,1
3.98,11.72,0.39,66.17,7.95,19,0,0.85,1
3.33,7.67,0.42,51.38,6.65,16,0,1.0,1
7.82,24.06,0.6,102.43,15.64,4,0,0.52,1
11.65,13.61,0.34,108.47,23.29,6,0,0.64,1
1.4,3.98,0.14,32.74,2.8,8,0,0.7,1
8.86,12.73,0.18,110.85,17.73,3,0,0.76,1
2.23,4.4,0.35,37.93,4.46,21,0,0.69,1
1.03,2.45,0.44,28.66,2.06,8,0,0.72,1
1.26,1.73,0.38,31.48,2.53,16,0,0.74,1
12.6,21.25,0.33,88.57,25.19,9,0,0.58,1
2.21,4.02,0.06,44.41,4.42,16,0,0.76,1
1.15,1.66,0.36,32.78,2.31,23,0,0.84,1
6.85,11.08,0.52,67.74,13.7,11,0,0.8,1
12.74,26.67,0.31,162.14,25.48,9,1,0.92,1
4.3,6.43,0.12,63.98,8.61,10,0,0.58,1
6.61,8.79,0.22,75.45,13.23,12,0,0.89,1
1.08,4.0,0.04,28.02,2.16,16,0,0.9,1
7.01,11.7,0.21,74.66,14.02,22,0,0.62,1
8.88,30.26,0.09,97.58,17.75,14,0,0.71,1
8.78,22.52,0.11,89.24,17.56,4,0,0.49,1
5.32,7.94,0.17,62.25,10.64,10,0,0.62,1
5.08,5.64,0.11,52.59,10.15,23,1,0.62,1
2.05,2.24,0.18,40.37,4.09,12,0,0.73,1
5.82,19.24,0.32,73.92,11.64,5,0,0.54,1
1.94,3.44,0.45,43.2,3.89,9,0,0.56,1
11.62,16.9,0.22,89.56,23.23,19,1,0.61,1
14.51,40.27,0.46,104.11,29.02,2,0,0.51,0
14.57,17.68,0.28,145.44,29.13,2,0,0.58,1
13.04,16.14,0.34,99.1,26.09,0,0,0.97,1
9.21,9.93,0.26,105.43,18.42,1,0,0.61,1
10.66,41.59,0.19,87.95,21.33,4,0,0.89,0
4.64,11.24,0.43,58.85,9.27,13,0,0.74,1
9.65,11.08,0.21,109.51,19.29,6,1,0.78,1
7.11,9.44,0.48,78.32,14.21,11,0,0.66,1
7.49,8.13,0.13,74.22,14.98,3,0,0.51,1
11.49,39.22,0.62,140.35,22.98,17,0,0.96,0
4.59,6.58,0.16,70.39,9.18,20,0,0.55,1
5.11,7.55,0.12,55.51,10.22,8,0,0.74,1
13.91,50.25,0.25,168.72,27.81,11,0,0.76,0
1.32,2.07,0.21,30.18,2.63,11,0,0.41,1
7.54,10.67,0.53,83.45,15.08,23,0,0.52,1
13.74,34.91,0.15,110.96,27.47,4,1,0.79,1
9.35,20.55,0.33,107.71,18.7,6,0,0.76,1
8.42,11.53,0.48,68.07,16.85,16,0,0.71,1
4.12,6.85,0.15,57.67,8.24,19,0,0.8,1
5.48,6.13,0.06,85.34,10.95,22,0,0.7,1
12.85,25.37,0.06,152.07,25.71,18,0,0.58,1
8.61,19.13,0.28,116.98,17.22,3,0,0.81,1
7.96,8.06,0.32,85.7,15.93,0,0,0.47,1
1.94,2.08,0.51,31.65,3.89,7,1,0.61,1
0.73,2.7,0.23,25.14,1.46,1,0,0.84,1
14.47,17.48,0.12,97.33,28.95,0,0,0.82,1
5.97,17.93,0.08,70.79,11.93,2,0,0.77,1
9.25,34.17,0.23,108.28,18.49,18,1,0.99,1
1.66,3.64,0.62,33.2,3.31,22,0,0.73,1
10.41,23.02,0.21,113.05,20.81,13,0,0.69,1
14.02,16.22,0.09,121.59,28.04,17,1,0.92,1
8.85,11.3,0.31,69.55,17.69,22,0,0.78,1
2.33,2.36,0.35,38.69,4.66,13,1,0.7,1
8.93,11.4,0.38,98.94,17.87,16,0,0.79,1
11.61,20.6,0.21,157.93,23.22,9,0,0.8,1
6.39,8.26,0.05,67.51,12.79,19,0,0.64,1
13.26,13.26,0.38,149.19,26.52,23,1,0.54,1
9.91,12.66,0.26,126.57,19.81,6,0,0.67,1
13.54,16.49,0.29,119.48,27.08,10,0,1.0,1
9.54,10.0,0.51,129.81,19.08,20,0,1.0,1
2.4,7.17,0.27,37.72,4.81,22,0,0.62,1
4.99,6.41,0.24,78.83,9.98,8,0,0.64,1
3.43,3.86,0.35,37.18,6.85,0,1,0.74,1
13.68,14.16,0.23,149.11,27.36,17,0,0.66,1
11.53,28.23,0.38,141.36,23.05,16,0,0.96,1
10.31,16.42,0.29,91.75,20.62,20,0,0.7,1
4.86,6.4,0.24,48.31,9.73,18,0,0.66,1
3.17,7.27,0.4,36.38,6.34,9,0,0.53,1
11.47,16.38,0.37,83.32,22.94,0,0,0.99,1
7.38,16.64,0.27,84.91,14.75,0,1,0.69,1
3.77,7.55,0.15,61.04,7.55,6,0,0.76,1
9.44,16.25,0.39,71.38,18.88,17,0,0.81,1
1.08,1.68,0.11,26.28,2.17,10,0,0.71,1
5.23,8.91,0.07,46.33,10.46,12,0,0.65,1
7.29,11.77,0.24,70.88,14.59,8,0,0.68,1
2.65,5.58,0.51,50.29,5.29,22,0,0.81,1
14.78,40.02,0.48,122.47,29.55,16,0,0.83,0
3.53,12.37,0.46,48.56,7.06,10,0,0.32,1
2.39,6.02,0.2,34.94,4.78,0,0,0.71,1
3.45,5.03,0.22,40.07,6.9,19,0,0.77,1
11.65,13.88,0.43,93.13,23.3,15,0,0.88,1
6.67,17.69,0.17,63.17,13.34,18,0,0.85,1
8.7,26.25,0.2,71.43,17.4,21,0,0.81,1
0.8,0.99,0.04,28.48,1.61,10,0,0.8,1
1.0,2.09,0.38,28.33,2.0,13,0,0.96,1
6.96,7.23,0.13,81.14,13.93,11,0,1.0,1
12.34,15.71,0.21,114.07,24.68,7,0,0.62,1
13.34,26.94,0.49,106.35,26.67,14,0,0.83,1
1.76,3.76,0.48,29.94,3.51,22,0,0.5,1
8.31,12.92,0.14,65.95,16.61,0,0,0.87,1
13.74,44.42,0.26,106.52,27.48,5,0,0.64,0
6.13,18.11,0.02,87.08,12.25,11,0,0.93,1
12.53,32.81,0.04,101.63,25.06,8,0,0.67,1
2.44,2.93,0.27,38.25,4.88,17,0,0.61,1
14.06,22.13,0.26,146.7,28.13,7,0,0.59,1
11.4,44.18,0.34,117.77,22.79,19,0,0.84,0
14.15,18.74,0.35,156.69,28.3,18,1,0.71,1
10.31,18.16,0.06,85.58,20.62,22,0,0.77,1
5.77,9.11,0.34,70.01,11.54,4,0,0.57,1
14.1,34.35,0.19,166.31,28.21,21,0,0.73,1
4.5,6.77,0.25,54.67,8.99,19,0,0.79,1
5.32,5.4,0.43,82.75,10.63,11,0,1.0,1
10.66,34.95,0.22,116.44,21.32,18,1,0.5,0
11.6,25.05,0.27,132.77,23.19,4,0,0.73,1
13.98,32.33,0.45,134.8,27.95,1,0,0.58,1
3.47,7.95,0.12,58.18,6.94,3,0,0.71,1
12.07,22.6,0.38,118.5,24.14,22,0,0.77,1
11.21,12.98,0.51,149.98,22.42,20,1,0.89,1
1.43,1.52,0.09,30.19,2.85,21,0,0.66,1
6.11,15.22,0.23,87.63,12.23,4,0,0.83,1
4.6,7.0,0.26,63.59,9.2,6,0,0.9,1
4.92,6.75,0.33,72.07,9.83,11,0,0.55,1
14.75,23.0,0.37,97.66,29.51,8,0,0.44,1
9.82,17.06,0.22,88.16,19.64,10,0,0.5,1
10.91,27.68,0.25,139.2,21.81,13,0,0.55,1
14.66,23.79,0.26,125.97,29.32,13,1,0.69,1
5.97,10.84,0.06,79.63,11.94,6,0,0.77,1
12.13,14.32,0.53,164.86,24.25,2,0,0.51,1
6.8,8.27,0.3,62.44,13.6,22,0,0.92,1
13.11,37.4,0.12,123.85,26.22,2,0,0.96,1
3.12,9.86,0.03,39.2,6.24,3,0,0.66,1
14.24,15.3,0.42,106.59,28.48,21,0,0.5,1
3.67,5.64,0.39,54.63,7.34,6,0,0.84,1
5.23,5.85,0.34,53.16,10.46,23,1,0.72,1
11.46,39.05,0.27,116.06,22.93,8,1,0.57,0
6.21,9.63,0.18,93.55,12.42,0,0,0.96,1
9.32,14.24,0.11,88.33,18.64,3,0,0.59,1
6.95,7.76,0.23,97.21,13.89,2,0,0.85,1
11.26,34.85,0.09,107.58,22.53,5,1,0.64,0
3.81,8.86,0.2,46.07,7.62,5,0,0.83,1
1.35,2.43,0.55,29.91,2.7,23,0,0.6,1
4.85,5.39,0.14,48.58,9.7,10,0,0.83,1
7.38,7.73,0.17,91.95,14.75,3,0,0.6,1
2.94,2.95,0.27,45.14,5.87,3,0,0.94,1
5.64,5.82,0.13,72.48,11.29,12,0,0.74,1
6.3,24.76,0.36,64.86,12.6,16,1,0.49,1
1.33,4.66,0.2,32.75,2.66,10,0,0.66,1
8.96,24.83,0.61,75.11,17.92,2,0,0.68,1
13.32,26.04,0.72,147.47,26.65,2,0,0.48,1
2.7,3.1,0.32,35.04,5.4,11,0,0.86,1
9.17,9.97,0.31,91.53,18.34,14,0,0.8,1
10.14,25.99,0.45,113.97,20.28,15,0,0.46,1
6.58,9.21,0.55,92.3,13.16,23,0,0.78,1
10.67,11.37,0.1,133.99,21.33,7,0,0.53,1
6.46,10.8,0.24,76.09,12.91,23,0,0.66,1
7.82,23.86,0.37,107.42,15.63,13,0,0.61,1
0.61,1.02,0.12,25.18,1.21,23,1,0.65,1
10.53,19.8,0.33,110.77,21.06,5,0,0.6,1
10.09,14.77,0.32,121.34,20.18,4,0,0.86,1
1.06,1.83,0.42,31.78,2.11,19,1,0.81,1
5.84,22.2,0.31,73.84,11.68,18,0,0.77,1
14.7,14.76,0.25,190.61,29.39,6,1,0.61,1
6.6,10.04,0.23,63.75,13.2,0,0,0.77,1
7.78,12.85,0.08,109.22,15.56,1,0,0.7,1
13.69,14.18,0.06,109.72,27.39,7,0,0.7,1
10.9,29.71,0.14,114.67,21.8,3,1,0.77,1
8.94,22.81,0.42,114.52,17.88,23,0,0.74,1
12.07,14.1,0.04,148.06,24.14,14,0,0.9,1
13.03,29.25,0.04,110.54,26.07,13,0,0.81,1
7.12,8.39,0.23,104.8,14.25,5,1,0.89,1
7.39,16.29,0.52,61.11,14.78,16,0,0.62,1
6.1,22.18,0.08,51.97,12.2,5,0,0.97,1
14.52,22.76,0.03,178.1,29.03,11,0,0.67,1
10.61,26.69,0.3,133.87,21.22,16,0,0.89,1
1.71,2.09,0.11,37.05,3.41,7,0,0.81,1
13.01,17.8,0.14,162.56,26.03,0,0,0.76,1
7.47,7.92,0.16,64.53,14.94,4,1,0.72,1
1.5,1.79,0.54,28.49,2.99,9,0,1.0,1
8.47,21.97,0.05,119.84,16.94,21,0,0.98,1
6.55,7.7,0.52,81.36,13.1,23,0,0.74,1
13.23,18.09,0.22,171.31,26.45,3,0,0.74,1
3.46,4.6,0.17,59.23,6.92,2,1,0.59,1
12.48,14.28,0.41,139.49,24.97,14,0,0.56,1
8.59,12.62,0.27,100.71,17.17,4,0,0.65,1
1.29,2.15,0.25,29.71,2.58,23,0,0.7,1
14.59,20.06,0.23,108.19,29.18,15,0,0.83,1
7.93,16.75,0.47,97.79,15.87,14,0,1.0,1
4.72,12.19,0.49,70.6,9.44,23,0,0.39,1
7.31,10.26,0.29,84.39,14.61,20,0,0.52,1
12.94,30.42,0.2,89.3,25.88,15,0,0.77,1
4.92,15.88,0.39,49.6,9.84,8,0,0.48,1
3.29,13.15,0.13,38.82,6.59,15,0,0.89,1
2.37,3.36,0.36,42.78,4.74,17,0,0.84,1
4.82,9.24,0.36,63.15,9.64,15,0,0.81,1
11.81,14.51,0.26,117.62,23.62,3,0,0.5,1
7.34,13.81,0.4,84.61,14.68,16,0,0.55,1
3.8,6.18,0.28,46.33,7.6,10,0,0.87,1
2.91,5.24,0.16,50.94,5.82,23,1,0.42,1
5.32,7.22,0.21,58.87,10.65,14,0,0.75,1
14.13,27.32,0.28,154.37,28.26,17,0,0.6,1
5.47,5.63,0.25,62.35,10.95,23,0,0.52,1
14.83,15.57,0.34,101.63,29.66,23,0,0.67,1
7.54,8.51,0.15,71.23,15.07,23,1,1.0,1
3.1,3.29,0.37,56.42,6.2,21,1,0.75,1
13.42,22.87,0.68,105.01,26.84,23,0,0.81,1
7.18,11.0,0.16,61.15,14.35,3,0,0.66,1
10.79,13.38,0.43,95.94,21.58,14,0,0.86,1
14.76,19.12,0.14,184.55,29.53,21,0,0.89,1
1.23,1.34,0.18,28.77,2.46,1,0,0.7,1
1.9,2.42,0.25,35.07,3.8,6,0,0.6,1
10.95,10.96,0.25,98.49,21.89,11,0,0.76,1
4.59,8.97,0.08,74.68,9.17,16,1,0.84,1
3.17,3.63,0.44,58.07,6.34,8,0,0.78,1
1.07,1.38,0.12,28.97,2.14,9,0,0.64,1
0.82,1.06,0.34,28.57,1.63,1,0,0.81,1
11.73,23.73,0.08,96.72,23.46,6,1,0.67,1
2.45,2.92,0.12,38.66,4.9,21,0,0.92,1
7.28,7.87,0.08,91.04,14.56,17,0,0.71,1
9.29,22.43,0.19,85.04,18.57,5,0,0.47,1
6.71,9.33,0.11,64.11,13.42,18,0,0.82,1
0.89,1.64,0.29,30.23,1.79,16,0,0.74,1
11.86,11.95,0.28,99.59,23.72,22,1,0.67,1
0.65,1.07,0.16,23.53,1.3,12,0,0.7,1
11.55,27.41,0.18,138.45,23.09,3,0,0.51,1
13.45,25.08,0.5,110.17,26.91,14,0,0.56,1
6.78,9.15,0.23,75.23,13.55,22,0,0.61,1
8.27,26.92,0.23,67.78,16.53,1,0,0.81,1
7.42,10.55,0.25,60.64,14.83,0,0,0.79,1
6.14,6.48,0.22,70.52,12.29,15,0,0.51,1
13.37,15.06,0.14,118.38,26.74,7,0,0.67,1
13.46,44.76,0.39,134.99,26.92,6,0,0.72,0
5.37,5.4,0.48,83.15,10.74,4,0,0.83,1
9.42,12.17,0.09,93.95,18.84,19,0,0.33,1
13.94,37.5,0.27,148.51,27.88,1,0,0.49,0
14.45,55.72,0.49,102.12,28.9,21,0,0.6,0
7.88,20.82,0.79,108.27,15.76,4,0,0.33,1
7.07,8.04,0.46,95.19,14.13,9,0,0.89,1
4.54,17.06,0.27,59.31,9.08,13,0,0.74,1
14.4,33.9,0.33,110.51,28.81,1,0,0.81,1
2.57,3.14,0.49,40.52,5.14,20,0,0.61,1
8.91,12.92,0.03,83.08,17.82,18,0,0.74,1
4.6,5.49,0.19,74.99,9.19,4,0,0.74,1
4.55,5.61,0.07,58.35,9.09,20,0,0.64,1
6.37,22.13,0.4,70.69,12.74,4,0,0.86,1
14.98,16.3,0.11,112.64,29.96,23,0,0.77,1
1.3,3.09,0.48,28.66,2.59,4,0,0.73,1
8.89,13.37,0.15,108.72,17.78,5,0,0.66,1
1.7,2.31,0.46,34.84,3.39,16,0,0.59,1
2.74,7.28,0.43,40.57,5.48,13,0,0.71,1
6.87,7.0,0.32,68.66,13.75,3,0,0.77,1
7.9,12.82,0.63,70.61,15.8,17,0,0.69,1
4.25,14.5,0.07,42.27,8.5,17,0,0.92,1
5.09,5.34,0.52,80.25,10.18,10,0,0.64,1
1.76,2.55,0.18,38.09,3.52,16,0,0.81,1
4.9,6.32,0.27,76.29,9.79,13,0,0.52,1
14.52,22.54,0.26,134.49,29.03,5,1,0.61,1
14.2,16.21,0.28,177.4,28.4,18,1,0.49,1
5.36,19.49,0.2,56.39,10.71,17,1,0.62,1
8.78,19.45,0.21,95.21,17.55,7,0,0.89,1
13.69,22.73,0.12,107.85,27.38,4,0,0.54,1
0.59,1.92,0.07,26.13,1.18,15,0,0.92,1
12.25,15.72,0.35,123.96,24.51,12,0,0.64,1
14.25,26.14,0.53,144.76,28.5,14,0,0.53,1
1.82,4.01,0.23,40.1,3.65,0,0,0.69,1
2.84,11.25,0.06,48.91,5.68,0,0,0.68,1
14.43,18.27,0.21,189.76,28.86,1,0,0.71,1
8.29,9.48,0.27,85.01,16.59,18,1,0.49,1
0.71,1.29,0.08,25.81,1.41,1,0,0.69,1
4.24,6.29,0.33,59.42,8.47,15,0,0.47,1
7.02,16.69,0.23,77.41,14.05,1,0,0.63,1
10.55,14.72,0.15,103.72,21.09,20,0,0.59,1
11.13,42.96,0.04,102.19,22.26,6,0,0.57,0
14.93,24.22,0.3,181.63,29.87,0,0,0.81,1
4.67,6.37,0.31,60.78,9.34,0,0,0.91,1
8.3,8.85,0.22,96.83,16.61,17,0,0.74,1
8.23,15.36,0.39,72.93,16.47,17,0,0.55,1
6.38,7.75,0.44,63.16,12.76,15,0,0.68,1
2.95,4.23,0.15,41.79,5.91,0,0,0.88,1
14.67,15.52,0.1,141.16,29.35,11,0,0.8,1
12.87,23.46,0.39,88.32,25.75,10,0,1.0,1
7.73,15.79,0.19,106.67,15.45,8,1,0.5,1
9.25,10.1,0.25,124.73,18.49,22,0,0.55,1
3.8,13.23,0.59,56.56,7.59,9,0,0.82,1
8.38,23.8,0.38,80.48,16.77,10,0,0.73,1
10.58,33.92,0.12,101.41,21.15,22,0,0.55,1
7.97,9.03,0.13,100.8,15.94,12,0,0.59,1
14.86,57.6,0.3,124.07,29.72,11,0,0.73,0
9.36,10.45,0.35,106.74,18.73,5,0,0.74,1
5.88,9.99,0.12,86.69,11.76,21,0,0.78,1
11.7,46.23,0.38,112.09,23.39,13,0,0.97,0
2.97,5.39,0.38,47.07,5.94,5,0,0.98,1
6.08,15.57,0.39,89.87,12.15,11,1,0.55,1
5.53,7.7,0.63,60.84,11.06,17,0,0.79,1
6.76,8.9,0.35,89.76,13.52,22,0,0.62,1
11.84,19.23,0.07,141.74,23.67,19,0,0.93,1
7.52,26.82,0.13,106.48,15.04,10,0,0.63,1
12.01,16.19,0.22,152.27,24.03,1,0,0.52,1
8.86,10.05,0.13,110.73,17.72,11,0,0.86,1
5.46,6.91,0.31,71.63,10.92,14,0,0.9,1
12.24,14.03,0.1,101.9,24.49,22,0,0.58,1
3.96,9.88,0.16,58.34,7.91,5,0,0.85,1
3.75,4.09,0.07,46.03,7.51,4,1,0.55,1
7.82,15.9,0.49,83.15,15.63,14,0,0.6,1
4.28,16.47,0.22,62.69,8.56,10,0,0.42,1
0.63,0.72,0.52,26.14,1.26,14,0,0.84,1
9.9,10.35,0.31,97.31,19.8,18,0,0.76,1
7.91,10.67,0.22,69.67,15.82,0,0,0.63,1
6.96,16.43,0.33,78.39,13.92,4,0,0.65,1
14.52,33.09,0.11,120.05,29.04,3,0,0.73,1
8.78,14.64,0.15,79.62,17.56,8,0,0.72,1
13.02,14.1,0.48,114.88,26.04,5,0,0.77,1
2.52,6.96,0.41,45.08,5.04,22,0,0.54,1
8.75,10.07,0.18,94.24,17.51,10,0,0.79,1
13.09,27.93,0.14,119.61,26.17,2,0,0.71,1
8.96,10.46,0.55,121.23,17.91,22,1,0.48,1
10.91,11.61,0.14,128.54,21.82,8,0,0.99,1
5.89,10.33,0.35,69.88,11.79,10,1,0.55,1
1.84,3.51,0.34,34.63,3.68,8,0,0.55,1
7.14,8.38,0.11,96.62,14.28,0,0,0.58,1
6.22,9.61,0.23,58.63,12.44,12,0,0.6,1
13.07,17.13,0.29,146.14,26.14,0,0,0.57,1
4.04,5.63,0.35,40.78,8.08,17,0,0.63,1
14.52,39.81,0.08,93.3,29.04,10,0,0.8,0
14.39,16.29,0.16,185.84,28.79,14,0,0.72,1
4.09,10.31,0.36,55.17,8.18,15,0,0.55,1
5.55,5.84,0.46,59.97,11.09,23,0,0.79,1
13.49,30.79,0.36,162.45,26.97,23,0,0.88,1
14.52,18.14,0.03,192.65,29.03,0,1,0.65,1
6.93,14.95,0.39,56.32,13.86,10,1,0.68,1
5.15,10.56,0.19,47.14,10.31,5,0,0.64,1
8.13,16.85,0.06,109.28,16.26,11,0,0.56,1
10.47,12.91,0.32,113.18,20.95,18,0,0.37,1
4.47,6.69,0.48,69.92,8.93,0,0,0.65,1
11.18,12.25,0.5,130.25,22.36,20,1,1.0,1
1.25,2.6,0.33,30.36,2.5,1,0,0.66,1
1.21,1.58,0.29,27.45,2.43,21,0,0.52,1
6.1,7.49,0.23,67.16,12.2,19,0,0.79,1
5.63,15.47,0.51,79.12,11.25,11,0,0.67,1
5.08,9.22,0.47,53.7,10.15,23,0,0.79,1
7.62,12.45,0.29,96.1,15.24,0,0,0.76,1
5.15,9.97,0.02,54.67,10.3,6,0,0.66,1
3.29,6.69,0.47,47.11,6.58,9,0,0.72,1
4.99,6.52,0.06,47.92,9.97,21,0,0.93,1
14.64,35.53,0.2,139.8,29.27,15,0,0.68,1
6.46,8.26,0.25,80.02,12.92,14,0,0.92,1
6.95,7.3,0.04,82.14,13.9,8,0,0.78,1
8.86,13.15,0.21,89.51,17.72,13,0,0.84,1
14.76,20.83,0.12,131.99,29.52,3,0,0.81,1
4.0,13.27,0.24,47.73,8.01,5,0,0.66,1
10.38,11.55,0.39,127.62,20.76,14,0,0.9,1
10.88,23.45,0.38,134.02,21.76,22,0,0.77,1
9.31,13.08,0.15,98.0,18.61,7,0,0.62,1
1.78,1.81,0.45,33.7,3.57,9,0,0.5,1
10.31,14.81,0.47,117.6,20.63,6,1,0.82,1
1.43,1.8,0.34,32.73,2.86,22,0,0.47,1
9.14,15.66,0.27,108.43,18.29,21,0,0.58,1
11.22,38.01,0.18,100.16,22.45,21,0,0.51,1
3.56,4.2,0.11,57.44,7.12,16,0,0.83,1
12.7,45.99,0.48,111.68,25.41,12,0,0.77,0
0.94,1.21,0.21,27.46,1.88,7,1,0.74,1
12.74,47.66,0.68,95.48,25.47,10,0,0.74,0
7.17,8.0,0.15,98.83,14.35,0,0,0.72,1
3.66,9.93,0.65,54.76,7.31,5,0,0.95,1
2.44,3.84,0.36,36.22,4.88,5,0,0.5,1
14.32,20.52,0.21,177.01,28.65,8,1,0.89,1
1.55,2.62,0.33,35.43,3.11,1,1,0.69,1
3.39,6.7,0.28,47.42,6.77,16,0,0.96,1
5.54,9.23,0.21,86.13,11.09,1,0,0.78,1
9.49,19.63,0.11,89.88,18.99,21,0,0.84,1
8.4,14.52,0.05,67.85,16.8,6,0,0.75,1
2.32,4.47,0.44,43.53,4.64,22,0,0.55,1
4.7,6.97,0.42,68.42,9.4,18,0,0.71,1
3.96,9.25,0.21,41.44,7.92,19,0,0.71,1
3.6,3.63,0.21,58.61,7.19,2,0,0.79,1
6.46,10.33,0.49,87.4,12.92,10,0,0.8,1
10.71,27.07,0.43,143.22,21.42,12,0,0.86,1
3.65,6.01,0.09,41.3,7.31,15,0,0.79,1
5.82,6.46,0.43,73.55,11.63,8,0,0.69,1
6.17,23.16,0.39,60.32,12.34,18,0,0.57,1
14.66,19.3,0.3,134.28,29.32,11,1,0.81,1
14.34,21.7,0.1,118.33,28.69,15,1,0.52,1
12.1,32.09,0.07,118.57,24.2,21,0,0.77,1
4.0,4.64,0.31,43.18,8.01,5,0,0.86,1
1.49,2.82,0.28,30.59,2.97,4,0,0.76,1
5.1,10.83,0.14,48.0,10.19,4,0,0.58,1
4.37,5.01,0.61,56.88,8.74,10,0,0.68,1
7.84,10.75,0.48,75.45,15.67,13,0,0.71,1
11.78,12.75,0.1,127.55,23.55,23,0,0.7,1
12.95,17.92,0.08,126.09,25.89,13,0,0.75,1
12.75,15.83,0.27,105.52,25.5,8,0,0.82,1
5.72,6.51,0.38,52.69,11.43,7,0,0.65,1
10.46,35.96,0.42,127.51,20.93,23,0,0.8,1
5.04,6.05,0.38,67.5,10.07,10,0,0.78,1
1.38,1.95,0.31,27.23,2.77,9,0,0.84,1
10.67,35.32,0.51,147.28,21.35,18,0,0.64,1
0.64,1.02,0.63,26.1,1.28,21,0,0.73,1
6.43,20.63,0.33,61.5,12.87,20,0,0.64,1
5.28,6.58,0.42,77.42,10.55,19,0,0.68,1
10.55,15.99,0.06,137.94,21.11,15,0,0.63,1
11.61,12.03,0.71,124.68,23.22,4,0,0.59,1
4.91,12.67,0.4,74.98,9.82,5,0,0.92,1
12.27,17.41,0.11,83.85,24.54,10,0,0.77,1
4.76,11.65,0.29,75.31,9.52,10,0,0.55,1
6.97,9.81,0.24,57.65,13.94,15,1,0.68,1
11.04,13.94,0.52,124.86,22.08,22,0,0.56,1
10.55,13.32,0.44,98.27,21.09,7,0,0.71,1
14.82,17.2,0.06,98.16,29.63,18,0,0.66,1
3.76,4.23,0.46,63.31,7.53,0,0,0.72,1
10.1,32.81,0.36,80.09,20.21,20,1,0.42,0
9.34,18.41,0.24,122.52,18.68,8,0,0.45,1
13.77,17.99,0.44,120.68,27.54,13,0,0.68,1
2.77,4.44,0.38,48.19,5.53,19,0,0.82,1
11.4,29.01,0.21,97.29,22.8,2,0,0.71,1
8.74,13.15,0.34,99.39,17.48,4,0,0.59,1
4.48,8.07,0.46,67.5,8.97,1,0,0.57,1
7.38,13.6,0.18,86.14,14.76,17,0,0.89,1
5.34,6.23,0.17,58.16,10.68,21,1,0.56,1
8.9,16.02,0.23,79.04,17.8,20,0,0.74,1
13.39,49.62,0.19,103.34,26.78,12,0,0.52,0
8.75,29.82,0.33,115.18,17.51,3,0,0.66,1
9.66,10.83,0.31,109.61,19.32,16,0,0.83,1
8.02,8.27,0.17,88.67,16.04,13,0,0.5,1
1.24,1.62,0.09,28.38,2.48,11,0,0.58,1
3.88,7.41,0.3,51.15,7.75,9,0,0.86,1
7.63,8.0,0.29,91.31,15.27,21,0,0.9,1
5.0,6.69,0.49,47.51,10.0,23,0,0.87,1
3.14,3.55,0.06,43.6,6.27,14,1,0.76,1
7.81,9.47,0.24,72.14,15.62,6,0,0.44,1
5.18,9.7,0.04,69.35,10.36,2,0,0.58,1
4.24,6.97,0.05,59.22,8.49,19,0,0.77,1
7.23,18.55,0.37,71.29,14.46,10,0,0.54,1
2.43,5.19,0.31,32.87,4.87,12,0,0.54,1
13.95,16.74,0.16,107.62,27.9,20,0,0.88,1
13.08,14.21,0.2,100.07,26.16,2,0,0.56,1
10.76,13.56,0.23,116.62,21.52,12,0,0.94,1
2.04,3.41,0.07,32.62,4.08,7,1,0.8,1
11.75,37.32,0.17,118.42,23.5,8,0,0.79,1
12.22,41.73,0.16,133.62,24.43,6,0,0.7,1
11.63,21.92,0.46,149.78,23.27,7,0,1.0,1
2.15,3.6,0.35,34.45,4.31,13,0,0.77,1
9.84,13.92,0.35,81.98,19.67,17,0,0.65,1
12.6,49.43,0.18,98.27,25.2,9,0,0.68,0
8.87,8.94,0.22,86.74,17.74,2,0,0.75,1
9.87,18.88,0.19,114.23,19.75,15,0,0.74,1
7.15,8.07,0.06,89.34,14.29,14,0,0.75,1
8.17,12.54,0.17,72.89,16.33,12,0,0.76,1
1.0,2.87,0.5,25.91,2.0,3,0,0.78,1
9.76,11.51,0.29,99.49,19.53,15,0,0.46,1
1.68,2.15,0.16,30.07,3.36,17,0,0.77,1
6.81,10.55,0.36,92.78,13.62,18,0,0.87,1
4.74,7.46,0.58,46.5,9.49,23,0,0.71,1
8.41,26.64,0.45,106.31,16.82,15,0,0.74,1
2.43,3.28,0.17,32.9,4.87,11,0,0.71,1
10.53,11.28,0.21,132.12,21.06,22,0,0.7,1
12.03,37.59,0.35,132.94,24.06,21,1,0.78,1
2.87,6.41,0.45,40.82,5.74,21,0,0.71,1
2.01,2.17,0.19,35.78,4.03,1,0,0.7,1
2.61,5.63,0.06,45.36,5.22,7,0,0.66,1
13.22,17.85,0.25,103.27,26.44,10,0,0.58,1
8.16,12.53,0.27,111.64,16.32,11,0,0.47,1
7.28,10.43,0.11,80.97,14.55,5,0,0.67,1
2.05,3.64,0.43,41.13,4.09,15,0,0.64,1
9.92,20.88,0.17,104.77,19.84,4,0,0.95,1
13.09,45.69,0.27,126.86,26.17,9,0,0.78,0
12.51,15.48,0.28,123.66,25.02,4,0,0.68,1
9.58,11.83,0.19,92.23,19.16,17,0,0.74,1
1.59,2.11,0.53,36.12,3.18,1,0,0.73,1
2.13,2.91,0.39,43.26,4.26,13,0,0.83,1
1.21,2.81,0.12,33.34,2.43,22,0,0.63,1
4.23,15.87,0.22,44.76,8.47,20,0,0.8,1
2.47,2.88,0.15,45.48,4.93,6,1,0.58,1
4.27,6.91,0.15,47.33,8.54,7,0,0.66,1
6.08,12.67,0.32,50.94,12.17,3,0,0.55,1
14.17,43.42,0.34,118.2,28.35,4,0,0.5,0
9.35,31.48,0.27,85.92,18.7,16,1,1.0,1
12.61,24.64,0.37,154.5,25.21,5,1,0.75,1
10.8,12.65,0.26,130.13,21.6,0,0,0.71,1
2.13,2.27,0.35,31.92,4.26,2,0,0.61,1
11.17,12.11,0.2,101.34,22.34,9,0,0.86,1
4.49,4.78,0.42,50.34,8.98,12,0,0.75,1
9.77,10.49,0.3,109.55,19.53,18,1,0.67,1
5.44,8.43,0.26,67.86,10.89,13,0,0.52,1
14.97,36.1,0.33,165.96,29.93,22,1,0.88,1
4.32,5.09,0.13,69.16,8.64,10,0,0.69,1
4.55,11.08,0.2,56.14,9.09,17,0,0.6,1
13.99,31.07,0.17,154.23,27.99,10,0,0.67,1
0.86,2.02,0.12,29.8,1.71,14,0,0.95,1
10.6,16.66,0.58,113.21,21.2,3,0,0.86,1
11.02,22.42,0.29,98.86,22.03,10,1,0.65,1
12.63,34.54,0.6,118.75,25.25,5,0,1.0,1
14.63,24.8,0.15,170.42,29.26,21,0,0.73,1
14.65,16.18,0.31,167.05,29.29,17,0,0.48,1
1.45,2.13,0.19,34.81,2.89,11,0,0.71,1
12.42,13.66,0.13,146.69,24.83,15,0,0.62,1
9.87,24.87,0.23,132.96,19.74,19,0,0.79,1
9.89,26.35,0.28,122.31,19.77,15,0,0.7,1
2.36,3.46,0.73,45.94,4.72,17,0,0.6,1
9.93,16.62,0.3,109.51,19.86,13,0,0.78,1
14.75,19.79,0.54,160.22,29.49,16,1,0.48,1
13.72,16.22,0.43,181.56,27.44,14,0,0.73,1
6.87,8.44,0.05,96.17,13.73,9,0,1.0,1
1.08,1.13,0.41,31.27,2.16,6,0,0.87,1
5.75,10.49,0.42,76.37,11.51,4,0,0.53,1
12.48,30.84,0.65,113.74,24.97,10,0,0.92,1
10.67,16.09,0.56,114.3,21.34,20,0,0.72,1
7.16,21.5,0.25,58.57,14.32,2,0,0.6,1
1.3,2.78,0.2,30.28,2.6,16,0,0.71,1
6.69,16.48,0.28,58.69,13.38,18,1,0.87,1
7.3,13.34,0.39,93.74,14.6,8,1,0.62,1
13.96,41.88,0.16,177.04,27.93,3,0,0.47,1
9.8,35.77,0.51,80.92,19.59,14,0,0.57,0
5.02,6.76,0.6,53.73,10.04,20,0,0.71,1
8.12,11.47,0.09,109.28,16.23,21,0,0.56,1
1.46,1.87,0.18,33.27,2.92,8,0,0.72,1
14.6,19.59,0.06,153.15,29.2,20,0,0.64,1
5.72,17.04,0.17,71.15,11.44,15,0,0.52,1
7.43,15.86,0.35,68.5,14.86,22,0,0.78,1
5.65,16.28,0.2,57.88,11.3,16,0,0.77,1
10.4,11.78,0.3,141.09,20.79,17,0,0.75,1
10.1,12.47,0.04,121.67,20.2,4,1,0.43,1
10.87,27.1,0.15,81.24,21.74,4,0,0.52,1
4.39,8.67,0.08,48.79,8.78,8,0,0.8,1
5.08,5.21,0.09,67.67,10.15,22,0,0.66,1
2.32,3.33,0.34,36.18,4.63,9,0,0.81,1
10.0,11.76,0.29,87.65,20.01,22,0,0.56,1
1.08,2.4,0.41,26.91,2.15,21,0,0.54,1
9.17,22.49,0.37,77.75,18.33,21,0,0.62,1
13.11,15.65,0.41,141.84,26.22,12,0,0.7,1
13.42,17.55,0.15,172.16,26.83,16,1,0.77,1
7.01,9.22,0.41,72.78,14.02,12,0,0.72,1
7.16,10.78,0.19,61.89,14.32,6,0,0.77,1
1.62,2.4,0.46,29.49,3.23,19,0,0.77,1
10.23,12.75,0.46,137.97,20.45,2,0,0.6,1
12.41,27.42,0.18,127.97,24.82,0,0,0.88,1
4.05,7.87,0.39,53.45,8.09,22,0,0.61,1
6.61,7.31,0.38,94.25,13.22,9,0,0.55,1
12.66,26.29,0.09,128.27,25.33,14,0,0.74,1
13.22,20.04,0.12,130.56,26.44,12,0,0.66,1
4.03,5.18,0.12,66.25,8.05,16,0,0.89,1
8.48,8.48,0.32,90.59,16.97,17,0,0.65,1
3.29,5.71,0.15,45.46,6.58,9,1,0.59,1
1.98,3.46,0.07,37.94,3.95,19,0,0.63,1
13.71,15.55,0.29,182.35,27.42,8,0,0.74,1
12.4,14.51,0.38,165.63,24.79,23,0,0.75,1
11.52,14.43,0.13,140.15,23.04,0,0,0.55,1
1.21,2.02,0.35,30.25,2.41,11,0,0.72,1
12.73,25.83,0.31,162.24,25.47,10,0,0.63,1
6.85,9.7,0.39,74.37,13.7,10,0,0.67,1
5.46,6.02,0.52,71.81,10.93,14,1,0.66,1
8.42,9.23,0.07,72.7,16.85,19,0,0.76,1
1.82,5.51,0.26,37.57,3.65,13,0,0.8,1
11.47,20.08,0.19,99.53,22.94,8,0,0.71,1
8.95,14.95,0.02,113.05,17.89,1,0,0.92,1
3.21,3.26,0.67,45.32,6.41,1,0,0.92,1
3.23,4.26,0.12,45.15,6.46,21,0,0.78,1
3.17,5.71,0.22,52.43,6.34,15,0,0.83,1
1.33,4.92,0.14,30.58,2.65,5,0,0.54,1
9.02,13.39,0.17,110.21,18.05,12,0,0.69,1
12.69,39.39,0.48,159.35,25.37,5,0,0.5,0
0.75,0.86,0.23,24.49,1.51,0,0,0.7,1
1.21,1.49,0.49,30.11,2.42,12,0,0.64,1
8.81,14.79,0.29,122.27,17.61,1,0,0.7,1
12.38,21.65,0.11,152.31,24.77,22,0,0.63,1
5.24,5.67,0.49,81.89,10.48,0,0,0.68,1
5.57,11.94,0.71,81.39,11.14,0,1,0.77,1
9.15,20.94,0.39,85.6,18.29,10,0,0.58,1
4.48,4.69,0.54,47.99,8.95,15,1,0.71,1
0.89,1.03,0.1,25.73,1.77,8,0,0.76,1
11.16,12.9,0.16,92.75,22.32,6,0,0.64,1
9.57,24.15,0.2,72.93,19.14,13,0,0.53,1
8.92,24.96,0.04,121.23,17.84,4,0,0.71,1
11.25,41.76,0.1,115.86,22.51,18,0,0.83,0
10.29,24.06,0.57,78.75,20.58,23,0,0.77,1
3.49,4.2,0.44,56.03,6.97,16,0,0.6,1
5.61,13.05,0.41,60.85,11.22,7,0,0.63,1
2.33,2.92,0.49,32.8,4.66,3,0,0.62,1
2.38,5.43,0.2,35.08,4.77,1,0,0.49,1
10.3,18.86,0.07,118.96,20.61,22,0,0.99,1
12.95,13.12,0.06,156.72,25.9,19,0,0.73,1
14.46,33.35,0.26,117.97,28.92,12,0,0.83,1
9.61,18.06,0.28,106.88,19.22,19,0,0.68,1
3.17,6.66,0.26,35.87,6.34,5,0,0.5,1
2.03,6.12,0.09,34.12,4.06,17,0,0.8,1
12.29,19.9,0.21,97.05,24.57,4,0,0.93,1
8.89,16.65,0.26,69.22,17.78,11,0,0.55,1
9.47,12.27,0.17,99.39,18.93,18,0,0.47,1
11.83,13.71,0.07,131.42,23.66,19,0,0.74,1
10.7,16.25,0.24,76.96,21.4,18,0,1.0,1
12.6,45.96,0.18,95.16,25.2,14,0,0.71,0
1.32,1.84,0.2,35.16,2.63,6,0,0.58,1
11.34,38.89,0.18,94.4,22.68,18,0,0.9,0
12.84,18.02,0.18,152.48,25.67,22,0,0.67,1
4.65,6.09,0.41,67.58,9.3,20,1,0.62,1
9.79,24.57,0.69,90.96,19.57,2,0,0.79,1
5.06,5.85,0.38,52.5,10.11,0,1,0.85,1
14.39,15.42,0.36,116.53,28.78,20,1,0.46,1
0.98,1.15,0.24,28.82,1.97,9,0,0.77,1
8.91,18.6,0.58,88.3,17.81,3,0,0.54,1
2.91,4.22,0.14,44.68,5.83,15,0,0.55,1
10.83,11.57,0.15,135.65,21.65,11,0,0.81,1
3.05,6.22,0.48,45.98,6.1,9,0,0.67,1
3.91,4.52,0.46,66.83,7.83,2,0,0.57,1
7.67,29.83,0.56,94.08,15.34,7,0,0.84,1
13.77,54.46,0.3,108.8,27.53,4,0,0.79,0
3.57,4.35,0.13,50.33,7.14,21,0,0.71,1
2.59,3.16,0.2,47.71,5.18,15,0,0.62,1
11.51,13.67,0.08,95.11,23.01,3,0,0.62,1
7.76,8.19,0.47,98.41,15.52,15,0,0.47,1
13.72,40.54,0.25,91.82,27.44,21,0,0.96,0
2.63,6.19,0.36,50.46,5.25,2,0,0.73,1
9.87,10.63,0.43,115.14,19.73,22,0,0.54,1
3.88,10.12,0.34,43.8,7.75,3,0,1.0,1
2.77,3.64,0.12,50.84,5.55,15,0,0.67,1
10.41,16.07,0.2,78.01,20.82,4,0,0.8,1
9.11,29.16,0.05,91.42,18.22,21,1,0.61,1
11.44,24.67,0.06,136.27,22.89,20,0,0.68,1
4.99,7.79,0.24,77.66,9.97,17,0,0.69,1
7.0,7.87,0.32,72.06,13.99,19,0,0.77,1
6.38,8.17,0.54,88.98,12.76,7,0,0.87,1
14.77,20.62,0.31,114.19,29.54,7,0,0.64,1
4.74,7.62,0.37,44.85,9.48,6,0,0.68,1
4.77,10.07,0.07,44.84,9.55,9,0,0.92,1
5.64,16.62,0.44,74.19,11.28,1,0,0.77,1
8.69,15.6,0.23,72.81,17.37,19,1,0.69,1
4.16,15.32,0.32,42.26,8.32,5,1,0.86,1
13.77,33.73,0.48,183.02,27.54,14,0,0.66,1
4.35,7.58,0.3,49.14,8.7,13,1,0.63,1
13.49,23.92,0.23,131.12,26.98,7,0,0.74,1
2.0,7.06,0.39,38.59,4.0,8,0,0.71,1
10.02,14.48,0.39,80.23,20.04,4,0,0.64,1
13.65,20.61,0.12,122.39,27.3,4,0,0.75,1
2.95,9.55,0.28,48.1,5.89,8,0,0.46,1
14.54,15.19,0.28,157.82,29.08,21,1,0.62,1
7.07,21.78,0.42,96.99,14.13,6,0,0.49,1
14.21,15.95,0.25,134.58,28.43,7,0,0.52,1
10.31,41.22,0.19,135.81,20.63,23,0,0.45,0
4.87,5.34,0.25,67.64,9.75,14,1,0.68,1
3.23,12.2,0.13,48.86,6.46,2,0,0.62,1
4.9,5.99,0.04,48.54,9.81,20,0,0.75,1
1.85,3.55,0.3,36.68,3.7,16,1,0.76,1
2.59,3.22,0.23,43.7,5.17,18,1,0.89,1
2.02,3.66,0.28,40.8,4.04,17,0,0.59,1
6.63,21.88,0.34,86.55,13.27,9,0,0.73,1
12.04,14.58,0.33,124.83,24.07,1,0,0.66,1
2.55,8.4,0.47,43.33,5.1,1,1,0.76,1
2.39,2.54,0.25,44.87,4.78,16,0,0.74,1
9.83,34.1,0.52,93.33,19.66,14,1,0.65,0
3.36,5.51,0.4,39.97,6.72,15,0,0.69,1
1.92,2.42,0.22,41.3,3.83,5,1,0.49,1
2.92,5.36,0.36,54.32,5.84,19,0,0.78,1
13.89,33.65,0.17,131.22,27.79,1,0,0.41,1
12.41,15.15,0.37,168.09,24.82,14,0,0.77,1
5.63,6.72,0.2,60.9,11.27,20,0,0.49,1
10.01,10.63,0.35,74.71,20.02,17,0,0.81,1
8.29,15.58,0.47,94.67,16.58,7,0,0.77,1
10.32,16.39,0.38,134.3,20.64,3,0,0.61,1
10.4,19.91,0.33,116.94,20.8,4,0,0.41,1
9.62,21.72,0.4,68.72,19.23,7,0,0.76,1
4.36,5.36,0.34,42.15,8.72,21,0,0.48,1
1.07,2.11,0.59,30.73,2.13,16,0,0.83,1
7.11,12.44,0.38,97.58,14.21,5,1,0.5,1
13.42,24.28,0.42,110.86,26.84,14,0,0.48,1
8.76,11.16,0.29,92.61,17.52,0,0,0.65,1
12.57,13.4,0.18,167.41,25.14,10,1,0.48,1
14.88,19.84,0.27,142.36,29.76,5,0,0.66,1
2.87,4.76,0.09,37.09,5.74,22,0,0.43,1
10.53,12.62,0.41,139.86,21.06,5,0,0.73,1
10.28,14.06,0.49,107.01,20.55,19,0,0.57,1
14.71,49.78,0.67,129.0,29.42,19,0,1.0,0
14.79,45.97,0.39,104.04,29.58,17,0,0.72,0
10.46,37.56,0.35,105.83,20.91,17,0,0.74,0
4.03,6.8,0.36,61.89,8.06,6,1,0.71,1
12.08,13.89,0.43,141.04,24.16,23,0,0.43,1
2.05,4.23,0.47,37.39,4.1,15,0,0.73,1
11.82,21.97,0.14,138.64,23.64,21,0,0.37,1
13.7,14.7,0.21,122.12,27.4,21,0,1.0,1
6.05,6.89,0.1,81.4,12.1,22,0,0.41,1
9.64,12.88,0.14,74.01,19.29,18,0,0.49,1
6.74,14.97,0.29,63.08,13.47,11,0,0.79,1
6.85,20.27,0.45,96.31,13.7,17,0,0.82,1
5.0,19.08,0.5,55.28,10.0,3,0,0.9,1
11.55,34.98,0.07,94.41,23.1,1,0,0.9,1
14.07,29.98,0.16,99.14,28.15,22,0,0.55,1
14.14,21.3,0.38,129.6,28.28,8,0,0.4,1
3.03,10.18,0.19,36.59,6.07,6,1,0.74,1
13.18,37.44,0.11,131.78,26.37,11,0,0.53,1
11.19,29.01,0.22,147.98,22.39,4,0,0.62,1
4.17,5.75,0.1,63.79,8.33,11,0,0.69,1
1.48,2.07,0.11,27.8,2.95,15,0,0.9,1
4.39,6.61,0.2,51.13,8.77,18,0,0.78,1
13.73,31.35,0.25,106.67,27.45,11,1,0.63,1
9.68,18.32,0.3,72.94,19.36,0,0,0.56,1
10.96,33.97,0.09,83.11,21.91,0,0,0.52,1
4.23,10.07,0.32,68.03,8.46,18,0,1.0,1
10.93,11.84,0.16,98.38,21.86,19,0,0.64,1
0.91,0.92,0.21,27.03,1.82,11,1,0.77,1
5.94,8.08,0.1,69.91,11.88,4,0,0.87,1
9.59,10.23,0.69,117.94,19.18,8,0,0.72,1
2.62,3.58,0.71,47.73,5.24,11,0,0.84,1
12.43,45.23,0.14,166.05,24.87,1,0,0.64,0
3.91,3.92,0.3,45.3,7.82,12,0,0.87,1
9.96,30.71,0.23,90.78,19.92,3,0,0.88,1
6.38,8.37,0.15,65.84,12.75,18,0,0.56,1
9.14,20.8,0.27,94.21,18.29,7,0,0.68,1
2.06,3.78,0.04,41.92,4.12,12,0,0.78,1
0.75,1.01,0.05,24.98,1.49,0,1,0.76,1
13.69,23.71,0.23,163.46,27.38,16,0,0.7,1
4.41,10.07,0.03,48.35,8.82,16,0,0.82,1
12.39,24.73,0.25,143.49,24.77,3,0,0.93,1
14.99,29.62,0.12,178.8,29.98,7,0,0.43,1
3.57,3.68,0.25,59.14,7.13,19,0,0.58,1
4.34,5.12,0.24,57.25,8.69,4,0,0.47,1
10.11,17.03,0.49,93.82,20.22,15,1,0.89,1
14.5,36.26,0.25,170.89,29.0,1,0,0.72,1
13.78,16.05,0.38,119.85,27.56,8,0,0.66,1
7.79,21.18,0.09,67.04,15.58,12,0,0.66,1
12.03,29.49,0.3,150.43,24.06,18,0,0.5,1
2.47,4.71,0.27,39.45,4.94,23,0,0.76,1
14.67,16.12,0.27,151.99,29.35,8,1,0.92,1
14.48,41.52,0.26,185.53,28.97,2,1,0.81,1
2.87,8.41,0.5,37.1,5.75,0,0,0.6,1
4.84,7.8,0.34,63.09,9.68,17,0,0.55,1
1.95,4.27,0.31,37.4,3.9,14,0,0.78,1
4.44,6.56,0.21,68.99,8.88,23,0,0.55,1
12.33,20.95,0.37,111.11,24.66,0,0,0.63,1
5.99,10.39,0.48,66.74,11.97,14,0,0.55,1
1.78,5.33,0.32,35.39,3.56,22,1,0.74,1
5.46,15.35,0.22,53.7,10.92,17,1,0.49,1
14.73,17.01,0.35,142.18,29.46,18,0,1.0,1
9.63,10.53,0.23,97.55,19.26,19,0,0.57,1
6.53,15.34,0.42,61.7,13.07,18,0,0.5,1
2.91,8.7,0.25,51.57,5.83,19,0,1.0,1
14.8,51.02,0.14,138.65,29.6,12,0,0.58,0
12.4,17.56,0.65,108.58,24.8,4,0,0.72,1
4.58,5.82,0.51,47.09,9.16,21,0,0.93,1
1.52,2.86,0.45,28.53,3.03,4,0,0.58,1
1.32,1.74,0.27,35.49,2.64,10,0,0.5,1
2.25,2.86,0.25,46.87,4.49,9,0,0.59,1
8.92,9.38,0.47,120.68,17.84,5,0,0.56,1
13.97,46.77,0.1,134.68,27.93,5,0,1.0,0
7.7,19.54,0.32,102.08,15.41,22,1,0.79,1
12.72,42.21,0.24,157.91,25.45,12,0,0.71,0
6.97,7.73,0.19,69.44,13.93,5,0,0.75,1
10.77,12.76,0.17,118.07,21.55,6,0,0.54,1
11.11,16.32,0.56,149.99,22.22,7,1,0.71,1
3.02,9.66,0.43,41.04,6.04,9,0,0.66,1
5.74,12.61,0.17,75.31,11.48,10,0,0.78,1
9.74,20.58,0.08,113.88,19.48,4,1,0.62,1
1.53,2.27,0.05,32.46,3.05,7,0,0.6,1
5.74,12.95,0.35,68.42,11.48,0,0,0.47,1
8.25,27.09,0.74,87.64,16.51,6,1,1.0,1
14.95,18.73,0.3,149.24,29.89,17,0,0.75,1
7.38,15.56,0.1,64.59,14.76,11,0,0.58,1
12.33,20.93,0.36,150.27,24.67,18,0,0.63,1
6.76,19.57,0.21,85.13,13.53,7,0,0.57,1
12.05,14.14,0.22,162.36,24.1,2,0,1.0,1
9.13,13.55,0.35,81.37,18.27,9,0,0.71,1
13.36,14.42,0.08,100.42,26.71,22,1,0.6,1
6.46,10.39,0.58,67.78,12.92,21,0,0.87,1
9.26,9.69,0.32,99.36,18.52,13,0,0.24,1
9.64,10.49,0.32,82.0,19.27,18,0,0.69,1
6.55,9.6,0.17,73.89,13.1,18,0,0.55,1
2.59,2.73,0.08,44.62,5.19,8,0,0.61,1
1.86,3.77,0.27,30.01,3.71,4,0,0.76,1
0.74,1.41,0.2,27.64,1.48,6,1,0.53,1
13.17,46.34,0.44,172.44,26.33,12,0,0.77,1
3.93,5.68,0.1,47.02,7.86,17,1,0.55,1
3.57,4.51,0.52,57.21,7.13,12,1,0.49,1
11.17,13.46,0.05,108.55,22.35,6,0,0.59,1
5.14,14.19,0.33,69.61,10.28,7,0,0.81,1
7.84,13.44,0.11,99.95,15.68,3,0,0.79,1
2.86,7.46,0.07,40.18,5.71,16,0,0.64,1
14.42,19.31,0.3,171.54,28.83,9,0,0.71,1
12.85,34.87,0.24,93.69,25.7,3,0,0.95,1
13.02,14.03,0.76,175.09,26.05,4,0,0.85,1
6.4,15.13,0.23,67.09,12.8,4,0,0.6,1
11.55,24.66,0.37,95.87,23.11,17,0,0.42,1
2.59,2.91,0.15,35.44,5.17,23,0,0.8,1
0.62,1.05,0.32,26.68,1.25,1,0,0.63,1
0.79,2.95,0.26,27.19,1.58,10,0,0.41,1
9.01,14.5,0.06,125.02,18.01,0,0,0.72,1
7.1,22.66,0.43,87.72,14.21,20,0,0.77,1
8.01,8.1,0.51,79.16,16.02,6,0,0.55,1
0.61,0.88,0.27,26.6,1.22,11,0,0.94,1
6.63,14.98,0.66,66.19,13.26,7,0,0.69,1
10.91,16.22,0.28,96.78,21.82,11,0,0.75,1
6.92,22.49,0.25,55.96,13.84,14,0,0.52,1
11.12,13.08,0.23,95.2,22.23,13,0,0.71,1
3.88,4.11,0.17,46.49,7.76,19,0,0.63,1
12.29,13.57,0.36,107.05,24.58,0,1,1.0,1
9.03,17.84,0.32,88.47,18.06,20,1,0.62,1
3.56,7.19,0.53,52.14,7.11,2,0,0.67,1
3.93,14.23,0.05,45.62,7.86,0,0,0.51,1
9.61,13.01,0.41,110.85,19.21,10,0,0.92,1
12.53,19.25,0.12,94.37,25.07,22,0,0.62,1
6.53,10.98,0.3,95.16,13.05,8,0,0.48,1
4.25,4.56,0.24,42.0,8.49,3,1,0.79,1
13.07,34.77,0.03,168.46,26.14,7,0,0.8,1
10.2,39.67,0.09,110.11,20.41,16,0,0.59,1
7.0,22.94,0.61,89.76,13.99,13,0,0.51,1
7.57,18.14,0.24,73.69,15.15,19,0,0.68,1
3.46,12.59,0.4,41.52,6.92,15,0,0.61,1
9.59,15.29,0.3,131.53,19.18,19,0,0.63,1
5.7,11.74,0.21,66.11,11.4,1,0,0.76,1
14.94,38.76,0.08,144.93,29.87,23,0,0.79,1
7.46,9.18,0.69,108.8,14.93,7,1,0.7,1
7.55,18.71,0.39,75.48,15.09,22,0,0.51,1
8.7,11.37,0.42,69.63,17.41,14,0,0.37,1
13.79,26.94,0.16,145.63,27.59,3,0,0.68,1
12.11,19.11,0.38,127.6,24.22,20,0,0.38,1
7.04,7.41,0.04,93.31,14.08,14,0,0.58,1
10.92,39.28,0.05,147.62,21.84,20,0,0.73,0
9.0,14.4,0.28,84.39,18.0,0,0,0.73,1
7.64,8.58,0.14,96.79,15.28,12,0,0.66,1
3.29,4.76,0.17,46.45,6.58,21,0,0.7,1
7.23,15.79,0.18,95.79,14.45,6,0,0.76,1
4.06,7.41,0.17,45.0,8.13,15,0,0.48,1
13.77,18.11,0.1,137.09,27.53,3,0,0.53,1
5.36,5.84,0.64,49.71,10.73,2,0,0.76,1
14.31,50.95,0.21,147.74,28.62,11,1,0.74,0
8.23,27.1,0.19,70.88,16.46,23,0,0.63,1
9.66,19.56,0.12,133.19,19.31,17,0,0.83,1
8.37,19.72,0.27,94.35,16.75,13,0,0.9,1
2.38,5.3,0.68,40.68,4.75,0,0,0.58,1
5.95,14.3,0.27,90.24,11.9,6,0,0.83,1
1.94,4.88,0.54,36.45,3.88,18,0,0.63,1
9.53,27.4,0.3,112.82,19.07,2,0,0.42,1
6.98,7.34,0.2,57.18,13.96,21,1,0.71,1
11.78,32.89,0.03,137.32,23.56,14,1,0.84,1
3.7,9.17,0.24,41.18,7.39,18,0,0.59,1
2.89,6.64,0.27,50.19,5.77,8,0,0.87,1
6.39,6.73,0.13,91.19,12.78,17,0,0.66,1
13.94,17.06,0.23,120.45,27.87,0,0,0.8,1
10.8,12.82,0.13,140.4,21.6,6,0,0.8,1
6.57,20.01,0.18,75.08,13.15,14,0,0.7,1
8.0,9.12,0.15,92.01,16.0,6,1,1.0,1
1.72,3.09,0.25,33.56,3.44,8,0,0.9,1
14.78,33.05,0.12,143.17,29.55,20,0,0.42,1
10.16,14.91,0.53,135.43,20.33,15,0,0.38,1
4.64,5.35,0.3,73.95,9.28,18,0,0.76,1
8.99,10.78,0.11,93.04,17.99,11,0,0.36,1
2.09,2.28,0.15,37.95,4.17,17,0,0.68,1
14.5,15.33,0.18,104.32,29.01,23,1,0.85,1
3.03,7.08,0.4,42.09,6.07,15,0,0.77,1
9.9,17.43,0.38,105.04,19.79,4,0,0.61,1
4.06,15.55,0.12,46.05,8.12,1,0,0.87,1
10.9,11.99,0.59,118.53,21.81,15,0,0.66,1
11.76,32.15,0.23,135.25,23.53,5,0,0.7,1
10.26,11.45,0.22,118.02,20.53,7,0,0.64,1
9.41,18.93,0.2,96.2,18.82,18,0,0.78,1
13.44,25.55,0.22,159.59,26.88,0,0,0.53,1
1.64,5.87,0.25,31.87,3.28,20,1,0.67,1
5.3,10.7,0.15,63.9,10.6,23,0,0.77,1
4.1,4.47,0.18,48.25,8.2,4,0,0.99,1
14.83,55.08,0.15,156.78,29.65,18,0,0.79,0
6.15,11.08,0.14,69.69,12.29,6,0,0.37,1
11.12,40.66,0.22,92.52,22.25,9,0,0.77,0
10.43,19.74,0.18,94.64,20.86,15,0,0.61,1
3.58,9.42,0.44,44.87,7.15,12,0,0.81,1
3.97,9.03,0.33,65.11,7.93,6,0,0.48,1
4.58,5.04,0.29,59.62,9.16,4,1,0.55,1
6.46,11.2,0.35,81.83,12.92,17,0,0.65,1
3.9,8.56,0.48,64.99,7.8,9,0,0.66,1
0.78,1.13,0.38,24.93,1.57,23,1,0.81,1
13.25,37.16,0.37,173.16,26.5,22,0,0.8,1
14.5,32.62,0.07,147.28,29.0,22,0,0.54,1
5.45,8.27,0.17,79.95,10.91,23,0,0.9,1
5.41,12.63,0.28,53.4,10.82,7,0,0.73,1
0.6,0.79,0.39,24.17,1.21,3,0,0.54,1
10.36,16.75,0.36,85.9,20.73,0,1,0.36,1
12.47,15.04,0.18,139.38,24.94,12,1,0.89,1
2.63,2.73,0.09,35.72,5.25,9,0,0.61,1
2.82,8.36,0.28,49.69,5.63,11,1,0.59,1
11.96,23.86,0.1,100.74,23.91,19,0,0.8,1
9.44,19.27,0.26,84.06,18.87,1,0,0.51,1
1.15,3.17,0.21,28.02,2.3,5,0,0.62,1
9.53,11.11,0.1,117.41,19.05,23,0,0.6,1
4.98,6.07,0.41,77.11,9.96,9,0,0.68,1
5.85,9.53,0.45,86.37,11.69,9,0,0.77,1
11.66,17.85,0.25,86.57,23.32,2,1,0.82,1
12.26,41.6,0.18,103.81,24.52,5,0,0.78,1
6.31,9.46,0.45,81.19,12.61,14,0,0.89,1
14.23,16.87,0.32,152.8,28.47,11,0,0.58,1
6.39,9.4,0.16,67.63,12.79,8,0,0.75,1
11.69,26.04,0.4,149.07,23.38,3,1,0.62,1
7.52,10.01,0.17,64.45,15.03,5,0,0.68,1
13.51,25.93,0.72,148.02,27.03,17,1,0.68,1
13.66,20.74,0.27,114.43,27.33,5,0,0.48,1
1.77,2.87,0.4,35.36,3.54,0,0,0.73,1
14.08,26.27,0.62,128.58,28.16,11,0,0.71,1
12.47,15.8,0.26,167.87,24.94,22,0,0.7,1
11.97,13.12,0.05,120.66,23.95,2,0,0.65,1
3.41,13.44,0.12,60.39,6.83,11,0,0.37,1
12.17,12.81,0.33,102.6,24.35,2,0,0.72,1
12.83,20.24,0.3,153.09,25.65,9,0,0.78,1
4.69,6.05,0.1,67.02,9.39,5,0,0.95,1
14.31,16.05,0.37,176.43,28.62,20,1,0.75,1
1.22,2.04,0.37,32.05,2.45,16,0,1.0,1
2.67,3.05,0.21,46.14,5.35,0,0,0.7,1
8.29,21.65,0.69,99.84,16.59,1,0,0.73,1
8.85,23.96,0.18,125.26,17.7,18,0,0.67,1
9.85,13.26,0.31,85.01,19.71,19,0,0.62,1
0.75,0.83,0.13,23.89,1.49,5,0,0.79,1
14.43,15.69,0.14,160.59,28.85,9,0,0.89,1
1.15,1.56,0.15,27.12,2.29,9,0,0.78,1
2.57,4.0,0.34,45.12,5.15,17,0,0.73,1
0.7,1.41,0.19,25.09,1.41,22,0,0.65,1
8.72,8.85,0.22,66.24,17.44,7,0,0.69,1
14.02,28.62,0.35,165.62,28.04,19,0,0.7,1
10.16,12.57,0.11,74.45,20.31,6,0,0.74,1
12.43,19.15,0.2,101.64,24.86,9,0,0.72,1
0.69,0.98,0.41,25.09,1.39,0,0,0.56,1
8.36,15.33,0.61,69.56,16.72,21,0,0.91,1
7.16,7.36,0.42,101.63,14.33,14,0,1.0,1
7.74,11.4,0.24,92.34,15.47,9,0,0.69,1
1.55,1.62,0.37,37.22,3.09,21,0,0.71,1
10.42,40.77,0.35,121.89,20.85,2,0,0.79,0
7.8,11.47,0.38,113.12,15.59,22,0,0.59,1
11.59,14.72,0.26,120.6,23.19,8,0,0.78,1
7.54,9.32,0.14,60.52,15.07,12,0,0.63,1
2.67,2.87,0.3,36.33,5.33,5,0,0.65,1
9.9,39.08,0.72,110.28,19.8,18,0,0.51,0
3.0,11.99,0.4,42.3,6.0,1,0,0.64,1
13.15,21.76,0.27,96.14,26.3,11,0,0.73,1
9.39,34.53,0.47,82.6,18.78,10,0,0.96,1
2.78,2.83,0.07,43.13,5.56,12,0,0.66,1
14.45,34.7,0.23,144.7,28.91,21,0,0.62,1
8.02,13.26,0.39,112.52,16.03,2,0,0.77,1
1.56,5.26,0.47,28.77,3.11,16,0,0.88,1
9.59,14.95,0.17,91.96,19.18,8,0,0.91,1
4.17,7.8,0.1,55.63,8.34,22,0,0.49,1
12.15,42.87,0.36,90.4,24.31,14,0,0.71,0
12.36,24.65,0.24,141.29,24.72,14,0,0.97,1
14.69,27.03,0.4,146.45,29.39,3,0,0.51,1
7.78,7.84,0.3,83.9,15.55,13,0,0.73,1
7.1,17.48,0.36,88.08,14.19,13,0,0.74,1
11.43,17.35,0.31,100.15,22.85,13,0,0.5,1
2.42,2.44,0.35,37.85,4.84,17,0,0.78,1
8.43,9.99,0.07,71.75,16.86,2,0,0.79,1
8.42,8.46,0.15,92.97,16.84,5,1,0.62,1
1.8,1.84,0.31,33.67,3.59,7,0,0.52,1
6.56,10.63,0.15,64.76,13.12,18,0,0.91,1
12.87,16.67,0.53,95.6,25.75,1,1,0.53,1
12.91,38.8,0.3,86.67,25.83,4,0,0.92,1
1.94,3.34,0.5,32.32,3.88,23,0,0.76,1
1.82,2.12,0.09,32.22,3.63,8,1,0.68,1
4.31,6.85,0.59,56.19,8.62,10,0,0.91,1
13.18,16.97,0.16,108.16,26.37,15,0,0.66,1
2.37,2.93,0.05,45.41,4.74,19,0,0.7,1
10.94,24.86,0.12,111.01,21.88,1,0,0.81,1
1.97,2.17,0.63,38.42,3.93,6,1,0.6,1
9.54,16.03,0.25,81.56,19.07,4,1,0.74,1
5.66,13.89,0.29,64.81,11.33,0,0,0.53,1
11.94,13.28,0.23,130.07,23.88,20,0,0.79,1
3.89,6.9,0.3,47.91,7.78,3,0,0.6,1
9.77,12.02,0.49,91.83,19.54,8,0,0.74,1
3.92,5.93,0.31,61.73,7.83,14,0,1.0,1
10.85,20.22,0.52,137.81,21.7,17,0,0.58,1
13.17,15.36,0.33,134.97,26.34,9,0,0.94,1
2.34,3.4,0.19,46.37,4.68,10,0,0.68,1
13.07,24.07,0.3,152.7,26.13,16,0,0.82,1
9.11,27.41,0.11,69.06,18.21,17,0,0.85,1
2.34,2.54,0.2,40.89,4.69,11,0,0.81,1
6.7,24.22,0.28,86.22,13.4,22,0,0.74,1
2.83,3.16,0.26,44.89,5.66,12,0,0.42,1
10.66,20.49,0.29,135.33,21.31,17,0,0.84,1
11.5,15.77,0.48,101.74,23.01,21,0,0.71,1
2.03,2.16,0.18,31.1,4.07,16,1,0.6,1
7.84,21.55,0.38,93.96,15.68,9,0,0.62,1
12.31,18.23,0.28,144.54,24.62,14,0,0.5,1
14.07,17.09,0.53,165.77,28.15,19,0,0.72,1
7.95,9.71,0.11,60.35,15.89,22,1,0.63,1
14.28,22.16,0.57,158.7,28.56,23,0,0.65,1
8.27,11.51,0.18,62.54,16.53,7,0,0.81,1
6.22,7.6,0.13,84.79,12.43,20,0,0.66,1
12.8,14.53,0.51,146.99,25.6,10,0,0.74,1
7.65,9.31,0.29,88.62,15.3,17,0,0.64,1
7.34,14.24,0.46,82.74,14.69,3,1,0.73,1
7.61,7.63,0.14,96.14,15.22,18,0,0.59,1
12.78,22.19,0.1,89.01,25.56,22,0,0.5,1
12.56,46.82,0.19,156.0,25.13,21,0,0.65,0
6.35,12.17,0.07,60.7,12.7,1,0,0.64,1
5.33,15.42,0.19,64.5,10.67,19,0,0.61,1
7.63,22.38,0.48,84.17,15.27,2,0,0.74,1
8.81,19.09,0.32,111.93,17.61,15,1,0.9,1
3.96,13.64,0.25,45.12,7.91,0,1,0.48,1
12.01,15.67,0.21,105.27,24.02,16,0,0.8,1
7.55,24.73,0.17,92.83,15.11,11,0,0.94,1
5.34,13.28,0.28,62.16,10.69,18,0,0.81,1
2.05,6.41,0.15,34.53,4.1,9,1,0.73,1
3.96,13.33,0.32,57.06,7.93,19,1,0.75,1
14.26,31.64,0.4,99.97,28.53,12,0,0.81,1
4.92,7.25,0.06,71.84,9.85,13,0,0.23,1
2.95,3.03,0.43,45.57,5.9,15,0,0.39,1
7.18,7.92,0.19,66.25,14.36,23,0,0.72,1
4.95,5.46,0.06,58.93,9.91,0,0,0.71,1
1.01,2.64,0.29,25.98,2.02,23,0,0.9,1
5.19,11.56,0.4,68.31,10.37,17,1,0.69,1
8.39,27.3,0.15,101.25,16.78,2,0,0.6,1
8.5,10.19,0.05,86.61,17.0,13,0,0.48,1
5.67,18.75,0.09,61.83,11.34,16,0,0.63,1
6.99,10.47,0.11,96.48,13.97,23,0,0.59,1
14.5,33.26,0.15,150.97,29.0,13,0,0.74,1
5.97,13.8,0.59,77.74,11.94,20,0,0.8,1
4.24,4.27,0.4,45.01,8.49,7,0,0.53,1
4.03,4.93,0.3,60.28,8.06,11,0,0.82,1
7.14,8.13,0.18,77.9,14.28,13,0,0.32,1
11.51,16.96,0.28,107.12,23.03,1,0,0.89,1
3.49,3.86,0.44,60.12,6.97,5,1,0.57,1
10.78,14.69,0.49,78.0,21.57,11,0,0.86,1
0.81,0.84,0.25,25.14,1.61,3,0,0.59,1
6.57,14.26,0.18,70.13,13.15,3,1,0.73,1
11.75,16.87,0.29,105.4,23.5,15,0,0.62,1
5.41,7.05,0.31,66.4,10.82,19,0,0.8,1
8.67,15.92,0.14,87.71,17.35,15,0,0.55,1
3.47,3.82,0.25,56.52,6.94,23,1,0.47,1
11.26,11.43,0.29,136.82,22.52,7,0,0.79,1
1.26,2.03,0.4,33.09,2.52,2,1,0.62,1
12.86,23.69,0.57,117.56,25.72,7,0,0.95,1
3.37,5.59,0.5,46.49,6.75,23,0,0.77,1
13.18,14.82,0.43,152.36,26.36,12,1,0.87,1
5.61,7.64,0.1,52.94,11.22,6,0,0.88,1
10.98,38.72,0.35,140.37,21.96,1,0,0.63,1
5.13,7.81,0.67,65.08,10.26,4,0,0.7,1
13.64,51.85,0.15,169.17,27.27,13,0,0.75,0
2.34,2.8,0.26,44.66,4.67,4,0,0.58,1
3.09,6.22,0.47,43.54,6.18,3,0,0.61,1
7.65,12.66,0.15,63.68,15.3,16,0,0.71,1
1.69,1.99,0.49,39.32,3.38,19,0,0.88,1
3.34,11.73,0.24,44.77,6.68,0,0,0.71,1
14.18,38.45,0.33,128.03,28.37,15,0,0.75,1
14.66,26.73,0.29,186.58,29.32,10,0,0.8,1
5.96,14.1,0.37,88.02,11.91,22,0,0.87,1
13.89,27.59,0.16,115.0,27.78,10,0,0.81,1
8.4,8.41,0.14,67.23,16.8,16,0,0.66,1
4.41,5.08,0.31,42.09,8.82,3,0,0.65,1
10.68,11.7,0.24,106.21,21.37,15,0,0.26,1
10.05,10.55,0.26,110.29,20.11,11,0,0.57,1
14.84,29.35,0.18,122.3,29.68,22,0,0.78,1
4.34,9.19,0.35,49.61,8.69,4,0,0.55,1
10.24,24.07,0.04,96.81,20.49,12,0,0.57,1
1.25,1.44,0.44,28.58,2.51,12,0,0.84,1
2.15,2.83,0.44,43.65,4.3,2,0,0.53,1
0.56,1.3,0.29,25.29,1.11,8,0,0.57,1
14.99,28.14,0.26,181.95,29.98,17,0,0.57,1
12.13,19.26,0.48,153.75,24.27,17,0,0.49,1
11.91,18.43,0.56,115.8,23.81,14,0,0.59,1
7.89,8.61,0.46,85.84,15.78,23,1,0.28,1
4.85,9.06,0.29,77.46,9.7,20,0,1.0,1
2.69,2.89,0.25,48.87,5.39,14,1,0.65,1
4.63,7.96,0.58,68.99,9.26,6,0,0.71,1
5.95,7.35,0.08,74.08,11.9,8,1,0.38,1
11.47,12.1,0.22,114.35,22.93,15,0,0.56,1
8.33,8.95,0.21,113.76,16.65,1,0,0.7,1
1.62,5.55,0.26,37.26,3.25,22,0,0.49,1
0.76,1.88,0.15,26.56,1.52,22,1,0.82,1
1.98,3.26,0.63,33.68,3.97,19,0,0.72,1
6.45,11.25,0.42,58.91,12.9,12,0,0.64,1
14.03,19.2,0.58,144.44,28.06,22,0,0.69,1
9.74,10.16,0.16,88.9,19.48,3,0,0.61,1
12.13,36.27,0.25,103.06,24.25,13,0,0.4,0
7.26,12.33,0.1,61.69,14.52,8,0,0.72,1
5.74,14.57,0.15,50.11,11.49,13,0,0.49,1
2.07,2.25,0.44,41.72,4.14,10,0,0.69,1
13.2,13.56,0.15,95.98,26.4,19,0,0.86,1
11.86,19.47,0.03,153.03,23.71,12,1,0.67,1
2.94,8.96,0.12,39.08,5.88,16,0,0.71,1
7.93,9.45,0.33,101.8,15.86,21,0,0.53,1
7.57,9.79,0.32,101.43,15.13,4,0,0.47,1
9.56,18.53,0.33,120.88,19.13,3,0,0.85,1
14.22,15.53,0.29,177.98,28.44,12,0,0.83,1
8.91,9.07,0.13,85.71,17.81,11,0,0.88,1
8.33,12.47,0.06,119.17,16.67,2,1,1.0,1
1.23,1.82,0.52,28.56,2.46,3,0,0.62,1
1.41,2.98,0.41,36.3,2.82,16,0,0.75,1
3.22,4.67,0.2,45.93,6.43,20,0,0.87,1
0.97,1.67,0.73,25.24,1.94,17,1,0.99,1
11.28,23.66,0.53,138.36,22.56,14,0,0.87,1
10.99,36.58,0.04,135.51,21.98,6,0,0.56,1
2.47,5.63,0.21,35.78,4.95,8,0,0.95,1
12.62,31.69,0.55,155.88,25.25,13,0,0.83,1
2.74,4.18,0.13,36.75,5.49,21,0,0.74,1
4.87,6.94,0.18,49.49,9.73,21,0,0.63,1
4.11,5.82,0.06,63.82,8.22,9,0,0.93,1
5.9,10.9,0.27,61.48,11.8,9,0,1.0,1
4.19,7.41,0.06,43.22,8.39,18,0,0.68,1
7.59,8.67,0.03,108.76,15.18,23,0,0.73,1
6.41,10.55,0.04,77.02,12.81,12,0,0.78,1
14.81,14.94,0.12,140.46,29.61,2,0,0.54,1
1.31,2.26,0.21,31.18,2.62,15,0,0.7,1
2.56,3.47,0.27,44.83,5.12,10,0,0.8,1
1.27,4.4,0.09,33.97,2.53,3,0,0.99,1
9.57,12.94,0.46,112.95,19.15,2,0,0.67,1
1.29,1.45,0.34,33.13,2.58,1,0,0.77,1
12.63,13.2,0.07,99.07,25.26,14,0,0.6,1
7.92,7.94,0.42,80.92,15.85,0,0,0.83,1
8.14,17.64,0.33,94.04,16.28,0,1,0.68,1
8.64,12.68,0.14,100.69,17.29,0,0,0.84,1
2.98,5.06,0.25,40.52,5.95,20,0,0.6,1
3.37,5.0,0.23,59.81,6.73,9,0,0.46,1
5.12,13.92,0.48,49.85,10.25,0,1,0.58,1
9.11,10.21,0.22,72.69,18.21,15,0,0.93,1
3.55,3.8,0.41,43.42,7.09,4,0,0.68,1
2.19,3.72,0.3,42.47,4.37,19,0,0.68,1
14.57,31.64,0.3,96.56,29.13,17,0,0.75,1
0.82,2.3,0.63,29.76,1.64,2,0,0.71,1
12.14,15.91,0.09,164.63,24.28,7,1,0.78,1
11.93,24.63,0.1,92.96,23.85,14,1,0.72,1
4.81,5.16,0.25,57.56,9.62,2,0,1.0,1
2.47,3.27,0.07,35.85,4.93,18,1,0.9,1
2.61,3.56,0.18,40.52,5.22,1,0,0.84,1
10.61,15.85,0.58,112.65,21.23,11,1,0.82,1
9.82,34.54,0.43,125.66,19.64,20,0,0.76,1
11.85,12.49,0.49,82.22,23.7,17,1,0.65,1
14.09,19.55,0.19,187.83,28.19,9,0,0.81,1
10.53,10.58,0.14,142.01,21.07,9,1,0.51,1
2.76,4.23,0.32,44.82,5.52,12,0,0.52,1
4.03,5.15,0.35,53.72,8.06,11,0,0.65,1
12.71,43.51,0.33,132.56,25.42,6,0,0.76,0
3.53,4.88,0.2,38.13,7.07,23,0,0.59,1
1.55,1.88,0.1,35.77,3.1,15,0,0.78,1
10.7,12.83,0.31,110.66,21.4,21,0,0.49,1
6.34,7.66,0.32,64.37,12.67,8,0,0.66,1
13.84,32.98,0.45,133.92,27.68,4,0,0.47,1
9.93,10.12,0.39,89.98,19.86,21,0,0.73,1
1.81,1.82,0.09,37.93,3.62,3,0,0.95,1
14.24,46.44,0.19,152.48,28.49,8,0,0.71,0
4.25,4.46,0.25,52.79,8.5,17,0,0.86,1
5.39,11.54,0.42,58.8,10.78,13,0,0.86,1
6.33,8.26,0.25,90.59,12.67,0,0,0.67,1
1.24,2.47,0.12,32.15,2.49,21,0,0.8,1
7.7,7.89,0.4,97.08,15.4,5,0,0.51,1
2.29,7.02,0.2,41.35,4.58,5,0,0.67,1
6.31,10.13,0.42,54.9,12.63,13,0,0.71,1
5.59,9.78,0.4,50.24,11.17,15,0,0.56,1
11.71,23.67,0.29,113.7,23.41,5,0,0.72,1
12.15,16.54,0.17,159.84,24.29,19,0,0.6,1
2.72,7.82,0.38,43.63,5.45,10,0,0.84,1
5.81,7.38,0.12,84.73,11.63,13,0,0.51,1
5.91,6.0,0.52,53.56,11.83,8,0,0.58,1
2.7,3.16,0.37,47.14,5.39,6,0,0.7,1
12.08,13.49,0.61,101.13,24.16,23,0,0.55,1
10.75,20.69,0.24,113.26,21.51,7,0,0.96,1
3.26,6.6,0.23,42.99,6.52,11,0,0.36,1
5.82,9.12,0.32,78.1,11.63,9,1,0.59,1
2.03,7.16,0.53,35.88,4.07,10,1,0.73,1
9.61,10.02,0.33,99.13,19.22,19,0,0.96,1
2.26,6.32,0.32,35.18,4.52,5,1,0.46,1
14.8,15.96,0.17,123.13,29.59,11,0,0.55,1
11.82,37.8,0.3,93.95,23.64,22,0,0.61,0
6.16,7.1,0.35,74.67,12.32,21,1,0.93,1
8.89,24.42,0.43,73.47,17.78,12,1,0.81,1
13.71,49.23,0.35,114.32,27.43,21,1,0.58,0
8.53,10.81,0.38,94.36,17.07,6,0,0.87,1
3.03,6.58,0.44,40.98,6.06,8,0,0.75,1
5.99,7.62,0.06,74.64,11.98,23,0,0.72,1
12.73,19.1,0.38,84.89,25.45,2,0,0.76,1
9.84,29.68,0.26,136.25,19.68,2,0,0.56,1
9.94,10.47,0.22,120.45,19.87,15,0,0.75,1
13.07,22.18,0.45,131.44,26.14,17,0,0.66,1
13.46,16.81,0.49,174.09,26.93,12,0,1.0,1
13.84,22.11,0.27,173.43,27.67,21,0,0.95,1
1.88,2.67,0.3,34.19,3.75,22,0,0.67,1
8.39,17.59,0.1,68.77,16.78,8,0,0.76,1
11.24,28.07,0.2,96.03,22.47,5,1,0.55,1
11.48,17.47,0.35,94.14,22.95,14,0,0.75,1
9.3,16.03,0.11,115.3,18.59,8,0,0.53,1
2.92,5.38,0.29,45.79,5.84,17,0,0.62,1
12.06,15.99,0.38,152.09,24.13,19,1,0.79,1
10.94,14.25,0.38,112.21,21.88,12,0,0.54,1
1.75,6.15,0.18,38.17,3.5,0,1,0.55,1
7.23,14.33,0.53,72.48,14.45,5,0,0.57,1
3.02,5.41,0.24,47.85,6.05,18,0,0.68,1
5.39,16.72,0.06,71.11,10.79,21,0,0.91,1
0.76,1.79,0.24,27.86,1.52,0,1,0.88,1
6.3,21.84,0.51,86.81,12.61,23,0,0.63,1
8.47,8.5,0.23,78.77,16.95,21,0,0.9,1
9.48,11.82,0.12,92.98,18.97,11,0,0.69,1
10.12,32.07,0.33,85.28,20.24,22,0,0.72,0
12.63,47.61,0.15,149.23,25.25,15,0,0.69,0
3.62,4.59,0.48,44.99,7.25,3,0,0.8,1
2.25,3.88,0.57,37.39,4.49,3,0,0.57,1
12.85,15.29,0.55,156.45,25.69,9,0,0.63,1
2.77,2.94,0.01,40.45,5.54,13,0,0.87,1
14.63,20.92,0.01,123.03,29.27,19,0,0.64,1
12.72,32.58,0.42,141.55,25.43,17,0,0.6,1
7.76,9.28,0.35,111.81,15.53,2,0,0.47,1
14.73,15.24,0.55,100.11,29.46,5,0,0.78,1
1.91,2.79,0.02,40.73,3.82,17,0,0.54,1
4.89,6.43,0.11,48.64,9.79,8,0,0.94,1
9.75,19.39,0.27,92.32,19.51,12,0,0.78,1
5.58,10.4,0.15,64.14,11.15,18,0,0.5,1
13.96,17.43,0.36,160.05,27.92,9,1,0.73,1
1.45,1.53,0.06,36.67,2.9,15,0,0.6,1
8.47,11.73,0.23,68.38,16.93,18,0,0.8,1
9.07,10.76,0.5,112.61,18.14,5,0,0.66,1
9.96,26.31,0.14,92.3,19.93,1,0,1.0,1
4.21,10.29,0.22,67.6,8.41,15,1,1.0,1
5.79,8.92,0.35,60.2,11.57,19,0,0.62,1
12.73,33.3,0.34,145.51,25.47,13,0,0.68,1
3.33,4.58,0.27,40.47,6.65,0,0,0.82,1
12.49,26.65,0.16,166.2,24.98,3,0,0.61,1
8.66,10.26,0.15,63.55,17.32,20,0,0.62,1
11.55,13.49,0.04,96.59,23.1,4,0,0.47,1
10.85,18.14,0.05,125.56,21.69,9,0,0.49,1
3.51,9.1,0.14,58.51,7.02,17,0,0.83,1
8.75,11.9,0.54,124.58,17.5,8,0,0.72,1
13.08,13.15,0.41,101.28,26.16,6,0,0.6,1
6.77,9.44,0.04,68.37,13.53,3,0,0.81,1
14.52,52.43,0.03,183.2,29.03,20,0,0.4,0
7.06,26.84,0.11,56.89,14.11,14,0,0.66,1
2.57,5.24,0.19,46.05,5.14,16,0,0.7,1
6.15,15.49,0.2,68.94,12.29,4,0,0.52,1
14.3,16.63,0.37,160.45,28.6,10,0,0.79,1
5.14,5.81,0.26,64.55,10.27,5,0,0.84,1
13.09,29.48,0.24,142.89,26.17,4,0,0.72,1
13.28,26.87,0.32,148.36,26.56,21,0,0.61,1
5.58,13.06,0.28,72.53,11.16,22,0,0.58,1
1.71,1.83,0.33,36.48,3.41,12,0,0.7,1
11.01,17.55,0.06,118.82,22.01,5,1,0.59,1
5.02,6.76,0.25,70.16,10.03,14,0,0.72,1
11.85,21.1,0.08,143.65,23.7,12,0,0.86,1
6.92,9.57,0.5,92.75,13.84,12,0,0.81,1
7.54,13.97,0.12,102.71,15.07,9,1,0.66,1
11.78,23.34,0.22,104.99,23.56,1,0,0.77,1
6.04,8.33,0.44,81.77,12.09,1,1,0.7,1
6.93,9.99,0.2,100.52,13.85,8,0,0.75,1
5.95,12.67,0.07,65.09,11.91,21,0,0.73,1
5.83,16.09,0.07,80.85,11.65,19,0,1.0,1
8.13,15.44,0.14,77.21,16.25,9,0,0.76,1
12.23,21.78,0.41,96.17,24.46,20,0,0.89,1
5.75,7.96,0.58,66.68,11.49,10,0,0.51,1
8.1,8.66,0.13,106.25,16.2,20,0,0.83,1
10.23,36.9,0.24,93.11,20.45,7,0,0.65,1
4.41,10.18,0.47,51.13,8.81,20,0,0.77,1
4.52,11.45,0.19,51.41,9.05,17,0,0.72,1
14.03,22.39,0.58,111.6,28.07,1,0,0.16,1
10.99,19.21,0.15,121.97,21.98,20,0,0.99,1
8.87,11.13,0.11,79.45,17.74,3,1,0.49,1
9.89,22.91,0.32,134.2,19.78,17,0,0.53,1
0.92,1.33,0.06,26.86,1.85,21,0,0.65,1
9.46,10.37,0.2,103.24,18.92,15,0,0.58,1
7.89,8.45,0.31,82.03,15.78,23,0,0.59,1
8.41,8.68,0.37,118.76,16.83,1,0,0.73,1
5.71,6.88,0.11,65.51,11.42,6,0,0.75,1
1.68,1.81,0.13,35.04,3.36,3,0,0.66,1
3.3,7.76,0.31,54.17,6.61,4,0,0.67,1
14.29,35.88,0.15,108.56,28.57,17,1,0.65,0
6.43,25.21,0.37,53.6,12.85,9,0,0.67,1
7.27,9.31,0.12,79.48,14.53,8,0,0.83,1
1.26,1.33,0.44,31.19,2.53,15,0,0.98,1
1.04,2.68,0.24,27.32,2.09,18,0,0.79,1
10.9,14.98,0.45,109.78,21.8,16,0,1.0,1
8.3,10.25,0.53,97.26,16.6,3,0,0.28,1
7.88,8.33,0.51,113.04,15.75,0,0,0.64,1
4.03,5.48,0.62,57.08,8.05,5,0,0.57,1
11.3,11.56,0.42,112.0,22.6,15,0,0.93,1
2.94,5.78,0.12,35.16,5.88,12,0,0.81,1
3.25,6.35,0.09,43.34,6.51,3,0,0.72,1
7.18,10.92,0.28,73.92,14.36,19,1,0.84,1
4.65,8.65,0.31,58.78,9.3,8,0,0.94,1
4.09,16.28,0.36,62.82,8.18,22,0,0.57,1
9.86,12.34,0.36,122.81,19.71,3,1,0.57,1
9.94,12.21,0.27,128.51,19.88,4,0,0.66,1
12.46,15.37,0.27,107.56,24.91,3,0,0.74,1
6.56,12.89,0.29,68.69,13.11,20,0,0.8,1
1.56,2.43,0.22,29.44,3.12,10,0,0.71,1
4.47,8.59,0.36,69.16,8.94,16,0,0.73,1
14.71,56.14,0.16,160.71,29.42,6,0,0.82,0
9.15,13.61,0.41,70.69,18.29,8,0,0.79,1
10.79,31.48,0.03,96.89,21.58,16,0,0.68,1
0.61,1.96,0.16,23.68,1.21,18,0,0.83,1
8.01,9.81,0.48,114.44,16.03,12,0,0.64,1
1.04,4.06,0.42,27.59,2.09,22,1,0.69,1
8.75,9.03,0.08,94.19,17.51,3,0,1.0,1
13.85,21.76,0.29,120.08,27.7,8,0,0.54,1
14.54,14.73,0.38,140.99,29.08,10,0,0.75,1
8.34,28.41,0.38,119.98,16.68,12,1,0.72,1
7.14,10.39,0.56,70.09,14.29,23,0,0.88,1
14.2,27.74,0.26,119.11,28.41,15,1,1.0,1
10.27,11.63,0.12,98.03,20.53,9,0,0.89,1
1.44,2.77,0.1,28.91,2.88,3,0,0.74,1
7.25,16.29,0.07,93.78,14.51,2,0,0.78,1
3.98,4.46,0.23,50.5,7.97,20,0,0.6,1
7.31,13.77,0.08,86.29,14.62,22,0,0.78,1
7.1,27.05,0.13,88.41,14.21,21,0,0.88,1
8.94,16.47,0.3,66.92,17.88,6,0,0.95,1
5.67,7.66,0.26,73.94,11.35,20,0,0.63,1
2.88,6.54,0.08,45.16,5.76,11,0,0.81,1
7.8,13.6,0.11,63.55,15.61,17,1,0.52,1
12.54,42.86,0.27,93.62,25.08,4,0,0.66,0
10.13,14.66,0.11,101.89,20.26,22,0,0.66,1
5.41,6.62,0.36,60.14,10.81,16,0,0.93,1
14.07,25.12,0.48,133.4,28.13,4,0,0.32,1
13.73,24.29,0.31,149.7,27.45,19,0,0.97,1
3.54,11.18,0.7,41.5,7.07,11,0,0.5,1
1.07,2.67,0.32,30.33,2.14,22,0,0.67,1
11.25,30.73,0.54,140.67,22.5,15,0,0.99,1
12.5,20.45,0.21,82.76,25.0,15,0,0.34,1
14.53,22.47,0.58,130.16,29.07,21,0,0.51,1
13.4,13.94,0.05,112.83,26.81,6,0,0.84,1
9.21,30.2,0.13,93.88,18.42,19,0,0.44,1
8.19,11.7,0.11,96.18,16.37,12,0,1.0,1
0.9,1.4,0.19,25.71,1.81,4,0,0.67,1
4.08,6.4,0.04,44.21,8.15,23,0,0.74,1
7.16,7.92,0.28,92.37,14.33,18,1,0.74,1
9.61,23.79,0.35,114.21,19.23,19,0,0.64,1
8.58,30.58,0.19,90.58,17.16,15,0,0.89,1
11.27,14.94,0.1,115.88,22.54,9,0,0.51,1
4.56,8.95,0.2,51.39,9.11,11,0,0.63,1
8.69,33.02,0.54,83.49,17.38,5,0,0.7,0
1.78,4.05,0.25,32.87,3.56,22,0,0.62,1
6.5,13.48,0.83,85.53,13.0,20,0,0.43,1
11.38,15.97,0.38,121.14,22.75,18,0,0.76,1
10.55,27.82,0.08,126.67,21.11,20,0,0.65,1
14.86,26.55,0.04,155.79,29.73,1,0,0.61,1
4.53,7.4,0.52,59.95,9.06,7,0,1.0,1
7.72,12.99,0.07,75.95,15.45,19,0,0.79,1
5.28,5.38,0.35,61.0,10.56,8,0,0.58,1
6.89,24.25,0.63,97.24,13.78,2,0,0.66,1
12.93,13.42,0.26,136.74,25.85,6,0,0.57,1
10.42,15.18,0.46,110.36,20.84,2,1,0.57,1
13.3,15.7,0.07,91.42,26.59,10,0,0.56,1
3.45,6.02,0.26,53.46,6.9,11,0,0.71,1
13.16,22.3,0.26,149.03,26.33,12,0,0.56,1
1.37,1.5,0.12,33.44,2.73,3,0,0.51,1
13.38,14.52,0.52,95.47,26.77,1,0,0.42,1
5.27,12.29,0.28,57.44,10.54,5,0,0.74,1
5.06,12.67,0.1,58.46,10.12,20,1,0.76,1
7.93,12.74,0.29,105.48,15.85,11,1,0.64,1
14.14,15.28,0.27,187.77,28.28,9,0,0.78,1
1.19,2.43,0.2,29.43,2.39,19,0,0.39,1
5.61,7.59,0.11,69.79,11.21,3,1,0.43,1
12.92,16.54,0.12,85.27,25.84,16,0,0.69,1
6.24,7.49,0.37,51.6,12.49,11,1,0.79,1
3.39,5.03,0.32,38.71,6.78,18,0,0.62,1
6.66,12.07,0.04,86.84,13.32,20,1,0.8,1
6.09,6.25,0.38,58.05,12.18,14,0,0.77,1
13.77,19.44,0.3,161.94,27.55,1,0,0.95,1
11.55,14.5,0.17,112.65,23.1,6,0,0.58,1
7.82,15.38,0.11,105.67,15.65,18,0,0.64,1
14.83,19.71,0.25,184.51,29.66,7,0,0.73,1
7.25,16.34,0.48,100.86,14.49,17,0,0.77,1
1.34,3.1,0.27,31.84,2.69,13,0,0.4,1
4.3,5.47,0.32,65.27,8.61,7,0,0.7,1
6.82,10.64,0.11,85.73,13.65,20,1,0.73,1
2.78,3.64,0.08,37.5,5.55,5,0,0.61,1
14.24,31.5,0.41,129.23,28.48,2,0,1.0,1
11.62,16.62,0.4,156.37,23.24,11,0,0.7,1
4.39,7.53,0.31,65.69,8.78,0,0,0.58,1
9.07,12.99,0.15,82.02,18.13,16,0,0.89,1
10.96,23.41,0.13,96.36,21.92,4,0,0.66,1
14.15,17.99,0.14,115.92,28.3,11,1,0.71,1
13.28,15.55,0.54,116.99,26.57,17,0,0.7,1
7.97,17.91,0.41,111.64,15.94,12,0,0.89,1
11.73,24.68,0.18,114.27,23.46,8,0,0.62,1
8.65,11.6,0.18,85.31,17.3,2,0,0.58,1
8.51,11.03,0.24,76.83,17.03,3,1,0.52,1
2.16,2.78,0.41,44.34,4.33,9,0,0.67,1
2.33,3.06,0.25,47.25,4.66,9,0,0.71,1
8.18,15.02,0.36,79.41,16.36,1,0,0.66,1
4.4,8.05,0.21,60.98,8.8,17,0,0.63,1
0.81,1.83,0.5,29.43,1.61,2,0,0.59,1
10.98,29.87,0.34,113.3,21.96,10,0,0.93,1
0.97,1.26,0.35,28.04,1.94,21,0,0.54,1
9.13,28.55,0.52,99.39,18.26,22,1,0.41,1
8.32,8.73,0.27,63.52,16.64,4,0,0.69,1
14.55,16.72,0.09,123.3,29.1,14,0,0.97,1
7.52,8.42,0.45,94.41,15.04,23,1,0.8,1
1.42,1.53,0.43,36.74,2.84,16,0,0.77,1
8.5,15.27,0.36,96.34,17.0,1,0,0.84,1
12.7,14.35,0.26,100.41,25.39,4,1,0.61,1
14.95,40.58,0.2,139.45,29.91,16,0,0.58,1
6.74,25.32,0.3,76.82,13.48,10,0,0.7,1
5.14,6.13,0.3,51.2,10.29,9,0,0.84,1
13.65,44.58,0.46,119.69,27.29,22,0,0.61,0
3.27,3.3,0.45,46.56,6.55,18,0,0.58,1
9.42,12.46,0.16,84.4,18.85,5,0,0.67,1
6.38,7.83,0.21,67.73,12.77,9,0,0.85,1
1.1,2.52,0.24,27.6,2.19,10,0,0.76,1
5.54,7.33,0.31,71.43,11.07,6,0,0.72,1
4.35,15.39,0.32,59.33,8.69,15,0,0.54,1
10.45,11.9,0.1,112.59,20.9,20,0,0.61,1
14.26,37.8,0.34,100.94,28.51,12,1,0.53,0
4.39,5.67,0.16,47.57,8.77,22,0,0.49,1
12.27,29.32,0.18,90.85,24.53,10,0,0.54,1
1.3,4.32,0.24,27.09,2.61,2,0,0.82,1
8.3,13.59,0.21,75.86,16.61,7,0,0.75,1
1.52,4.04,0.15,29.69,3.05,22,0,0.69,1
14.04,17.62,0.39,161.49,28.09,3,0,0.55,1
11.61,27.12,0.14,134.63,23.22,6,0,0.64,1
10.04,19.81,0.4,84.35,20.08,9,0,0.74,1
12.45,18.42,0.17,96.66,24.89,11,0,0.57,1
9.89,21.33,0.03,79.48,19.78,10,0,0.66,1
14.55,27.27,0.28,125.34,29.1,4,1,0.69,1
10.85,12.59,0.14,96.61,21.7,4,0,0.92,1
13.91,36.18,0.32,92.32,27.82,18,0,0.84,0
8.0,25.66,0.14,91.79,16.0,14,0,0.98,1
2.2,4.43,0.34,44.8,4.39,6,0,0.61,1
8.16,14.36,0.23,91.57,16.32,3,0,0.78,1
2.34,3.56,0.42,32.74,4.68,6,0,0.74,1
9.09,17.18,0.4,103.61,18.18,6,0,0.86,1
7.5,8.9,0.11,82.93,14.99,9,0,0.95,1
9.53,34.09,0.09,128.12,19.05,3,1,0.54,0
0.65,1.13,0.03,24.87,1.29,17,0,0.61,1
3.33,6.2,0.43,54.13,6.65,21,1,0.46,1
7.62,10.36,0.14,60.17,15.25,5,0,0.82,1
14.28,14.65,0.08,163.54,28.56,20,0,0.57,1
6.06,9.58,0.37,52.07,12.12,0,0,0.58,1
6.65,6.72,0.27,69.32,13.31,1,0,0.78,1
10.86,22.79,0.06,146.41,21.73,22,1,0.48,1
9.25,33.88,0.12,111.83,18.51,2,0,0.51,1
4.83,12.92,0.74,75.48,9.67,6,1,0.62,1
6.46,11.82,0.58,74.7,12.91,1,1,0.7,1
3.66,7.5,0.5,53.8,7.31,13,0,0.65,1
14.51,44.94,0.27,145.11,29.01,4,0,0.73,0
2.39,4.17,0.33,40.0,4.79,4,0,0.87,1
5.89,11.7,0.33,73.31,11.78,15,1,0.78,1
0.87,2.56,0.39,24.61,1.75,14,1,0.61,1
3.72,7.87,0.19,43.41,7.43,15,0,0.61,1
11.82,12.92,0.47,96.84,23.63,23,0,0.78,1
3.42,7.17,0.33,46.24,6.83,8,0,0.67,1
1.66,2.11,0.03,33.36,3.32,7,1,0.86,1
7.38,10.41,0.32,95.11,14.76,21,1,0.7,1
0.64,1.13,0.46,23.97,1.29,1,0,0.49,1
1.73,4.03,0.24,35.54,3.46,9,1,0.72,1
12.21,23.18,0.1,104.33,24.42,17,1,0.69,1
11.69,16.84,0.02,120.61,23.37,17,0,0.73,1
13.77,26.84,0.6,149.24,27.54,18,0,0.51,1
12.89,31.35,0.19,137.01,25.78,4,1,0.5,1
10.41,30.85,0.28,87.72,20.81,0,1,0.93,0
1.26,1.38,0.58,32.55,2.52,20,0,0.58,1
11.85,20.43,0.36,133.49,23.7,22,0,0.65,1
12.76,17.75,0.23,167.05,25.52,10,0,0.41,1
12.09,19.56,0.5,134.09,24.17,20,0,0.71,1
7.87,8.7,0.11,99.06,15.75,10,1,0.44,1
3.88,5.87,0.16,61.4,7.75,2,0,0.69,1
12.76,20.89,0.09,93.25,25.51,2,0,0.73,1
11.04,11.71,0.22,129.05,22.09,15,0,0.62,1
14.72,18.64,0.12,126.43,29.44,19,0,0.79,1
2.76,8.26,0.72,49.68,5.52,14,0,0.71,1
3.77,9.84,0.07,51.54,7.54,12,0,0.75,1
3.57,4.25,0.09,52.37,7.14,9,1,0.66,1
11.99,13.68,0.13,101.81,23.98,18,0,0.7,1
3.21,4.87,0.62,50.67,6.42,9,0,1.0,1
1.47,2.2,0.1,27.7,2.93,15,0,0.67,1
14.98,20.69,0.21,173.39,29.96,5,0,0.55,1
0.86,1.48,0.11,25.28,1.72,4,0,0.66,1
12.61,16.59,0.13,103.14,25.22,14,0,0.84,1
5.8,17.5,0.4,49.03,11.6,16,0,0.55,1
12.7,13.08,0.21,111.37,25.41,3,0,0.38,1
8.54,10.51,0.61,85.92,17.08,7,0,0.32,1
13.57,18.76,0.15,110.1,27.15,11,0,0.71,1
13.93,28.59,0.59,112.1,27.86,12,0,0.62,1
0.63,1.7,0.08,27.11,1.26,8,0,0.85,1
1.59,2.86,0.15,31.61,3.19,14,0,0.67,1
4.13,5.54,0.12,61.53,8.26,10,0,0.92,1
10.21,14.07,0.25,87.98,20.41,14,0,0.47,1
13.38,24.92,0.15,162.67,26.76,21,0,0.72,1
7.17,10.1,0.4,89.86,14.34,14,0,0.81,1
9.3,10.81,0.45,115.74,18.6,3,0,0.71,1
3.23,11.99,0.38,46.11,6.47,15,0,0.77,1
12.17,20.7,0.11,155.8,24.34,9,0,0.74,1
14.53,17.74,0.25,130.66,29.05,1,0,0.5,1
4.39,6.66,0.32,60.46,8.79,11,0,0.53,1
7.67,10.39,0.3,92.76,15.35,7,0,0.71,1
1.75,2.74,0.08,40.4,3.5,20,0,1.0,1
8.61,8.66,0.04,71.14,17.21,23,0,0.6,1
7.79,26.77,0.18,66.35,15.58,21,1,0.78,1
2.59,4.2,0.04,41.36,5.19,16,0,0.69,1
6.91,21.69,0.53,98.95,13.82,23,0,0.77,1
5.34,14.45,0.24,47.53,10.69,4,0,0.71,1
8.07,15.01,0.38,75.93,16.13,18,1,0.58,1
8.99,24.52,0.29,82.81,17.98,10,1,0.79,1
0.62,0.64,0.17,24.45,1.25,16,0,0.74,1
11.53,12.01,0.06,79.67,23.07,23,0,0.94,1
10.84,21.59,0.21,136.83,21.68,5,0,0.78,1
5.81,7.96,0.26,49.42,11.62,11,0,0.5,1
1.27,1.95,0.21,30.58,2.54,6,0,0.8,1
11.45,13.28,0.49,81.75,22.89,15,1,0.82,1
14.35,19.91,0.43,171.97,28.7,2,0,0.76,1
3.98,15.92,0.4,60.72,7.96,11,0,0.9,1
5.19,6.31,0.34,72.17,10.38,7,0,0.42,1
3.17,3.91,0.19,52.14,6.33,2,1,0.92,1
8.87,14.02,0.38,122.68,17.73,14,0,0.74,1
2.75,2.96,0.58,41.74,5.49,20,1,0.85,1
5.66,6.08,0.21,82.49,11.33,5,0,0.58,1
10.61,16.5,0.4,86.71,21.21,7,0,0.43,1
8.62,12.21,0.37,90.34,17.24,11,0,0.68,1
6.1,6.12,0.27,50.9,12.21,12,0,0.72,1
6.59,13.91,0.2,66.08,13.19,20,0,0.5,1
8.65,17.53,0.4,91.0,17.3,16,0,0.79,1
0.59,1.51,0.17,26.65,1.17,16,0,0.75,1
1.64,1.78,0.19,31.83,3.28,21,0,0.93,1
13.28,16.43,0.15,148.89,26.56,13,0,0.71,1
1.63,4.95,0.43,37.66,3.26,15,1,0.89,1
10.75,10.9,0.22,98.31,21.5,10,0,0.71,1
13.84,17.34,0.44,105.6,27.68,5,0,0.73,1
4.42,4.98,0.13,60.44,8.85,9,0,0.81,1
5.87,20.52,0.33,61.05,11.74,6,0,0.73,1
8.75,13.92,0.42,103.71,17.5,22,0,0.59,1
13.28,17.16,0.39,98.95,26.57,8,0,0.5,1
14.16,21.54,0.19,105.81,28.32,21,0,0.57,1
11.22,14.97,0.49,129.22,22.45,9,0,0.76,1
1.76,2.03,0.22,40.75,3.51,11,0,0.76,1
10.2,19.22,0.2,88.65,20.41,18,1,0.89,1
6.45,7.28,0.59,84.48,12.9,11,0,0.69,1
7.33,19.68,0.29,83.91,14.65,18,0,0.76,1
1.21,2.68,0.15,33.23,2.43,14,0,0.83,1
3.27,11.58,0.1,45.25,6.54,19,1,0.49,1
11.96,22.86,0.26,161.18,23.92,5,0,0.55,1
7.08,13.24,0.09,59.5,14.16,14,0,0.86,1
4.87,5.71,0.44,77.97,9.75,19,0,0.56,1
6.07,8.2,0.3,86.29,12.14,15,0,0.6,1
12.89,22.32,0.2,162.62,25.78,1,0,0.8,1
11.36,15.37,0.12,143.79,22.72,22,0,0.5,1
4.45,15.36,0.09,69.08,8.9,17,1,0.54,1
2.2,5.72,0.34,43.59,4.41,20,1,0.69,1
4.15,5.77,0.09,66.93,8.31,4,0,0.59,1
13.85,18.95,0.3,133.93,27.7,7,0,0.46,1
8.93,10.75,0.24,123.4,17.87,10,0,0.68,1
8.24,14.91,0.1,83.37,16.47,14,0,0.77,1
9.15,11.55,0.74,112.39,18.3,4,0,0.54,1
5.81,7.61,0.16,77.91,11.61,13,0,0.67,1
12.2,12.55,0.15,151.14,24.41,9,0,0.88,1
8.09,19.66,0.47,102.24,16.18,5,0,0.77,1
2.19,3.3,0.25,31.51,4.39,13,1,0.55,1
2.37,3.38,0.16,44.13,4.74,19,0,0.87,1
8.28,8.29,0.36,62.77,16.57,3,0,0.77,1
14.08,35.12,0.37,142.96,28.16,13,0,0.65,1
4.97,7.74,0.47,74.05,9.94,2,0,0.79,1
13.11,25.72,0.06,161.66,26.22,17,0,0.59,1
11.58,17.97,0.23,146.09,23.16,19,0,0.69,1
4.09,9.65,0.11,57.73,8.19,10,0,0.65,1
1.03,3.59,0.27,26.46,2.05,11,1,0.87,1
1.98,2.91,0.05,36.91,3.95,15,0,0.54,1
11.06,22.04,0.29,115.29,22.13,19,0,0.78,1
3.4,8.79,0.34,44.69,6.79,8,0,0.67,1
5.88,11.94,0.21,66.88,11.77,20,0,0.59,1
7.77,27.09,0.24,106.34,15.55,10,0,0.53,1
11.02,11.44,0.26,115.05,22.04,8,1,0.85,1
2.14,3.12,0.1,41.28,4.28,8,0,0.8,1
6.39,7.42,0.15,74.15,12.78,6,0,0.45,1
7.53,13.28,0.05,90.23,15.07,8,1,0.79,1
8.34,8.99,0.29,67.12,16.68,0,0,0.49,1
12.37,20.19,0.37,162.46,24.73,3,0,0.76,1
2.99,4.39,0.14,44.07,5.98,5,0,0.33,1
12.21,19.74,0.27,145.04,24.43,21,0,0.35,1
10.55,13.18,0.16,121.98,21.09,10,0,0.76,1
8.56,12.68,0.03,110.69,17.12,16,0,0.94,1
10.64,23.46,0.44,75.81,21.29,0,0,0.91,1
6.47,18.03,0.18,94.76,12.95,13,0,0.67,1
2.51,3.56,0.24,47.09,5.01,16,0,0.83,1
10.15,16.46,0.26,130.03,20.31,23,0,0.69,1
8.11,25.18,0.05,87.05,16.22,16,0,0.75,1
9.77,17.87,0.45,123.32,19.54,8,0,0.65,1
5.4,8.49,0.39,68.75,10.8,9,0,0.82,1
13.65,15.69,0.16,136.35,27.3,17,0,0.82,1
9.02,29.36,0.26,114.63,18.03,8,0,0.76,1
1.74,3.4,0.26,36.33,3.48,12,0,0.49,1
7.02,8.1,0.05,58.9,14.04,10,0,0.81,1
11.47,15.57,0.2,102.58,22.93,1,0,0.74,1
12.01,25.7,0.06,132.4,24.03,3,0,0.75,1
7.67,8.68,0.24,106.89,15.34,10,0,0.12,1
13.47,21.73,0.06,175.37,26.95,8,0,0.4,1
4.38,7.02,0.4,67.63,8.76,23,0,0.81,1
6.45,6.57,0.41,63.76,12.91,11,0,0.98,1
13.53,14.09,0.22,132.48,27.06,20,0,0.57,1
13.5,26.01,0.24,128.42,26.99,16,0,0.68,1
10.44,29.38,0.4,104.28,20.89,1,0,0.3,1
12.96,26.21,0.26,89.29,25.91,13,1,0.64,1
1.79,6.55,0.06,31.11,3.57,19,0,0.67,1
13.04,49.11,0.32,99.2,26.08,8,1,0.6,0
5.15,9.42,0.29,67.99,10.3,3,1,0.9,1
3.09,3.23,0.07,44.32,6.17,4,0,0.74,1
3.97,4.39,0.4,48.87,7.94,16,0,0.61,1
6.56,10.35,0.21,73.19,13.12,12,1,0.77,1
4.14,6.15,0.14,50.11,8.28,20,1,0.86,1
5.15,20.23,0.05,73.04,10.3,13,1,0.52,1
2.46,5.97,0.4,35.16,4.91,17,1,0.56,1
4.79,17.85,0.47,45.86,9.59,8,0,0.45,1
8.8,10.78,0.33,104.07,17.6,9,0,0.66,1
6.91,19.23,0.32,65.68,13.81,11,0,0.74,1
5.53,6.13,0.27,72.53,11.05,8,0,0.56,1
11.32,15.46,0.39,81.26,22.65,20,1,0.89,1
13.46,31.88,0.56,110.55,26.91,23,0,0.83,1
11.47,31.15,0.05,89.73,22.95,11,0,0.56,1
5.31,7.37,0.14,57.38,10.63,9,1,0.54,1
11.29,12.2,0.15,102.47,22.59,5,0,0.48,1
2.7,3.43,0.13,42.89,5.41,23,0,0.63,1
2.39,4.67,0.18,40.65,4.78,8,0,0.92,1
5.51,7.98,0.14,71.87,11.02,19,0,0.56,1
12.21,25.28,0.53,109.41,24.42,13,0,0.78,1
4.07,4.07,0.26,55.53,8.14,13,0,0.7,1
1.42,1.75,0.12,36.91,2.83,12,0,0.43,1
2.41,3.39,0.11,35.6,4.82,3,0,0.82,1
12.95,22.82,0.17,98.6,25.9,6,0,0.62,1
9.69,13.58,0.3,125.6,19.38,4,1,0.61,1
4.17,8.24,0.22,52.84,8.34,3,0,0.69,1
8.55,31.48,0.28,113.46,17.1,17,1,0.65,1
8.15,14.92,0.03,84.98,16.3,1,0,0.84,1
10.0,10.55,0.37,71.54,20.01,19,0,0.6,1
3.88,5.39,0.42,49.59,7.76,9,0,0.73,1
13.03,41.65,0.5,140.84,26.07,23,0,0.78,0
4.99,5.46,0.49,60.55,9.97,7,1,0.53,1
10.56,23.39,0.31,106.79,21.13,22,0,0.71,1
0.73,1.7,0.51,28.8,1.47,19,0,0.56,1
5.9,12.49,0.02,72.0,11.81,22,0,0.77,1
5.6,8.2,0.12,75.32,11.2,8,0,0.33,1
8.38,12.73,0.46,104.2,16.76,23,0,0.89,1
1.55,2.51,0.26,27.78,3.11,20,0,0.62,1
11.96,15.17,0.52,126.02,23.91,2,0,0.72,1
3.66,7.5,0.19,62.95,7.32,17,0,0.74,1
10.32,12.33,0.43,125.81,20.63,19,0,0.62,1
12.15,31.84,0.37,109.68,24.29,12,0,0.6,1
8.65,10.33,0.21,85.3,17.29,10,0,0.73,1
11.24,15.03,0.04,100.11,22.49,19,0,0.89,1
10.1,13.24,0.16,115.03,20.19,9,1,0.77,1
5.66,9.25,0.2,52.13,11.31,20,0,0.64,1
12.23,16.3,0.47,105.97,24.46,12,0,0.89,1
4.77,15.4,0.24,60.51,9.55,2,1,0.95,1
8.78,9.88,0.27,96.82,17.57,21,0,0.66,1
11.31,38.77,0.33,124.62,22.62,23,0,0.74,0
5.99,16.58,0.09,83.43,11.99,2,0,0.75,1
4.89,7.16,0.41,50.04,9.78,19,0,0.93,1
7.16,8.9,0.41,67.08,14.32,19,0,0.8,1
12.36,40.24,0.64,157.28,24.72,16,0,0.84,1
13.98,14.87,0.46,171.28,27.97,20,0,0.98,1
8.4,8.57,0.44,110.35,16.81,11,0,0.73,1
10.09,14.32,0.43,85.19,20.18,12,0,0.8,1
13.6,22.26,0.28,93.53,27.19,15,0,0.74,1
1.93,2.39,0.15,36.71,3.86,18,0,0.69,1
3.87,7.79,0.17,62.87,7.73,6,0,0.5,1
10.78,17.39,0.22,91.82,21.56,6,0,0.54,1
12.44,13.28,0.3,160.99,24.89,20,0,0.47,1
12.93,13.37,0.11,97.44,25.85,20,1,0.76,1
6.52,6.9,0.23,66.2,13.04,16,0,0.79,1
1.8,4.02,0.29,32.73,3.59,14,0,0.54,1
6.85,16.14,0.35,61.48,13.7,3,0,0.6,1
3.85,8.13,0.28,62.72,7.69,12,0,0.69,1
4.72,8.13,0.32,57.25,9.44,16,0,0.93,1
11.7,24.09,0.14,94.1,23.4,0,0,0.65,1
1.6,3.01,0.45,29.62,3.19,7,0,0.93,1
12.5,17.47,0.06,119.33,25.0,17,0,0.24,1
6.7,8.15,0.12,54.32,13.4,15,0,0.85,1
9.14,11.4,0.36,73.46,18.29,15,0,0.5,1
1.8,2.09,0.3,29.05,3.6,8,0,0.68,1
5.39,19.67,0.09,47.88,10.78,16,0,0.56,1
1.8,6.3,0.35,41.57,3.6,8,0,0.66,1
14.44,17.15,0.16,137.59,28.88,16,0,0.66,1
12.21,18.78,0.07,143.3,24.41,9,0,0.59,1
7.16,10.48,0.13,92.79,14.33,14,0,0.69,1
3.74,12.93,0.09,61.77,7.48,7,1,0.72,1
14.04,31.79,0.04,100.37,28.07,16,0,0.52,1
5.5,7.54,0.41,67.71,10.99,7,0,0.55,1
2.83,3.17,0.12,40.55,5.67,16,0,0.91,1
8.67,9.24,0.35,96.6,17.33,12,0,0.69,1
14.18,22.68,0.58,123.9,28.37,7,0,0.71,1
0.56,0.84,0.04,23.49,1.11,1,0,0.57,1
3.95,4.52,0.34,58.38,7.91,20,0,0.72,1
14.11,21.6,0.25,94.33,28.21,14,0,0.61,1
2.98,4.67,0.17,53.59,5.96,22,0,0.79,1
2.14,2.31,0.59,32.9,4.28,23,0,0.63,1
8.77,10.41,0.44,101.59,17.54,5,0,0.66,1
13.0,13.95,0.63,153.6,25.99,7,1,1.0,1
7.42,17.93,0.23,60.88,14.84,2,0,0.78,1
14.92,23.2,0.41,188.95,29.84,15,0,0.67,1
10.35,11.73,0.2,97.54,20.7,22,0,0.71,1
1.57,4.72,0.28,38.85,3.15,22,0,0.88,1
14.9,17.61,0.28,101.65,29.79,1,0,0.53,1
6.41,16.57,0.56,84.26,12.83,9,0,0.7,1
4.67,5.45,0.31,48.59,9.33,2,0,0.7,1
8.59,12.11,0.43,87.16,17.18,23,0,0.72,1
4.91,12.44,0.05,59.8,9.82,10,1,0.62,1
1.75,2.9,0.14,33.75,3.51,14,0,0.66,1
0.52,0.68,0.28,23.83,1.04,1,0,0.41,1
7.02,9.68,0.15,92.79,14.04,8,0,0.79,1
12.63,22.15,0.53,155.68,25.27,18,0,0.58,1
8.8,9.52,0.5,84.66,17.6,16,0,0.98,1
14.99,23.44,0.37,145.58,29.98,0,0,0.7,1
4.66,7.4,0.11,57.05,9.32,22,0,0.55,1
4.57,15.39,0.17,61.81,9.13,7,0,0.47,1
2.82,2.99,0.29,37.04,5.63,0,0,0.66,1
2.88,7.52,0.13,50.63,5.76,10,0,0.77,1
4.64,7.17,0.15,69.04,9.27,15,0,0.77,1
12.0,14.07,0.32,129.56,23.99,22,0,0.56,1
13.63,33.12,0.33,159.38,27.27,6,0,1.0,1
14.64,22.68,0.39,194.49,29.28,14,0,0.85,1
3.87,8.99,0.62,64.32,7.74,6,0,0.91,1
13.28,16.2,0.39,143.23,26.56,5,0,0.75,1
5.26,7.81,0.18,65.13,10.52,3,0,0.55,1
2.14,2.39,0.22,38.67,4.27,3,0,0.72,1
13.12,14.24,0.46,128.42,26.23,9,0,0.68,1
9.72,13.2,0.31,101.3,19.45,21,0,0.82,1
2.89,3.64,0.33,49.24,5.78,23,0,0.64,1
6.73,10.17,0.21,100.42,13.47,23,0,0.66,1
4.67,8.67,0.38,44.81,9.33,18,0,0.43,1
11.18,15.19,0.34,93.94,22.37,9,0,0.73,1
7.07,7.6,0.13,65.78,14.15,11,0,0.57,1
14.84,26.39,0.1,180.77,29.69,21,0,0.68,1
1.29,2.66,0.41,30.27,2.59,19,0,0.66,1
5.65,10.43,0.3,69.0,11.3,8,0,0.49,1
7.49,12.99,0.19,82.03,14.98,6,0,0.62,1
7.8,25.54,0.4,105.56,15.59,23,0,0.61,1
5.08,8.14,0.13,63.18,10.16,0,0,0.75,1
11.07,17.84,0.08,127.14,22.15,19,1,0.58,1
13.18,19.07,0.05,87.72,26.37,5,0,0.79,1
14.11,27.03,0.24,155.01,28.22,21,0,0.78,1
12.17,17.15,0.62,101.4,24.35,15,0,0.62,1
12.83,14.12,0.11,162.04,25.67,15,0,0.67,1
8.48,8.78,0.31,107.04,16.97,1,0,0.73,1
12.48,18.14,0.18,91.92,24.95,22,0,0.63,1
4.9,17.38,0.15,48.05,9.8,2,1,0.76,1
6.28,6.43,0.43,64.27,12.56,21,1,0.83,1
5.1,6.54,0.31,49.96,10.19,18,0,0.88,1
7.28,14.5,0.18,94.1,14.55,5,0,0.86,1
4.64,12.88,0.03,75.26,9.28,9,0,0.72,1
14.44,40.39,0.21,158.47,28.89,7,0,0.61,1
5.04,13.4,0.09,53.96,10.07,20,0,0.89,1
1.92,6.76,0.1,37.2,3.84,0,0,0.69,1
8.14,8.78,0.14,106.59,16.28,2,0,0.75,1
1.33,2.03,0.15,35.58,2.66,0,0,0.29,1
2.1,2.71,0.52,30.59,4.21,7,1,0.96,1
3.68,4.23,0.29,51.9,7.36,6,0,0.94,1
7.23,8.57,0.28,79.11,14.47,10,0,0.53,1
6.78,7.44,0.57,73.59,13.56,9,0,0.65,1
12.1,12.4,0.4,123.14,24.19,19,0,0.62,1
11.22,19.37,0.26,107.81,22.44,10,0,0.47,1
6.68,6.94,0.48,69.5,13.36,19,0,0.58,1
5.34,6.74,0.41,50.98,10.68,16,0,1.0,1
5.09,16.79,0.46,63.25,10.18,13,0,0.75,1
11.72,15.4,0.28,145.99,23.45,3,0,0.91,1
1.26,1.64,0.3,27.2,2.51,0,0,0.69,1
0.69,0.74,0.18,26.98,1.37,20,0,0.38,1
12.04,22.72,0.32,102.74,24.07,4,0,0.66,1
7.42,10.77,0.21,76.89,14.84,1,0,0.69,1
2.4,9.25,0.18,48.57,4.8,9,0,0.64,1
3.92,7.85,0.44,58.09,7.83,17,0,0.44,1
14.02,47.26,0.29,160.69,28.04,8,0,0.83,0
12.96,20.21,0.67,139.47,25.93,17,0,0.56,1
10.79,12.5,0.16,98.31,21.58,4,0,0.64,1
7.49,18.51,0.06,92.87,14.98,11,1,0.81,1
8.04,12.46,0.42,85.97,16.09,15,0,0.56,1
14.64,36.33,0.31,178.48,29.28,23,0,0.7,1
14.5,42.59,0.29,150.5,29.01,1,0,0.76,0
3.62,5.72,0.08,57.66,7.24,1,0,1.0,1
12.26,39.63,0.02,154.13,24.52,20,0,0.67,1
3.36,4.87,0.17,56.11,6.72,15,1,0.82,1
3.6,13.15,0.25,48.1,7.19,3,0,0.64,1
10.3,31.22,0.51,98.11,20.61,2,0,0.94,1
6.37,9.62,0.08,90.63,12.75,19,0,0.43,1
14.01,20.2,0.33,104.07,28.01,1,0,0.48,1
1.79,6.59,0.09,32.46,3.58,1,0,0.72,1
7.92,11.64,0.27,66.29,15.83,19,0,0.62,1
13.82,15.72,0.69,93.16,27.64,11,0,0.8,1
13.61,17.19,0.24,146.72,27.22,12,0,0.82,1
2.77,7.95,0.1,51.31,5.54,18,1,0.43,1
5.82,8.38,0.13,54.35,11.63,22,0,0.86,1
9.48,12.57,0.26,120.17,18.95,0,0,0.74,1
2.81,10.12,0.14,41.52,5.62,6,0,0.99,1
14.54,16.31,0.45,155.58,29.07,18,0,0.63,1
13.76,14.8,0.36,162.4,27.53,12,0,0.81,1
2.92,3.29,0.61,49.12,5.84,3,0,0.79,1
2.26,2.6,0.2,33.44,4.51,15,0,0.92,1
1.74,2.15,0.39,30.1,3.48,17,0,0.3,1
13.69,18.88,0.19,176.98,27.37,14,0,0.46,1
3.31,4.36,0.25,38.38,6.62,10,0,0.86,1
6.54,7.65,0.05,62.67,13.07,4,0,0.91,1
7.01,9.38,0.16,76.55,14.02,23,0,0.8,1
9.19,18.53,0.49,118.72,18.37,13,0,0.51,1
1.54,2.9,0.25,34.2,3.08,10,0,0.65,1
3.79,4.1,0.5,54.09,7.58,17,0,0.85,1
14.01,53.29,0.52,157.88,28.01,7,0,0.66,0
13.67,17.66,0.42,165.13,27.34,8,0,0.68,1
11.83,12.24,0.6,98.4,23.66,11,1,0.91,1
0.78,1.0,0.32,24.01,1.56,20,0,0.79,1
5.24,5.27,0.22,50.88,10.48,23,0,0.71,1
9.61,12.55,0.23,79.13,19.21,17,0,0.76,1
4.49,16.28,0.33,43.71,8.98,10,0,0.81,1
13.69,15.73,0.42,160.07,27.38,4,0,0.69,1
9.69,20.91,0.27,128.49,19.38,8,0,0.78,1
1.54,2.64,0.29,35.39,3.09,7,0,0.57,1
13.68,28.26,0.35,106.47,27.36,17,0,0.83,1
14.39,31.87,0.45,153.02,28.78,21,0,0.64,1
1.63,2.84,0.15,34.06,3.25,16,0,0.58,1
8.22,15.39,0.09,108.27,16.44,12,0,0.88,1
4.9,6.76,0.45,76.81,9.8,22,0,0.75,1
6.2,7.21,0.14,83.2,12.39,5,0,0.74,1
3.1,6.57,0.08,46.66,6.21,23,0,0.77,1
8.88,21.65,0.2,96.18,17.76,6,0,0.47,1
14.39,19.18,0.21,173.33,28.78,1,0,0.81,1
7.79,10.35,0.55,65.66,15.59,1,0,0.68,1
1.7,1.84,0.42,30.34,3.4,11,0,0.94,1
9.49,36.23,0.52,90.27,18.98,1,0,1.0,1
5.43,6.11,0.26,75.58,10.87,21,1,0.75,1
12.91,20.15,0.23,90.52,25.82,23,0,0.77,1
6.8,9.5,0.23,70.41,13.61,0,1,0.73,1
3.3,10.35,0.14,43.83,6.59,1,0,0.43,1
3.27,5.69,0.14,47.48,6.54,4,0,0.47,1
11.65,27.7,0.25,116.04,23.29,10,0,0.51,1
4.35,9.87,0.38,63.51,8.7,13,0,0.8,1
11.62,18.51,0.47,129.03,23.25,7,0,0.93,1
3.49,4.06,0.46,59.45,6.97,16,0,0.77,1
5.16,6.39,0.23,52.35,10.33,12,0,0.52,1
7.25,10.46,0.08,78.17,14.5,7,0,0.39,1
14.18,21.66,0.54,130.58,28.35,14,1,0.63,1
14.01,24.56,0.15,101.09,28.02,6,0,0.64,1
3.5,3.57,0.3,41.54,7.0,14,0,0.82,1
5.69,8.5,0.13,61.89,11.39,8,0,0.86,1
2.67,6.05,0.48,47.05,5.33,13,0,0.73,1
7.89,18.68,0.24,67.77,15.79,14,0,0.53,1
7.18,10.13,0.33,69.22,14.36,10,0,0.71,1
13.56,21.12,0.3,152.02,27.12,3,0,0.41,1
13.99,54.68,0.06,148.34,27.97,13,0,0.66,0
6.06,6.95,0.01,54.74,12.12,21,0,0.88,1
7.63,9.81,0.38,108.56,15.26,14,0,0.68,1
13.5,18.08,0.2,101.46,26.99,3,0,0.9,1
12.2,40.44,0.42,86.23,24.39,13,0,0.64,0
0.55,1.06,0.21,23.94,1.11,3,0,0.77,1
5.14,5.4,0.12,46.66,10.28,8,1,0.49,1
6.62,7.38,0.44,54.5,13.23,0,0,0.76,1
3.83,8.25,0.76,54.67,7.66,22,0,0.69,1
3.39,9.23,0.27,58.18,6.79,7,0,0.64,1
1.05,1.79,0.42,28.19,2.1,14,0,0.88,1
9.83,19.02,0.21,89.93,19.66,5,0,0.77,1
4.31,5.65,0.38,69.1,8.61,0,0,0.64,1
1.26,1.29,0.18,26.84,2.52,5,0,0.9,1
3.85,7.37,0.25,52.0,7.7,19,1,1.0,1
12.13,40.88,0.21,102.08,24.26,13,0,0.53,0
12.85,13.92,0.28,118.56,25.69,7,0,0.65,1
7.5,26.95,0.29,79.1,15.01,6,0,0.73,1
6.53,6.77,0.13,77.59,13.07,23,0,1.0,1
14.68,19.61,0.31,139.97,29.36,15,0,0.59,1
3.41,3.56,0.18,60.61,6.82,0,1,0.67,1
3.62,9.06,0.17,38.76,7.25,9,0,0.89,1
4.73,16.87,0.29,68.76,9.46,11,0,0.92,1
3.0,4.88,0.15,36.1,6.01,8,0,0.54,1
6.0,10.21,0.45,68.11,12.0,9,0,0.73,1
13.71,27.49,0.03,107.9,27.41,9,0,0.66,1
9.42,9.73,0.24,129.46,18.85,2,1,0.42,1
6.47,7.47,0.34,85.1,12.95,1,0,0.57,1
14.05,18.83,0.42,135.76,28.1,8,0,0.81,1
1.2,3.23,0.28,34.03,2.41,16,0,0.61,1
3.55,4.43,0.45,55.66,7.1,21,0,0.85,1
8.71,10.95,0.1,121.54,17.41,4,0,0.77,1
9.43,16.57,0.21,113.61,18.85,11,0,0.73,1
1.07,1.14,0.23,25.95,2.15,3,0,0.65,1
6.34,16.91,0.25,79.09,12.69,9,0,0.73,1
9.91,22.0,0.37,137.59,19.83,16,0,0.88,1
10.62,35.71,0.04,89.04,21.24,1,0,0.42,1
9.75,11.52,0.44,122.89,19.51,19,0,0.52,1
5.15,7.19,0.37,52.39,10.3,21,0,0.9,1
1.86,3.82,0.08,35.16,3.71,5,0,0.41,1
6.69,17.95,0.06,57.43,13.39,4,0,0.53,1
2.37,8.45,0.67,37.48,4.73,7,0,0.78,1
14.24,37.97,0.41,168.58,28.48,15,1,0.74,1
7.39,12.53,0.13,59.29,14.78,2,0,0.59,1
5.1,11.71,0.21,56.93,10.2,8,1,0.83,1
11.61,26.14,0.12,129.24,23.22,3,1,0.48,1
7.72,8.51,0.37,109.86,15.44,0,1,1.0,1
5.0,7.85,0.55,53.56,9.99,5,0,0.8,1
12.27,15.4,0.43,96.24,24.55,17,1,0.69,1
13.07,47.23,0.21,104.01,26.15,3,0,0.89,0
10.26,19.58,0.42,88.3,20.52,11,0,0.85,1
1.18,1.94,0.37,31.18,2.36,13,0,0.86,1
8.71,22.35,0.5,124.46,17.42,2,0,0.67,1
11.57,34.01,0.31,120.24,23.14,18,0,0.47,1
2.48,2.75,0.38,37.11,4.96,1,0,0.86,1
3.82,4.0,0.34,59.03,7.63,23,0,0.83,1
13.3,43.02,0.21,101.21,26.59,1,0,0.83,0
0.79,1.55,0.35,24.13,1.58,16,0,0.59,1
11.41,11.78,0.59,125.43,22.83,4,0,0.85,1
7.37,23.59,0.18,67.7,14.74,0,0,0.64,1
6.98,9.52,0.48,74.39,13.96,15,0,0.89,1
0.6,0.62,0.06,23.99,1.21,5,0,0.68,1
12.38,12.59,0.61,161.47,24.76,4,0,0.51,1
5.72,9.48,0.24,62.11,11.43,11,0,0.56,1
8.34,22.42,0.33,87.93,16.68,16,0,0.61,1
10.32,25.7,0.23,88.57,20.64,22,0,0.89,1
10.69,11.65,0.07,79.79,21.38,10,0,0.69,1
14.36,15.38,0.22,143.34,28.72,18,0,0.64,1
8.2,11.62,0.43,110.91,16.41,1,0,1.0,1
6.3,7.63,0.51,66.98,12.59,15,0,0.66,1
14.33,17.8,0.52,169.98,28.66,18,0,0.54,1
9.81,13.14,0.44,71.29,19.62,7,0,1.0,1
4.82,5.54,0.54,52.07,9.65,3,1,0.59,1
2.33,3.05,0.2,33.82,4.67,5,0,0.53,1
12.72,19.55,0.47,119.45,25.43,23,0,0.88,1
5.75,13.45,0.18,84.77,11.5,19,0,0.58,1
10.08,12.47,0.1,96.73,20.15,2,0,0.66,1
7.33,12.11,0.41,87.58,14.65,8,0,0.73,1
3.38,7.18,0.24,58.2,6.77,22,0,0.66,1
9.22,10.83,0.53,89.35,18.45,18,0,0.67,1
1.38,1.79,0.22,30.43,2.76,0,0,0.79,1
6.49,6.81,0.33,56.47,12.99,2,0,0.68,1
8.43,22.52,0.2,82.72,16.85,22,0,0.57,1
6.82,9.26,0.23,89.75,13.65,0,0,0.67,1
11.36,26.21,0.54,143.92,22.71,14,0,0.88,1
12.5,13.48,0.43,145.79,25.01,4,0,0.63,1
11.68,35.99,0.28,78.98,23.37,15,1,0.85,0
1.06,1.43,0.58,26.18,2.13,4,0,0.73,1
3.31,3.93,0.36,53.54,6.63,18,0,0.63,1
8.28,16.04,0.29,116.03,16.56,11,1,0.6,1
14.05,14.56,0.24,158.69,28.11,12,1,0.7,1
12.61,14.2,0.26,102.99,25.21,7,0,0.92,1
12.72,27.0,0.14,93.16,25.43,16,0,0.67,1
4.9,19.15,0.35,74.54,9.79,11,0,0.54,1
6.73,14.24,0.2,58.3,13.45,13,0,0.59,1
7.33,15.89,0.36,64.37,14.65,10,0,0.82,1
2.78,3.03,0.08,45.53,5.56,22,0,0.6,1
0.95,0.97,0.16,26.02,1.9,0,0,0.92,1
14.23,46.99,0.3,113.82,28.46,1,0,0.86,0
3.99,6.61,0.67,43.93,7.98,15,1,0.58,1
3.98,6.02,0.25,66.2,7.96,1,1,0.69,1
1.71,5.35,0.42,30.04,3.42,0,0,0.88,1
13.96,26.19,0.27,180.85,27.93,0,0,0.64,1
8.91,18.26,0.39,84.87,17.81,9,0,0.7,1
10.17,15.6,0.33,129.36,20.34,17,0,0.84,1
13.72,18.39,0.47,179.81,27.44,21,0,0.93,1
5.51,7.09,0.23,67.59,11.02,20,1,0.8,1
9.51,26.98,0.25,118.84,19.02,20,0,0.72,1
1.06,1.24,0.08,27.29,2.13,1,0,0.64,1
3.21,4.23,0.1,44.64,6.42,22,0,0.51,1
12.55,13.69,0.17,131.36,25.11,2,0,0.65,1
11.62,19.79,0.31,147.26,23.24,13,0,0.66,1
5.58,6.07,0.38,72.19,11.17,11,0,0.8,1
5.96,6.63,0.33,50.74,11.93,23,0,0.67,1
8.24,14.23,0.23,78.76,16.47,8,0,0.7,1
0.5,0.94,0.6,25.57,1.01,12,0,0.91,1
4.0,4.21,0.33,46.71,8.0,9,0,0.71,1
3.52,4.48,0.72,46.66,7.04,5,0,0.62,1
4.13,4.37,0.06,51.93,8.26,4,1,0.52,1
12.19,14.37,0.12,94.1,24.37,17,0,0.63,1
4.56,6.44,0.12,53.93,9.11,6,1,0.56,1
3.28,9.73,0.25,55.14,6.55,15,0,0.61,1
7.81,16.67,0.44,105.49,15.62,10,0,1.0,1
13.05,13.36,0.54,138.33,26.1,20,0,0.66,1
4.0,8.17,0.2,59.0,8.0,9,1,0.75,1
1.64,5.12,0.03,34.33,3.28,7,0,1.0,1
5.67,7.26,0.45,50.1,11.34,4,0,0.55,1
11.34,14.17,0.28,132.01,22.68,0,0,0.76,1
8.49,18.28,0.04,121.62,16.97,2,0,0.87,1
12.34,26.08,0.06,101.4,24.69,14,1,0.75,1
14.41,23.96,0.51,191.17,28.83,9,0,0.63,1
11.99,45.03,0.42,163.74,23.99,0,0,0.78,0
9.26,10.99,0.23,75.44,18.51,9,1,0.57,1
7.65,15.69,0.22,107.88,15.31,15,0,0.67,1
1.08,1.21,0.2,30.52,2.16,11,0,0.46,1
14.77,17.34,0.43,142.09,29.55,4,1,0.79,1
6.06,8.12,0.16,64.92,12.12,21,0,0.89,1
2.71,5.48,0.46,45.47,5.41,22,0,0.82,1
10.17,15.96,0.2,130.82,20.33,10,1,0.79,1
4.62,7.92,0.23,44.21,9.24,20,0,0.7,1
8.99,17.84,0.32,98.68,17.99,4,0,0.62,1
9.01,10.17,0.28,106.04,18.02,5,0,0.49,1
6.96,11.37,0.13,56.06,13.93,1,0,0.57,1
12.62,14.43,0.08,161.68,25.25,21,0,0.59,1
4.34,13.2,0.12,70.64,8.68,9,0,0.76,1
7.01,19.69,0.33,85.06,14.01,22,0,0.88,1
8.3,8.44,0.06,68.28,16.59,3,0,0.73,1
10.12,14.65,0.16,136.68,20.25,11,0,0.68,1
11.87,18.77,0.24,146.21,23.74,4,0,0.97,1
6.22,9.69,0.33,52.37,12.45,22,0,0.78,1
9.87,23.98,0.07,109.34,19.74,15,0,0.49,1
2.68,3.4,0.05,35.57,5.37,23,0,0.69,1
14.02,44.72,0.07,103.96,28.05,18,1,0.63,0
6.05,8.9,0.16,58.43,12.11,14,1,0.44,1
11.08,16.34,0.09,106.11,22.16,18,0,0.87,1
0.79,0.85,0.25,28.85,1.59,11,0,0.73,1
3.48,5.39,0.37,38.13,6.95,0,0,0.97,1
7.56,21.44,0.3,94.3,15.13,9,1,0.87,1
13.23,19.48,0.08,175.53,26.47,7,1,0.61,1
8.15,25.57,0.56,97.29,16.29,20,0,0.78,1
13.98,34.71,0.12,169.75,27.97,2,1,0.77,1
7.52,27.49,0.18,105.01,15.03,11,0,0.69,1
7.61,11.99,0.41,96.14,15.22,6,0,0.43,1
2.24,7.14,0.21,41.51,4.47,19,0,0.83,1
12.14,20.16,0.52,82.22,24.28,5,0,0.44,1
4.08,4.3,0.48,55.23,8.16,4,0,0.5,1
13.54,17.15,0.42,132.21,27.09,13,0,0.75,1
13.71,44.49,0.49,138.69,27.41,6,0,0.55,0
14.18,33.91,0.29,133.81,28.36,14,1,0.59,1
8.04,10.65,0.47,111.26,16.09,15,0,0.72,1
10.32,11.2,0.16,135.8,20.64,22,0,0.81,1
11.79,42.92,0.27,89.31,23.58,18,0,0.66,0
2.4,2.79,0.17,40.95,4.8,20,1,0.95,1
9.21,13.72,0.57,127.96,18.43,1,0,0.55,1
1.0,1.51,0.62,29.17,1.99,1,0,0.89,1
7.71,7.97,0.14,101.87,15.43,20,0,0.58,1
2.75,3.39,0.44,40.9,5.49,20,0,0.98,1
3.15,3.55,0.12,44.09,6.3,8,0,0.92,1
5.79,11.24,0.27,62.17,11.59,23,0,0.76,1
6.77,10.17,0.66,54.89,13.54,23,0,0.83,1
9.54,13.4,0.11,129.42,19.07,9,0,0.85,1
1.58,3.22,0.16,31.76,3.16,3,0,0.66,1
7.8,11.51,0.42,79.07,15.61,0,0,0.72,1
3.15,7.36,0.51,52.48,6.3,21,0,0.5,1
8.82,24.68,0.63,96.65,17.65,4,0,0.51,1
9.74,18.37,0.13,93.4,19.48,18,0,0.87,1
8.57,10.66,0.62,115.88,17.14,0,0,0.71,1
11.21,11.96,0.41,140.77,22.41,20,0,0.87,1
5.37,9.05,0.17,83.52,10.73,16,0,0.81,1
11.59,15.84,0.14,129.99,23.19,21,0,0.73,1
6.78,20.7,0.27,86.6,13.55,18,0,0.91,1
7.52,8.1,0.26,74.69,15.04,2,0,0.88,1
9.9,14.63,0.23,76.39,19.79,2,0,0.59,1
0.77,0.92,0.18,24.4,1.53,11,0,0.5,1
9.98,11.8,0.12,115.05,19.97,18,0,0.56,1
9.47,21.41,0.13,74.86,18.94,10,0,0.9,1
4.99,7.72,0.21,76.65,9.99,9,1,0.83,1
1.74,1.8,0.27,37.31,3.49,9,0,0.48,1
1.82,5.73,0.33,31.97,3.64,2,0,0.68,1
13.89,18.22,0.23,116.58,27.77,17,0,0.87,1
10.49,10.8,0.16,124.63,20.99,4,1,0.58,1
2.34,4.93,0.2,45.23,4.69,5,0,0.7,1
5.67,6.33,0.07,81.69,11.34,21,0,0.85,1
9.09,9.57,0.3,103.7,18.18,17,0,0.82,1
12.62,15.57,0.14,96.79,25.23,12,0,0.52,1
1.13,2.68,0.09,32.16,2.27,0,0,0.81,1
3.93,7.85,0.47,61.44,7.86,3,1,0.74,1
13.4,48.41,0.31,165.37,26.8,9,0,0.83,0
0.63,0.72,0.35,23.86,1.27,15,0,0.61,1
3.42,3.86,0.33,53.49,6.84,15,0,0.84,1
14.41,19.88,0.61,188.86,28.81,23,0,0.77,1
9.39,18.26,0.28,83.81,18.79,16,0,0.93,1
4.29,13.96,0.07,63.02,8.59,10,0,0.68,1
1.47,1.81,0.32,30.02,2.94,22,0,0.59,1
0.91,1.14,0.05,26.5,1.82,20,0,0.51,1
4.05,4.33,0.31,54.0,8.1,7,0,0.89,1
13.28,16.65,0.16,169.61,26.56,13,0,0.37,1
6.53,7.49,0.19,54.42,13.06,17,0,0.46,1
10.94,13.52,0.22,150.54,21.89,0,1,0.71,1
13.82,19.11,0.42,163.74,27.63,8,0,0.61,1
6.42,11.25,0.16,68.24,12.83,19,0,0.49,1
3.27,3.53,0.11,44.48,6.55,10,0,0.79,1
8.0,10.83,0.52,87.03,16.0,3,0,0.79,1
13.67,24.91,0.31,172.09,27.33,1,0,0.73,1
12.16,38.91,0.23,82.34,24.33,17,1,0.85,0
1.45,3.11,0.3,32.85,2.91,4,1,0.74,1
10.54,16.03,0.21,76.85,21.08,1,1,0.39,1
8.79,19.25,0.11,71.08,17.59,21,0,0.65,1
13.66,32.84,0.29,154.32,27.32,10,0,0.73,1
2.28,3.53,0.18,35.11,4.55,22,1,0.79,1
8.24,21.84,0.44,63.62,16.49,1,0,0.75,1
13.25,15.59,0.17,101.5,26.5,11,0,0.79,1
6.45,10.51,0.15,61.64,12.89,23,0,0.62,1
7.49,11.01,0.09,97.8,14.98,9,0,0.7,1
1.52,4.22,0.71,34.26,3.04,18,0,0.79,1
4.53,9.19,0.27,65.99,9.07,3,0,1.0,1
5.21,9.34,0.17,59.5,10.41,6,0,0.56,1
14.2,16.59,0.16,102.27,28.41,13,0,0.8,1
4.6,5.56,0.03,68.92,9.2,12,0,0.53,1
7.18,17.21,0.45,62.97,14.37,0,0,0.61,1
10.23,14.37,0.55,98.58,20.47,19,1,0.85,1
2.85,6.59,0.45,39.49,5.7,0,0,0.75,1
7.55,7.62,0.1,73.45,15.11,1,0,0.67,1
11.21,11.63,0.16,123.27,22.42,15,0,1.0,1
13.07,19.44,0.13,100.38,26.14,1,1,0.62,1
9.58,12.38,0.3,97.81,19.16,11,0,0.77,1
10.2,11.99,0.2,116.61,20.4,18,0,0.81,1
2.33,2.95,0.31,45.83,4.66,14,0,0.45,1
14.21,18.34,0.16,128.0,28.43,15,0,0.67,1
2.42,2.5,0.31,37.52,4.84,15,0,0.52,1
11.73,16.82,0.3,108.87,23.47,10,0,0.35,1
4.34,5.97,0.16,56.91,8.68,5,0,0.76,1
14.04,15.83,0.06,120.95,28.07,16,0,0.78,1
10.94,14.54,0.56,93.88,21.88,6,0,0.61,1
11.43,14.29,0.52,107.18,22.86,10,0,0.55,1
3.68,8.64,0.23,58.4,7.35,12,0,0.93,1
6.92,13.1,0.22,66.87,13.85,15,0,0.99,1
9.46,26.24,0.16,123.21,18.92,12,1,0.79,1
11.66,18.54,0.37,101.6,23.33,7,0,0.71,1
2.01,3.39,0.24,38.51,4.01,8,0,0.61,1
14.45,14.49,0.38,190.51,28.91,4,0,0.74,1
13.41,18.93,0.12,176.37,26.82,13,0,0.69,1
4.42,5.26,0.1,55.55,8.84,20,0,0.8,1
12.43,24.83,0.21,88.02,24.86,10,0,0.89,1
8.02,9.17,0.35,110.72,16.03,11,0,0.75,1
7.2,10.12,0.6,62.37,14.39,19,0,0.71,1
5.06,6.55,0.41,78.0,10.12,19,0,0.48,1
8.92,18.95,0.38,110.39,17.85,9,0,0.76,1
11.08,16.76,0.33,147.9,22.17,0,0,0.8,1
6.46,8.9,0.22,82.37,12.92,15,1,0.86,1
9.62,13.91,0.19,135.15,19.25,6,0,0.44,1
10.64,11.36,0.22,107.98,21.28,23,0,0.75,1
10.81,11.7,0.12,99.0,21.62,15,0,0.6,1
1.25,1.28,0.4,29.72,2.51,13,1,0.81,1
12.97,17.28,0.35,116.63,25.93,3,0,0.73,1
7.14,7.3,0.09,75.77,14.29,2,1,0.6,1
4.31,4.92,0.08,68.2,8.61,18,1,0.95,1
4.01,8.84,0.29,56.63,8.01,22,1,0.64,1
7.5,13.15,0.13,95.64,15.01,21,1,0.61,1
13.36,31.15,0.16,113.72,26.72,16,0,0.64,1
5.99,23.65,0.23,91.41,11.97,11,0,0.42,1
11.37,29.08,0.17,99.2,22.74,16,0,0.46,1
1.9,7.52,0.06,31.64,3.81,0,0,0.88,1
7.4,9.37,0.26,97.34,14.81,20,0,0.71,1
14.88,26.14,0.49,181.79,29.76,0,0,0.78,1
11.67,24.09,0.32,110.53,23.34,22,0,0.74,1
3.55,4.33,0.28,51.22,7.11,10,0,0.74,1
7.77,8.89,0.3,81.38,15.54,2,0,0.69,1
3.89,3.96,0.53,47.44,7.78,3,0,0.61,1
6.44,8.8,0.18,88.85,12.88,6,0,0.79,1
11.81,19.81,0.5,141.65,23.62,17,0,0.73,1
11.68,24.39,0.47,118.1,23.37,19,0,0.53,1
3.81,9.14,0.15,51.18,7.61,6,1,0.79,1
13.87,33.86,0.18,106.86,27.74,10,0,0.93,1
9.09,16.33,0.23,106.02,18.18,13,0,0.75,1
6.01,6.05,0.48,88.9,12.02,7,0,0.61,1
7.78,31.03,0.36,98.03,15.56,19,0,0.74,1
9.27,23.31,0.22,99.23,18.55,15,0,0.82,1
8.62,22.03,0.29,65.42,17.24,17,0,0.54,1
7.55,9.59,0.22,106.95,15.11,11,1,0.63,1
7.82,15.21,0.48,75.97,15.64,8,0,0.7,1
3.06,5.16,0.38,41.71,6.12,19,0,0.65,1
12.28,33.99,0.28,121.8,24.57,8,0,0.73,1
8.36,15.09,0.15,86.88,16.71,20,0,0.91,1
2.4,7.33,0.54,48.18,4.8,12,1,0.48,1
11.61,17.87,0.36,91.46,23.22,5,0,0.49,1
14.02,43.35,0.29,157.73,28.04,21,0,0.64,0
14.24,16.89,0.23,101.82,28.47,4,0,0.74,1
5.85,8.67,0.29,60.59,11.7,9,0,0.51,1
2.46,3.11,0.39,44.79,4.93,22,0,0.97,1
8.02,14.22,0.28,105.2,16.03,10,0,0.83,1
2.13,3.98,0.15,37.67,4.27,13,0,0.5,1
14.04,43.39,0.06,167.81,28.09,22,0,0.71,0
3.16,4.92,0.2,56.51,6.32,15,0,0.76,1
4.17,6.55,0.58,68.11,8.33,6,0,0.57,1
6.4,10.64,0.2,67.31,12.79,21,1,0.45,1
6.06,7.52,0.04,63.51,12.11,17,0,0.58,1
12.02,13.75,0.42,141.25,24.05,7,0,0.85,1
7.12,8.75,0.46,88.17,14.23,13,1,0.51,1
2.98,8.32,0.16,43.05,5.95,9,1,0.9,1
4.37,6.11,0.36,48.88,8.75,13,0,0.56,1
7.88,25.41,0.35,93.53,15.76,19,0,0.31,1
2.64,3.42,0.12,41.14,5.28,21,0,0.88,1
9.37,17.47,0.14,75.51,18.74,12,0,0.63,1
8.7,24.91,0.42,102.46,17.41,22,0,0.66,1
10.86,12.12,0.23,127.37,21.73,16,0,0.74,1
14.1,19.84,0.5,126.42,28.19,5,0,0.5,1
13.73,26.6,0.26,168.58,27.46,14,1,0.54,1
14.22,52.07,0.5,98.42,28.44,7,1,0.64,0
4.05,6.2,0.25,54.3,8.1,4,0,0.85,1
2.41,2.55,0.43,48.16,4.82,7,0,0.74,1
4.88,7.0,0.26,50.93,9.77,21,0,0.74,1
13.48,13.77,0.35,103.65,26.96,22,1,0.85,1
14.59,41.42,0.1,131.66,29.19,8,0,0.82,0
12.96,19.17,0.2,109.12,25.92,6,1,0.57,1
2.1,2.47,0.24,33.73,4.19,17,0,0.58,1
14.24,22.1,0.19,185.85,28.48,13,0,0.78,1
6.64,20.86,0.26,69.22,13.28,7,0,0.68,1
0.63,0.92,0.47,23.44,1.27,0,1,0.68,1
6.91,9.76,0.02,98.13,13.83,16,0,0.4,1
1.17,1.47,0.09,29.5,2.34,5,0,0.7,1
8.39,10.22,0.39,105.13,16.77,13,0,0.82,1
5.41,6.53,0.16,60.95,10.82,23,1,0.65,1
7.36,9.85,0.58,105.04,14.73,16,0,0.67,1
9.39,22.8,0.37,85.87,18.78,16,0,0.93,1
13.1,23.68,0.03,146.25,26.2,11,1,0.6,1
10.1,12.14,0.09,128.76,20.2,20,1,0.97,1
6.79,7.04,0.3,65.28,13.59,15,1,0.46,1
12.38,40.04,0.48,151.38,24.76,2,1,0.77,0
13.63,20.92,0.19,163.75,27.26,16,0,0.45,1
2.24,4.62,0.17,46.28,4.47,1,0,0.79,1
8.21,19.6,0.13,114.12,16.43,12,1,0.56,1
4.63,7.35,0.62,55.71,9.25,13,0,0.52,1
1.18,1.68,0.38,30.8,2.36,3,0,0.61,1
10.19,39.61,0.27,137.0,20.39,23,0,0.6,1
13.01,15.58,0.08,85.45,26.02,5,0,0.69,1
2.86,3.31,0.06,46.88,5.72,19,0,0.81,1
12.28,12.61,0.18,99.91,24.56,22,0,0.88,1
12.87,33.4,0.25,150.95,25.75,8,0,0.99,1
13.76,19.77,0.15,165.49,27.52,13,1,0.67,1
4.35,7.63,0.22,63.43,8.69,21,0,0.66,1
13.61,27.15,0.27,182.91,27.21,16,0,0.72,1
5.15,7.64,0.14,63.02,10.3,7,0,0.63,1
8.51,10.17,0.09,95.98,17.02,18,0,0.36,1
1.23,4.61,0.22,29.69,2.46,20,0,0.74,1
1.14,1.16,0.41,33.43,2.27,1,0,0.52,1
10.95,12.77,0.08,145.43,21.89,16,0,0.7,1
6.94,8.54,0.18,102.69,13.89,6,1,0.63,1
4.22,5.14,0.2,70.15,8.43,2,0,0.53,1
3.26,6.02,0.33,56.75,6.52,3,0,0.6,1
10.21,12.55,0.22,137.63,20.43,17,0,0.55,1
0.51,0.94,0.19,22.95,1.01,13,1,0.72,1
12.19,13.19,0.13,95.73,24.37,19,1,0.63,1
1.65,4.31,0.25,38.46,3.3,12,0,0.73,1
3.28,6.98,0.45,53.05,6.55,16,0,0.51,1
6.1,9.19,0.38,87.87,12.2,11,0,0.76,1
7.53,15.39,0.14,98.24,15.06,6,0,0.94,1
5.65,9.94,0.06,53.76,11.29,2,0,0.74,1
5.15,8.32,0.4,78.8,10.3,4,0,0.86,1
14.48,16.22,0.07,170.54,28.95,20,0,0.66,1
9.8,15.26,0.31,108.18,19.61,19,0,0.65,1
0.84,1.61,0.03,27.33,1.68,0,1,0.8,1
6.74,15.46,0.57,80.75,13.48,13,0,0.67,1
13.19,23.7,0.04,121.98,26.38,8,0,0.86,1
4.87,7.65,0.36,71.74,9.74,20,0,0.68,1
1.87,2.31,0.42,41.26,3.74,14,0,0.73,1
11.5,33.74,0.11,97.84,22.99,1,1,0.63,0
9.29,22.31,0.17,68.91,18.57,17,0,0.51,1
8.77,16.4,0.33,76.3,17.54,3,0,0.68,1
1.28,2.45,0.36,33.15,2.55,1,0,0.66,1
2.54,4.67,0.1,48.11,5.07,12,0,0.62,1
9.53,11.27,0.14,90.88,19.05,20,0,0.77,1
3.51,7.12,0.52,41.32,7.03,17,0,0.86,1
7.81,12.47,0.13,105.98,15.62,19,0,0.88,1
8.4,11.7,0.16,74.63,16.8,3,0,0.68,1
4.61,10.87,0.24,50.86,9.22,2,0,0.61,1
14.25,18.06,0.11,100.5,28.5,6,0,0.58,1
12.72,19.26,0.13,164.61,25.43,1,0,1.0,1
10.97,18.76,0.33,99.97,21.95,13,0,0.89,1
1.63,1.9,0.12,30.12,3.26,4,0,0.71,1
2.04,4.71,0.22,43.81,4.08,1,0,0.4,1
7.65,8.38,0.27,76.18,15.29,8,1,0.68,1
2.83,4.22,0.34,48.96,5.66,15,0,0.83,1
14.68,20.77,0.05,117.11,29.37,21,1,0.59,1
2.8,3.09,0.41,48.23,5.6,7,1,0.53,1
7.57,8.77,0.46,70.14,15.14,5,0,0.8,1
5.78,8.24,0.33,74.7,11.56,2,0,0.7,1
9.77,11.99,0.57,99.01,19.54,6,0,0.71,1
2.37,4.12,0.19,45.11,4.74,17,0,0.7,1
6.74,10.2,0.08,88.15,13.48,15,0,0.5,1
4.48,15.12,0.41,71.77,8.97,3,0,0.6,1
13.37,42.13,0.1,122.12,26.74,20,0,0.69,0
1.09,1.25,0.09,31.19,2.18,3,0,0.51,1
13.75,46.65,0.24,181.99,27.5,15,0,0.56,0
12.58,33.36,0.05,112.5,25.16,17,0,0.92,1
4.81,5.69,0.2,53.85,9.63,1,0,0.74,1
11.94,47.62,0.23,144.03,23.89,21,0,0.73,0
0.95,2.06,0.34,27.73,1.91,11,0,0.81,1
14.52,21.1,0.5,133.12,29.04,8,1,0.79,1
8.14,11.68,0.44,91.75,16.27,6,0,0.72,1
4.9,5.88,0.12,76.56,9.8,7,0,0.59,1
5.76,9.15,0.13,52.17,11.51,5,0,0.55,1
1.46,2.31,0.22,32.08,2.93,11,0,0.75,1
14.85,18.7,0.2,105.67,29.69,7,0,0.93,1
1.07,1.71,0.32,31.97,2.14,9,0,0.35,1
10.0,14.15,0.16,79.55,19.99,3,0,0.82,1
6.92,7.49,0.39,58.94,13.84,9,0,0.51,1
14.26,25.87,0.24,187.49,28.52,6,1,0.76,1
4.07,7.55,0.33,56.37,8.13,18,0,0.67,1
8.22,32.51,0.43,108.57,16.43,2,0,0.64,1
7.49,10.55,0.28,82.14,14.99,11,1,0.71,1
10.69,39.26,0.29,106.06,21.38,18,0,0.78,0
1.49,2.37,0.46,36.91,2.97,9,0,0.87,1
3.31,3.88,0.51,59.48,6.62,20,0,0.6,1
3.61,5.45,0.15,53.69,7.22,5,0,0.77,1
11.2,24.77,0.35,148.02,22.41,19,1,0.75,1
3.24,3.86,0.36,55.79,6.49,14,0,0.76,1
8.82,19.49,0.34,97.65,17.63,20,0,0.68,1
3.62,4.53,0.79,61.96,7.24,18,1,0.78,1
12.99,18.36,0.18,104.07,25.99,10,0,0.98,1
14.16,37.51,0.33,178.52,28.32,7,0,0.73,1
8.02,8.63,0.08,77.45,16.04,9,0,0.68,1
5.61,14.0,0.24,49.24,11.22,21,0,0.67,1
3.89,3.92,0.19,60.92,7.79,13,0,0.73,1
1.22,4.78,0.08,34.06,2.44,19,0,0.68,1
4.39,9.81,0.08,48.63,8.79,13,0,0.95,1
9.99,24.97,0.55,107.27,19.97,14,1,0.53,1
8.24,31.62,0.38,104.4,16.47,11,0,0.91,1
14.19,17.75,0.07,123.88,28.38,16,0,0.64,1
6.25,8.11,0.14,57.65,12.49,9,0,0.69,1
10.56,12.51,0.27,101.8,21.12,11,1,0.79,1
7.6,17.16,0.16,82.25,15.19,18,0,0.62,1
7.93,13.6,0.3,100.87,15.86,7,0,0.61,1
4.38,5.89,0.28,48.01,8.77,15,0,0.57,1
7.1,12.24,0.14,95.98,14.19,17,0,0.59,1
7.33,9.48,0.17,82.39,14.65,19,0,0.73,1
10.75,14.81,0.07,141.73,21.49,9,1,1.0,1
14.14,42.08,0.41,146.7,28.28,20,0,0.79,0
5.28,6.31,0.5,62.88,10.55,10,0,0.82,1
1.11,1.41,0.07,27.79,2.22,5,0,0.53,1
7.7,10.37,0.07,64.21,15.39,17,0,0.54,1
8.39,22.92,0.31,83.82,16.79,12,1,0.82,1
2.94,6.52,0.6,43.23,5.88,10,0,0.41,1
11.53,21.15,0.22,123.49,23.05,13,0,0.69,1
14.78,32.14,0.11,182.88,29.56,13,0,0.87,1
14.21,33.77,0.34,137.22,28.43,22,0,0.67,1
3.36,3.93,0.68,44.18,6.72,3,0,0.67,1
13.19,18.11,0.41,166.61,26.39,9,0,0.81,1
10.72,15.9,0.23,128.62,21.43,19,0,0.67,1
7.08,16.88,0.32,70.62,14.16,17,1,0.85,1
8.34,8.88,0.11,71.44,16.68,8,0,0.61,1
12.82,32.59,0.33,110.21,25.64,20,0,0.88,1
7.46,8.82,0.26,63.77,14.92,12,1,0.7,1
5.91,6.06,0.38,86.94,11.82,22,0,0.5,1
7.65,9.62,0.38,91.03,15.3,18,0,0.74,1
8.9,8.95,0.39,118.27,17.79,7,0,0.49,1
3.24,4.39,0.33,54.82,6.48,10,1,0.7,1
13.56,32.83,0.55,102.36,27.13,22,0,0.55,1
10.28,25.51,0.53,103.24,20.55,7,0,0.44,1
9.68,19.62,0.19,134.3,19.36,17,1,0.4,1
1.94,7.61,0.13,32.89,3.89,23,0,0.82,1
9.26,12.16,0.32,69.56,18.52,16,0,0.53,1
2.25,4.99,0.29,36.73,4.51,9,1,0.78,1
1.64,1.91,0.57,34.08,3.28,21,0,0.77,1
8.15,15.68,0.35,63.92,16.29,21,0,0.9,1
6.34,10.39,0.39,70.64,12.68,9,0,0.77,1
9.04,9.28,0.38,81.22,18.08,22,0,0.38,1
1.79,4.16,0.59,31.63,3.59,3,0,0.85,1
6.75,8.53,0.02,66.21,13.5,7,0,0.66,1
3.03,3.72,0.04,37.41,6.07,1,1,0.92,1
14.81,35.63,0.29,102.01,29.63,13,0,0.73,1
8.64,13.8,0.04,99.21,17.27,7,0,0.8,1
10.47,20.42,0.39,141.79,20.94,22,0,0.83,1
5.22,6.3,0.19,75.49,10.44,21,0,0.58,1
1.87,2.61,0.12,40.31,3.75,13,0,0.81,1
14.65,24.14,0.14,168.63,29.3,7,0,0.76,1
4.65,5.57,0.52,74.38,9.3,17,0,0.81,1
6.65,15.59,0.2,97.44,13.29,7,0,0.72,1
9.92,12.17,0.26,123.68,19.85,9,0,0.63,1
0.86,0.95,0.13,28.59,1.72,3,1,0.53,1
12.25,13.48,0.23,107.42,24.5,10,0,0.69,1
8.28,9.88,0.26,66.69,16.56,13,0,0.82,1
4.53,8.15,0.19,45.62,9.07,22,1,0.69,1
1.39,1.41,0.08,34.15,2.79,15,0,0.77,1
2.86,5.34,0.33,34.85,5.71,9,0,0.27,1
13.48,18.49,0.05,164.41,26.96,14,1,0.86,1
10.45,28.17,0.6,99.04,20.89,7,0,0.81,1
4.12,4.18,0.24,46.16,8.25,14,0,0.75,1
1.45,1.87,0.16,31.4,2.9,18,0,0.88,1
10.51,12.9,0.13,124.33,21.03,7,0,0.72,1
8.8,29.4,0.52,80.95,17.6,16,0,0.85,1
6.37,7.74,0.55,59.56,12.73,17,0,0.69,1
5.77,6.95,0.4,78.68,11.54,1,0,0.64,1
3.64,4.83,0.3,60.68,7.29,4,0,0.74,1
10.21,21.77,0.11,112.89,20.42,15,0,0.52,1
14.57,23.61,0.27,146.32,29.15,23,1,0.87,1
3.05,9.16,0.19,51.34,6.1,16,0,0.87,1
9.16,15.17,0.1,112.76,18.32,14,0,0.97,1
6.65,15.36,0.4,53.55,13.3,18,0,0.69,1
6.98,13.63,0.09,68.65,13.95,23,0,0.72,1
4.19,11.25,0.18,68.23,8.37,22,0,0.72,1
12.46,29.5,0.15,166.1,24.93,21,0,0.64,1
7.54,24.51,0.18,84.6,15.07,14,1,0.74,1
8.38,8.91,0.28,94.75,16.76,12,0,0.75,1
4.92,7.59,0.27,44.62,9.84,16,1,0.32,1
3.14,5.73,0.27,50.44,6.27,19,0,0.55,1
1.75,2.68,0.53,31.32,3.49,11,1,0.86,1
10.85,15.05,0.26,83.99,21.71,2,0,0.74,1
3.35,3.55,0.28,43.86,6.69,9,0,0.43,1
10.51,27.36,0.29,121.43,21.01,9,1,0.55,1
6.16,13.06,0.14,69.62,12.32,22,1,0.71,1
6.53,6.65,0.48,68.6,13.06,12,0,0.57,1
7.3,13.82,0.21,93.67,14.61,23,0,0.78,1
5.83,21.85,0.37,82.38,11.66,6,0,0.76,1
1.96,5.43,0.16,41.71,3.92,4,0,0.78,1
4.99,18.5,0.42,60.48,9.98,8,0,0.71,1
10.12,10.2,0.14,121.49,20.25,3,0,0.69,1
10.15,22.11,0.45,133.69,20.31,2,0,0.96,1
4.65,4.93,0.06,72.84,9.3,10,0,0.57,1
7.17,7.19,0.13,80.56,14.34,23,0,0.27,1
3.3,4.72,0.72,44.75,6.61,16,0,0.44,1
3.55,12.92,0.43,60.12,7.1,1,0,0.57,1
0.83,2.68,0.2,25.7,1.67,20,0,0.99,1
13.5,22.09,0.25,162.83,27.01,8,0,0.84,1
3.56,6.41,0.39,60.39,7.11,5,0,0.52,1
3.8,5.39,0.27,58.67,7.6,22,0,0.56,1
4.55,7.86,0.52,64.44,9.11,11,0,0.76,1
2.35,2.47,0.15,32.57,4.69,18,0,0.67,1
9.77,15.01,0.28,82.76,19.54,20,0,0.52,1
1.59,2.06,0.33,35.36,3.18,3,0,0.51,1
2.45,2.65,0.31,45.67,4.89,10,0,0.57,1
9.85,27.35,0.22,73.62,19.7,4,0,0.54,0
5.43,12.85,0.24,47.85,10.85,19,0,0.57,1
10.77,32.57,0.28,97.3,21.53,5,1,0.72,1
8.58,24.19,0.56,101.66,17.17,19,0,0.73,1
4.21,6.64,0.19,56.16,8.42,21,0,0.4,1
9.94,20.24,0.5,70.27,19.87,15,0,0.69,1
2.19,3.85,0.49,33.25,4.37,10,0,0.6,1
8.28,8.39,0.45,104.98,16.56,23,0,0.75,1
6.84,18.61,0.15,68.44,13.68,8,1,0.84,1
4.38,6.69,0.22,45.52,8.77,21,0,0.78,1
9.26,28.56,0.35,69.59,18.52,22,0,0.51,1
13.13,26.87,0.42,163.86,26.27,1,0,0.72,1
14.98,23.21,0.36,144.39,29.97,3,0,0.85,1
9.31,9.7,0.4,99.4,18.63,15,1,0.62,1
6.37,11.72,0.12,54.58,12.74,3,0,0.26,1
3.77,12.61,0.14,51.71,7.53,8,1,0.81,1
4.23,7.81,0.14,60.25,8.46,21,0,0.51,1
7.45,20.74,0.25,63.67,14.9,7,0,0.9,1
5.83,13.79,0.34,85.93,11.65,6,0,0.64,1
13.75,19.27,0.16,164.15,27.5,17,1,0.85,1
5.84,19.43,0.5,81.98,11.68,20,0,0.55,1
5.91,9.88,0.44,71.79,11.83,8,0,0.65,1
6.06,8.57,0.51,64.47,12.12,9,0,0.77,1
12.63,22.3,0.68,139.78,25.26,21,0,0.88,1
9.94,37.59,0.16,85.36,19.87,10,0,0.76,1
9.41,9.51,0.33,76.04,18.81,1,0,0.74,1
5.35,10.17,0.19,66.87,10.69,18,0,0.75,1
12.36,14.82,0.04,123.21,24.72,9,0,0.52,1
1.06,2.14,0.22,26.39,2.11,14,0,0.83,1
13.13,21.65,0.72,134.37,26.25,17,0,0.35,1
7.93,14.66,0.63,90.03,15.87,4,0,0.77,1
6.27,12.38,0.19,89.65,12.55,11,0,0.41,1
7.71,28.94,0.23,99.51,15.42,7,0,0.7,1
10.18,19.57,0.2,86.39,20.36,5,0,0.64,1
0.69,0.75,0.18,27.35,1.37,23,0,0.64,1
13.14,17.11,0.3,174.8,26.28,0,1,0.75,1
6.98,19.43,0.4,89.89,13.96,12,0,0.69,1
5.47,7.89,0.32,77.52,10.95,14,0,0.77,1
2.5,2.72,0.02,37.19,5.01,10,0,0.8,1
6.87,8.87,0.09,102.08,13.74,22,1,0.28,1
7.7,21.29,0.23,67.99,15.39,3,1,0.94,1
6.35,7.05,0.09,85.16,12.71,7,1,0.53,1
10.34,21.72,0.13,100.31,20.68,6,0,0.75,1
6.6,11.18,0.24,69.51,13.21,12,0,0.84,1
14.44,22.4,0.14,121.03,28.88,20,0,0.8,1
9.19,10.35,0.03,94.32,18.38,4,1,0.84,1
12.21,12.87,0.32,148.63,24.42,0,0,0.52,1
2.09,2.2,0.07,44.17,4.17,15,0,0.69,1
6.26,24.46,0.06,69.55,12.52,10,0,0.81,1
5.38,5.72,0.21,71.48,10.77,21,0,0.65,1
8.76,30.12,0.22,112.11,17.51,17,0,0.83,1
12.99,28.9,0.37,94.0,25.97,23,0,0.76,1
1.64,2.57,0.26,39.18,3.27,8,0,0.71,1
1.55,2.55,0.36,30.06,3.1,3,0,0.86,1
12.83,18.24,0.24,166.33,25.66,6,0,0.41,1
3.59,5.88,0.19,62.7,7.17,22,0,0.44,1
10.2,10.72,0.37,78.15,20.39,6,0,0.8,1
8.37,19.45,0.1,114.18,16.74,12,0,0.69,1
12.58,27.61,0.02,139.31,25.15,18,0,0.68,1
2.31,2.46,0.09,44.82,4.63,6,0,0.68,1
2.38,7.74,0.33,33.73,4.76,20,0,0.89,1
8.57,12.12,0.31,112.94,17.15,6,0,0.63,1
14.22,18.68,0.26,153.44,28.44,12,0,0.74,1
6.52,10.36,0.04,75.88,13.03,3,0,0.74,1
5.24,6.8,0.16,66.75,10.48,11,0,0.86,1
9.3,24.49,0.31,114.93,18.59,7,0,0.74,1
13.99,15.73,0.25,119.11,27.98,15,0,0.76,1
12.64,35.59,0.14,166.63,25.27,10,1,0.51,1
14.93,27.12,0.39,126.83,29.87,3,0,0.52,1
0.83,2.7,0.19,29.22,1.65,20,0,0.56,1
2.14,3.24,0.16,30.86,4.27,14,0,0.66,1
9.34,12.41,0.29,126.59,18.67,11,0,0.58,1
12.4,12.97,0.19,155.9,24.8,22,0,0.69,1
4.64,5.76,0.61,47.21,9.27,1,0,0.66,1
3.97,6.05,0.29,60.31,7.94,22,0,0.37,1
11.91,12.55,0.31,110.75,23.82,22,0,0.64,1
1.32,2.16,0.27,31.01,2.64,5,0,0.59,1
5.86,8.73,0.03,52.09,11.71,17,0,0.84,1
7.83,11.24,0.33,70.83,15.67,23,0,0.77,1
8.63,15.47,0.26,120.7,17.25,21,0,0.87,1
11.06,12.59,0.06,107.7,22.13,11,0,0.88,1
5.65,14.52,0.04,49.25,11.29,15,0,1.0,1
9.38,14.09,0.39,100.75,18.77,0,0,0.59,1
8.99,11.35,0.22,127.52,17.98,18,0,0.79,1
8.44,9.1,0.28,81.87,16.88,3,0,0.64,1
9.79,10.72,0.64,78.61,19.57,9,0,0.65,1
4.26,6.75,0.27,60.51,8.52,9,0,0.51,1
1.73,2.36,0.06,39.76,3.45,23,0,0.57,1
2.23,4.09,0.36,44.56,4.46,6,0,0.96,1
3.76,6.25,0.52,56.06,7.51,5,0,0.67,1
7.75,8.34,0.2,68.76,15.51,21,0,0.46,1
12.69,13.38,0.3,153.09,25.37,11,0,0.59,1
10.67,11.58,0.32,134.82,21.34,9,0,0.66,1
11.94,33.75,0.13,150.72,23.88,11,1,0.53,1
5.59,6.3,0.55,63.75,11.18,12,1,0.8,1
6.37,6.62,0.43,70.06,12.73,14,0,0.67,1
6.21,11.92,0.13,57.78,12.42,20,0,0.75,1
3.28,5.14,0.46,54.16,6.56,12,0,0.44,1
1.39,1.66,0.15,34.1,2.78,18,0,0.52,1
9.07,13.5,0.26,71.67,18.14,15,0,0.53,1
14.84,14.92,0.44,96.31,29.69,10,1,0.85,1
2.92,4.93,0.35,54.04,5.84,0,1,0.66,1
1.18,1.5,0.41,26.03,2.35,17,0,0.75,1
11.8,13.98,0.09,130.95,23.61,6,0,1.0,1
4.16,6.71,0.45,54.03,8.32,11,0,0.6,1
12.53,14.04,0.28,150.84,25.06,17,0,0.68,1
10.71,16.23,0.07,80.11,21.41,11,0,0.67,1
14.21,25.44,0.35,158.95,28.42,8,0,0.5,1
6.43,19.43,0.27,79.82,12.86,16,0,0.76,1
10.1,18.53,0.08,130.83,20.2,3,0,0.56,1
7.24,9.05,0.13,82.48,14.48,23,0,0.47,1
9.64,10.25,0.25,117.38,19.29,23,0,0.11,1
7.02,16.0,0.37,76.6,14.04,3,0,0.71,1
3.24,6.26,0.26,58.46,6.47,19,0,0.72,1
7.86,21.52,0.5,90.12,15.73,19,0,0.8,1
8.16,10.63,0.22,103.89,16.33,0,0,0.92,1
12.25,12.63,0.14,89.24,24.51,2,0,0.69,1
11.17,15.28,0.38,111.99,22.33,18,0,0.69,1
10.12,14.2,0.72,75.19,20.25,20,1,0.43,1
2.14,3.22,0.07,32.55,4.29,7,1,1.0,1
10.95,34.61,0.12,113.54,21.9,20,0,0.24,0
7.75,9.73,0.2,77.9,15.51,19,0,0.67,1
13.46,19.19,0.43,130.66,26.93,22,0,0.93,1
13.84,18.55,0.29,137.25,27.68,0,0,0.62,1
1.3,1.41,0.3,27.95,2.6,5,0,0.49,1
12.4,14.8,0.38,113.75,24.8,8,0,0.79,1
1.05,1.25,0.17,31.54,2.09,17,1,0.98,1
5.82,6.16,0.25,84.04,11.65,8,0,1.0,1
8.36,8.43,0.11,90.54,16.73,22,1,0.55,1
2.65,3.86,0.3,47.12,5.29,22,0,0.77,1
11.32,34.14,0.49,136.33,22.64,19,0,0.88,1
0.62,1.05,0.28,23.3,1.24,9,0,0.79,1
2.94,3.5,0.44,47.32,5.89,15,0,0.77,1
8.92,32.95,0.38,114.85,17.84,20,1,0.62,1
10.86,37.1,0.1,119.44,21.72,11,0,0.65,1
13.79,45.91,0.2,141.24,27.58,5,0,0.61,0
10.73,13.44,0.54,113.55,21.46,13,0,0.49,1
10.24,16.36,0.53,107.62,20.48,21,0,0.55,1
6.22,11.81,0.25,84.97,12.44,7,0,0.56,1
0.52,1.58,0.06,24.93,1.04,14,0,0.84,1
2.24,2.81,0.27,34.59,4.48,9,0,0.79,1
8.25,16.81,0.21,86.28,16.5,4,0,0.66,1
10.29,22.92,0.22,109.52,20.58,19,0,0.61,1
6.55,8.86,0.26,71.98,13.11,15,0,0.35,1
11.09,16.58,0.08,93.93,22.19,23,0,0.64,1
8.07,15.46,0.07,67.38,16.13,7,0,0.73,1
1.58,2.16,0.28,29.17,3.15,10,1,1.0,1
3.28,7.24,0.03,43.23,6.57,2,0,0.85,1
12.68,14.99,0.18,119.14,25.36,1,0,0.71,1
11.01,26.09,0.34,127.69,22.02,0,0,0.69,1
13.47,36.5,0.35,180.27,26.95,0,0,0.53,1
2.2,2.63,0.72,44.87,4.41,19,1,0.73,1
14.86,19.03,0.34,178.92,29.72,9,0,0.73,1
3.54,9.14,0.45,57.83,7.07,17,0,0.74,1
0.67,1.99,0.4,26.15,1.34,15,0,0.56,1
14.96,17.03,0.07,121.29,29.93,18,0,0.95,1
4.58,5.5,0.29,57.99,9.15,15,0,0.98,1
10.19,20.56,0.39,81.1,20.37,2,0,0.69,1
3.06,4.12,0.12,47.45,6.12,6,0,0.82,1
8.91,25.98,0.19,66.0,17.83,5,0,0.46,1
13.61,21.59,0.34,106.09,27.22,10,0,0.51,1
5.14,19.48,0.27,71.35,10.29,4,0,0.79,1
10.22,18.79,0.15,90.9,20.44,8,0,0.78,1
3.22,10.53,0.43,45.6,6.45,3,0,0.78,1
9.56,15.77,0.29,123.48,19.12,11,1,0.7,1
5.38,9.5,0.28,48.57,10.76,9,0,0.82,1
3.56,6.11,0.56,38.38,7.13,2,0,0.54,1
5.04,17.75,0.19,53.29,10.08,22,0,0.65,1
3.09,5.93,0.19,50.29,6.19,6,0,1.0,1
13.58,16.61,0.2,110.33,27.16,1,0,0.67,1
6.26,11.88,0.24,89.14,12.52,7,0,0.86,1
4.06,5.16,0.16,50.27,8.11,12,0,0.66,1
7.0,13.28,0.31,68.91,14.0,14,0,0.74,1
5.15,9.07,0.25,54.13,10.3,0,0,0.86,1
11.29,16.78,0.38,121.85,22.59,1,0,0.52,1
14.58,15.14,0.46,180.32,29.17,17,0,0.9,1
6.85,20.66,0.29,73.73,13.7,23,0,0.65,1
12.98,47.27,0.43,107.88,25.97,18,0,0.78,0
8.71,12.33,0.5,89.17,17.41,6,0,0.59,1
2.78,2.89,0.28,51.51,5.56,21,0,0.61,1
10.51,10.6,0.63,97.19,21.03,1,0,0.48,1
7.94,12.96,0.36,96.19,15.89,15,0,0.56,1
9.93,16.53,0.4,92.6,19.87,15,1,0.7,1
13.4,18.26,0.01,150.3,26.8,22,0,0.71,1
6.89,10.33,0.16,96.9,13.77,3,0,0.81,1
13.57,18.7,0.39,144.68,27.13,16,0,0.66,1
11.38,12.57,0.66,152.43,22.77,13,0,0.85,1
7.58,9.37,0.07,89.86,15.17,7,0,0.86,1
9.25,14.85,0.3,129.33,18.49,8,0,0.61,1
5.22,8.75,0.29,72.55,10.44,7,0,0.14,1
14.76,20.23,0.44,161.27,29.52,17,0,0.75,1
10.18,17.2,0.51,130.0,20.35,6,1,0.69,1
1.14,1.91,0.31,25.77,2.27,12,1,0.52,1
5.24,19.97,0.28,55.61,10.47,0,0,0.93,1
9.54,25.06,0.47,82.12,19.08,20,0,0.63,1
1.32,2.14,0.06,27.61,2.63,7,0,0.54,1
0.85,0.98,0.58,29.79,1.69,8,0,1.0,1
7.03,15.3,0.29,61.57,14.05,18,0,0.65,1
5.32,8.29,0.35,56.42,10.65,23,0,0.7,1
6.86,13.48,0.23,70.36,13.71,14,0,0.76,1
4.31,13.11,0.19,60.39,8.62,2,0,0.5,1
2.89,2.98,0.13,49.96,5.78,23,0,0.59,1
10.49,11.78,0.65,116.88,20.99,20,0,0.67,1
7.96,25.78,0.23,101.54,15.92,22,0,0.93,1
3.4,4.31,0.66,46.59,6.8,10,0,0.56,1
5.13,10.05,0.2,81.46,10.27,13,0,0.85,1
9.08,9.12,0.21,76.22,18.16,11,0,0.77,1
1.55,3.25,0.43,32.07,3.09,21,0,0.68,1
2.64,6.15,0.17,48.56,5.28,4,0,0.59,1
1.56,2.31,0.4,30.51,3.12,1,0,0.54,1
12.28,14.01,0.03,145.93,24.56,22,0,1.0,1
11.41,28.93,0.28,106.14,22.82,6,1,0.87,1
11.42,14.61,0.16,91.32,22.85,4,0,0.66,1
10.89,36.77,0.07,105.17,21.77,2,0,0.68,1
10.21,10.87,0.22,127.1,20.41,9,0,0.61,1
7.42,23.86,0.56,62.89,14.83,10,0,0.48,1
9.81,10.49,0.08,104.52,19.63,7,0,0.61,1
1.06,1.71,0.28,30.76,2.11,5,0,0.63,1
9.51,16.23,0.16,117.59,19.02,11,0,0.92,1
11.78,12.02,0.18,111.02,23.56,12,0,0.71,1
7.76,7.81,0.18,84.1,15.51,1,1,0.61,1
5.68,7.71,0.24,82.51,11.37,22,0,0.96,1
4.52,13.1,0.12,49.21,9.05,20,0,0.59,1
9.82,15.6,0.2,137.34,19.64,15,0,0.66,1
10.55,16.3,0.05,103.68,21.09,23,0,0.89,1
13.13,20.65,0.42,110.96,26.26,21,0,0.54,1
5.46,8.07,0.11,47.42,10.93,12,0,0.59,1
11.66,44.17,0.21,88.51,23.32,8,0,0.61,0
8.64,11.03,0.35,108.95,17.28,12,0,0.75,1
13.3,16.96,0.78,146.95,26.6,14,0,0.45,1
8.15,24.22,0.07,74.84,16.31,7,0,0.67,1
8.01,11.81,0.1,111.98,16.01,22,0,0.53,1
8.88,13.13,0.77,116.34,17.76,16,0,0.66,1
11.37,14.92,0.18,98.25,22.73,9,0,0.78,1
14.49,46.13,0.05,125.92,28.98,8,1,0.53,0
1.57,2.18,0.31,29.86,3.13,23,0,0.51,1
1.27,2.77,0.24,32.11,2.55,16,0,0.62,1
14.09,22.36,0.27,159.65,28.19,16,1,0.62,1
8.18,9.86,0.23,83.59,16.37,18,0,0.81,1
9.42,12.08,0.24,115.67,18.83,18,0,0.41,1
7.5,22.1,0.6,109.5,14.99,1,0,0.67,1
1.86,2.68,0.2,37.25,3.72,10,0,0.55,1
11.64,11.91,0.07,131.08,23.27,7,0,0.5,1
11.33,30.84,0.43,106.34,22.67,20,0,0.53,1
5.02,5.64,0.08,45.47,10.04,16,0,0.57,1
4.94,6.36,0.18,77.69,9.88,0,0,0.51,1
12.65,15.23,0.4,151.63,25.3,17,0,0.55,1
1.55,3.36,0.33,35.29,3.1,6,0,0.66,1
13.28,28.49,0.09,89.15,26.55,8,0,0.53,1
4.22,4.54,0.11,63.54,8.44,8,0,0.69,1
9.1,17.5,0.26,108.17,18.2,9,0,0.76,1
14.07,47.34,0.4,146.4,28.14,15,0,0.73,0
10.33,14.75,0.55,116.77,20.67,10,0,0.63,1
6.51,18.94,0.24,94.39,13.02,5,0,0.72,1
10.5,12.39,0.47,72.98,21.0,11,1,0.46,1
5.49,7.5,0.5,53.47,10.98,20,0,0.49,1
4.52,4.99,0.38,70.91,9.04,9,0,0.74,1
14.95,17.83,0.07,95.62,29.9,15,0,0.64,1
11.39,34.08,0.18,148.96,22.77,23,0,0.65,1
9.85,18.38,0.2,71.28,19.7,21,0,0.62,1
5.65,6.8,0.48,79.09,11.3,23,0,0.81,1
1.21,2.15,0.26,33.63,2.43,13,0,0.92,1
0.95,0.97,0.56,28.83,1.9,16,0,0.6,1
8.54,10.65,0.47,101.0,17.07,19,0,0.69,1
11.55,44.15,0.44,81.84,23.1,4,0,0.8,0
8.29,9.11,0.3,73.7,16.58,3,0,0.78,1
12.69,38.98,0.2,163.37,25.38,21,1,0.56,1
0.98,2.77,0.27,30.6,1.97,12,1,0.42,1
5.82,7.26,0.45,51.51,11.64,6,0,0.97,1
3.94,4.38,0.37,62.1,7.88,10,0,0.53,1
6.99,10.71,0.16,75.63,13.97,10,0,0.95,1
1.55,3.32,0.06,33.83,3.1,23,0,1.0,1
14.33,27.92,0.28,102.55,28.67,23,0,0.78,1
3.74,7.37,0.28,49.11,7.47,20,0,0.82,1
13.87,28.03,0.35,131.6,27.75,23,0,0.66,1
6.68,15.45,0.31,84.66,13.35,11,0,0.71,1
14.79,20.93,0.33,162.03,29.58,2,0,0.56,1
8.53,9.22,0.49,95.46,17.07,11,0,0.89,1
14.0,29.14,0.47,93.07,27.99,2,0,1.0,1
0.58,1.48,0.32,23.54,1.16,0,0,0.89,1
11.35,12.91,0.42,89.48,22.7,9,0,0.65,1
13.59,16.86,0.22,172.45,27.19,0,0,0.53,1
2.53,2.66,0.32,48.57,5.05,0,0,0.99,1
1.89,5.06,0.46,40.16,3.79,10,0,0.52,1
6.66,18.58,0.34,61.43,13.31,15,0,0.74,1
14.04,21.4,0.03,172.75,28.08,2,0,0.83,1
8.36,11.77,0.25,72.81,16.73,23,0,0.87,1
8.15,13.35,0.74,92.37,16.3,2,0,0.89,1
2.55,3.64,0.05,45.81,5.09,7,1,0.66,1
0.51,1.33,0.34,22.74,1.02,12,0,0.62,1
12.25,20.09,0.3,132.5,24.49,15,0,0.52,1
1.77,2.38,0.39,31.96,3.54,14,0,0.38,1
9.69,16.87,0.51,102.23,19.38,9,1,0.71,1
13.76,18.12,0.14,125.79,27.52,16,0,0.88,1
3.53,5.99,0.38,54.57,7.05,2,1,0.6,1
10.15,20.28,0.12,105.48,20.29,13,1,0.75,1
1.64,3.44,0.36,31.67,3.28,0,0,0.78,1
9.25,16.58,0.21,125.25,18.51,8,0,0.63,1
2.88,10.76,0.07,53.7,5.75,18,0,0.8,1
11.17,14.87,0.32,138.57,22.34,9,0,1.0,1
4.87,5.51,0.39,64.13,9.74,20,0,0.69,1
7.22,13.99,0.31,100.79,14.44,10,0,0.75,1
9.19,32.31,0.08,104.67,18.38,13,0,0.72,1
2.98,3.01,0.15,38.03,5.97,15,0,0.43,1
11.25,25.13,0.62,77.64,22.51,6,0,0.38,1
4.89,14.17,0.17,69.28,9.78,8,0,0.72,1
10.1,19.16,0.08,123.75,20.21,12,0,0.69,1
2.8,3.48,0.2,52.09,5.59,6,1,0.59,1
10.48,22.27,0.25,132.84,20.96,0,0,0.71,1
2.36,3.46,0.34,42.35,4.72,22,1,0.81,1
6.67,11.87,0.41,62.22,13.34,6,0,0.51,1
4.08,12.07,0.19,57.41,8.17,1,0,0.6,1
11.35,22.81,0.24,111.3,22.7,22,0,0.28,1
4.3,5.42,0.32,48.48,8.6,1,0,0.8,1
13.28,18.74,0.38,160.74,26.57,0,0,0.86,1
13.43,39.52,0.35,101.22,26.86,8,1,0.74,0
3.35,8.99,0.29,51.52,6.7,9,0,0.46,1
9.4,12.87,0.45,107.19,18.8,9,0,0.85,1
1.77,2.06,0.33,32.63,3.54,4,0,0.77,1
6.18,12.06,0.38,69.45,12.35,6,0,0.6,1
10.84,15.57,0.13,83.06,21.69,9,0,0.82,1
10.06,26.62,0.17,72.11,20.12,21,0,0.77,1
9.56,19.77,0.53,68.66,19.12,23,0,0.57,1
4.6,17.33,0.35,48.59,9.19,2,0,0.51,1
5.98,7.24,0.63,86.21,11.96,11,0,0.6,1
1.99,3.62,0.25,37.25,3.99,19,0,0.71,1
10.93,12.67,0.12,83.59,21.85,15,0,0.83,1
7.81,9.99,0.67,108.51,15.61,17,0,0.6,1
10.78,12.37,0.4,116.8,21.55,15,0,0.61,1
4.11,8.85,0.49,41.35,8.22,20,0,0.56,1
5.2,13.38,0.15,73.81,10.41,9,0,0.84,1
5.35,5.46,0.49,64.45,10.69,0,0,0.82,1
0.87,1.11,0.21,27.62,1.75,15,0,0.63,1
5.45,6.22,0.53,70.6,10.89,4,0,0.5,1
12.15,46.75,0.09,88.77,24.3,23,1,0.71,0
13.51,26.19,0.22,177.19,27.02,11,0,0.46,1
8.01,9.93,0.5,74.4,16.03,15,0,0.51,1
7.1,23.03,0.39,86.45,14.21,21,0,0.83,1
0.95,1.4,0.04,30.41,1.89,13,0,1.0,1
13.25,23.17,0.22,117.02,26.5,9,0,0.37,1
0.69,2.62,0.39,26.47,1.38,15,0,0.77,1
14.2,33.25,0.46,189.28,28.4,14,0,0.3,1
7.59,16.38,0.15,103.25,15.19,21,0,0.67,1
5.46,16.35,0.09,77.06,10.92,10,0,0.6,1
13.9,19.21,0.12,132.25,27.8,5,0,0.77,1
0.85,1.98,0.09,26.96,1.71,18,1,0.76,1
8.93,19.49,0.52,95.01,17.86,14,0,0.82,1
8.46,9.16,0.2,103.18,16.92,12,0,0.5,1
3.68,6.13,0.33,42.12,7.36,18,0,0.76,1
6.72,12.35,0.26,94.09,13.44,0,0,0.73,1
9.96,12.56,0.18,71.05,19.92,9,0,0.68,1
11.04,11.85,0.16,88.36,22.09,23,0,0.84,1
0.51,1.9,0.47,24.27,1.02,10,0,0.91,1
14.08,24.03,0.19,115.28,28.17,11,1,0.73,1
2.89,4.08,0.31,41.81,5.77,13,0,0.45,1
3.89,7.95,0.21,48.48,7.77,15,1,0.87,1
4.32,5.21,0.31,49.74,8.64,6,0,0.67,1
1.05,1.07,0.52,28.03,2.1,20,0,0.78,1
2.28,2.39,0.2,39.5,4.57,3,1,0.69,1
14.8,32.93,0.15,143.37,29.6,15,0,0.46,1
5.07,12.08,0.23,74.17,10.14,18,0,0.59,1
2.17,2.24,0.24,35.54,4.34,2,0,0.83,1
2.05,3.45,0.27,34.3,4.1,8,1,0.53,1
10.93,26.91,0.02,113.26,21.86,16,0,0.66,1
12.89,16.52,0.04,88.78,25.78,3,0,0.86,1
4.23,9.12,0.22,44.44,8.45,8,0,0.83,1
0.8,1.78,0.19,28.53,1.61,13,1,0.96,1
3.73,4.11,0.47,51.58,7.47,11,0,0.7,1
1.32,3.55,0.35,27.21,2.64,18,0,0.79,1
2.0,6.7,0.19,36.16,4.0,20,0,0.73,1
6.76,14.95,0.28,72.62,13.51,10,0,0.43,1
3.83,5.44,0.44,45.77,7.67,3,0,0.86,1
7.98,23.32,0.23,80.69,15.96,12,0,0.69,1
4.18,6.92,0.7,46.38,8.35,13,0,0.71,1
14.14,19.62,0.4,135.13,28.28,9,0,0.78,1
13.64,15.38,0.49,127.18,27.27,15,0,0.7,1
8.72,20.64,0.34,100.67,17.44,19,0,0.47,1
5.64,6.53,0.09,85.38,11.28,19,0,0.47,1
6.03,14.14,0.15,57.96,12.05,5,1,0.67,1
6.47,8.54,0.33,71.27,12.94,11,1,0.62,1
11.05,19.28,0.08,118.74,22.1,15,1,0.65,1
7.05,20.98,0.15,82.23,14.1,7,1,0.54,1
12.92,16.45,0.25,144.44,25.85,2,0,0.58,1
14.19,34.33,0.18,117.56,28.38,14,0,0.56,0
5.37,14.04,0.2,70.71,10.74,17,0,0.61,1
8.63,16.64,0.63,75.3,17.26,7,0,0.66,1
1.88,2.54,0.16,31.04,3.76,8,0,0.83,1
3.41,8.01,0.41,56.87,6.81,22,0,0.86,1
6.5,16.75,0.48,74.02,12.99,19,0,0.9,1
3.49,13.55,0.23,47.16,6.98,22,0,0.68,1
13.21,21.88,0.38,171.91,26.42,11,0,0.61,1
2.8,4.89,0.16,47.86,5.59,14,0,0.49,1
7.11,16.71,0.56,89.22,14.21,11,0,0.75,1
9.28,31.98,0.41,79.04,18.57,14,0,0.68,1
10.53,18.41,0.22,88.09,21.06,17,1,0.71,1
6.05,7.2,0.02,70.75,12.11,2,0,0.73,1
13.1,16.66,0.39,145.33,26.2,17,0,0.87,1
8.74,9.76,0.12,87.89,17.48,7,0,0.77,1
6.87,26.72,0.22,57.45,13.75,17,0,0.75,1
1.47,1.51,0.39,34.43,2.95,9,0,0.57,1
7.24,14.3,0.23,95.39,14.48,6,0,0.93,1
12.4,12.49,0.38,163.97,24.8,1,0,0.69,1
9.41,21.41,0.26,93.98,18.82,17,0,0.68,1
12.57,20.82,0.2,105.53,25.13,9,0,0.77,1
7.66,14.87,0.04,107.98,15.33,18,0,0.58,1
2.22,4.29,0.45,42.19,4.44,2,0,0.8,1
0.7,0.79,0.33,23.8,1.4,5,0,0.94,1
4.9,6.05,0.59,64.36,9.79,9,0,0.61,1
10.62,10.68,0.05,75.23,21.24,19,0,0.71,1
11.96,16.84,0.13,98.76,23.92,9,0,0.63,1
4.79,8.01,0.26,46.32,9.58,12,0,0.75,1
7.69,24.21,0.2,69.46,15.37,20,0,0.79,1
6.61,6.62,0.19,75.69,13.21,23,0,0.77,1
6.45,9.72,0.12,65.76,12.91,9,0,0.82,1
3.85,4.97,0.29,41.65,7.71,18,0,0.49,1
2.48,4.46,0.35,40.75,4.95,13,0,0.8,1
3.35,5.07,0.22,53.38,6.7,10,0,0.72,1
1.3,1.36,0.53,27.0,2.6,19,0,1.0,1
3.37,9.0,0.39,57.7,6.75,15,0,0.67,1
0.63,1.35,0.17,26.06,1.27,2,0,0.97,1
9.6,26.36,0.18,102.87,19.19,12,0,0.87,1
5.09,6.03,0.19,59.55,10.17,13,0,0.85,1
14.61,49.27,0.33,133.28,29.22,8,0,0.71,0
3.31,10.63,0.25,44.32,6.62,3,0,0.94,1
5.51,11.64,0.25,52.04,11.03,21,0,0.56,1
5.69,8.95,0.4,51.6,11.38,13,1,0.8,1
0.62,1.12,0.55,24.46,1.25,10,0,0.99,1
12.67,44.67,0.55,142.5,25.34,11,0,0.65,0
0.96,1.0,0.22,26.77,1.93,22,0,0.78,1
14.13,14.65,0.35,171.02,28.27,16,0,0.56,1
13.44,29.24,0.41,122.94,26.87,15,0,0.99,1
8.27,10.35,0.19,97.84,16.53,0,0,0.65,1
8.38,12.26,0.43,87.25,16.76,15,0,0.69,1
9.98,23.31,0.33,104.68,19.96,17,0,0.61,1
6.11,13.69,0.36,61.26,12.22,10,0,0.64,1
9.88,15.99,0.48,104.98,19.77,1,0,0.66,1
1.15,2.04,0.53,26.64,2.3,15,0,0.77,1
1.28,2.74,0.25,29.89,2.57,15,0,0.67,1
7.13,8.33,0.34,78.02,14.26,3,0,0.37,1
8.47,13.86,0.41,104.09,16.94,0,0,0.78,1
13.37,18.04,0.28,124.33,26.75,10,0,0.97,1
2.02,5.15,0.1,39.49,4.04,6,0,0.48,1
12.43,19.12,0.22,97.33,24.86,5,0,0.76,1
3.55,7.26,0.12,38.35,7.09,5,1,1.0,1
6.21,9.64,0.15,73.08,12.43,19,0,0.65,1
5.09,6.09,0.24,62.34,10.18,23,0,0.7,1
6.3,7.62,0.36,81.06,12.6,17,0,0.61,1
2.68,5.2,0.27,39.3,5.36,7,0,0.88,1
7.8,10.12,0.3,60.64,15.6,5,0,0.84,1
12.12,12.68,0.34,142.03,24.25,7,0,0.57,1
6.9,9.6,0.13,100.03,13.8,2,0,0.74,1
7.61,21.07,0.56,79.08,15.23,3,0,0.59,1
12.81,16.86,0.13,138.82,25.61,5,1,0.6,1
10.74,32.67,0.05,114.63,21.48,16,1,0.59,0
7.61,8.42,0.52,88.22,15.22,0,0,0.63,1
4.24,6.65,0.19,66.91,8.47,14,0,0.6,1
13.33,24.74,0.26,155.37,26.66,14,0,0.71,1
8.87,30.29,0.28,112.11,17.73,11,0,0.94,1
3.71,6.92,0.15,40.87,7.41,23,0,0.6,1
4.4,4.75,0.17,46.53,8.8,5,0,0.58,1
12.15,45.7,0.16,137.12,24.29,19,1,0.77,0
1.14,1.88,0.38,30.01,2.28,4,0,0.62,1
14.89,15.7,0.07,175.1,29.77,6,0,0.57,1
2.39,4.38,0.19,33.51,4.78,7,0,0.73,1
12.04,21.09,0.17,127.97,24.09,9,0,0.69,1
6.22,9.1,0.31,72.3,12.45,6,0,0.64,1
7.64,12.79,0.18,103.88,15.27,6,1,0.84,1
13.27,35.25,0.44,103.73,26.54,22,0,0.64,0
6.49,24.58,0.08,68.27,12.97,13,0,0.87,1
8.29,11.72,0.01,70.2,16.59,3,0,0.75,1
1.21,1.29,0.3,29.92,2.43,20,0,0.48,1
0.53,1.62,0.25,25.97,1.07,9,0,0.76,1
4.05,9.92,0.3,59.25,8.1,12,0,0.63,1
10.37,19.65,0.26,125.86,20.74,6,1,0.51,1
2.26,2.64,0.01,32.77,4.52,2,0,0.7,1
2.15,4.76,0.27,37.55,4.3,4,0,0.63,1
6.46,7.09,0.37,90.21,12.92,22,0,1.0,1
9.89,33.97,0.28,127.47,19.79,17,1,0.64,1
10.83,11.33,0.33,148.99,21.65,6,0,0.73,1
3.09,4.6,0.25,46.81,6.18,5,0,0.57,1
1.65,2.22,0.08,28.29,3.31,7,0,0.68,1
14.14,26.89,0.43,179.64,28.27,6,0,0.78,1
4.28,5.12,0.4,70.04,8.56,19,0,1.0,1
12.87,34.34,0.04,167.97,25.75,20,0,0.74,1
13.02,45.42,0.54,155.46,26.04,10,0,0.47,0
11.7,21.41,0.13,95.87,23.4,9,0,0.93,1
2.95,3.31,0.4,37.61,5.9,5,1,0.84,1
12.42,15.21,0.17,143.0,24.83,17,1,0.28,1
11.65,18.27,0.36,89.73,23.31,5,0,0.47,1
9.15,13.48,0.56,126.84,18.3,9,0,0.63,1
5.39,15.51,0.48,63.77,10.78,8,1,0.56,1
4.31,4.89,0.06,42.46,8.61,7,0,0.69,1
2.27,2.7,0.28,33.73,4.53,11,1,0.62,1
7.89,10.63,0.39,75.5,15.78,20,0,0.84,1
8.99,14.99,0.34,109.2,17.97,20,0,0.86,1
5.71,5.87,0.4,78.02,11.42,9,0,0.52,1
7.39,8.13,0.11,67.99,14.79,11,0,1.0,1
5.77,7.87,0.55,75.05,11.54,17,0,0.92,1
9.79,18.52,0.29,71.16,19.59,18,0,0.27,1
13.57,19.02,0.23,97.61,27.14,13,0,0.56,1
2.88,4.22,0.33,45.16,5.75,12,0,0.53,1
6.03,11.05,0.05,79.86,12.06,6,0,0.55,1
2.54,5.3,0.2,48.99,5.09,7,0,0.32,1
9.56,17.22,0.12,97.11,19.12,14,0,0.73,1
11.07,16.27,0.31,84.64,22.14,8,0,0.58,1
14.01,24.54,0.53,181.19,28.03,2,0,0.78,1
4.54,10.15,0.31,56.63,9.09,4,0,1.0,1
14.28,17.4,0.31,141.11,28.56,3,0,0.95,1
1.42,2.19,0.4,35.56,2.83,19,0,0.6,1
9.24,30.73,0.02,104.12,18.49,20,0,0.69,1
1.33,2.52,0.09,29.45,2.66,20,0,0.8,1
13.46,14.73,0.72,138.25,26.92,19,0,0.98,1
8.18,10.02,0.18,96.7,16.36,5,0,0.71,1
10.21,20.72,0.28,134.59,20.41,22,1,0.53,1
12.56,13.17,0.21,103.43,25.12,7,0,0.8,1
2.68,8.72,0.58,43.89,5.36,2,0,0.51,1
1.06,1.09,0.57,32.13,2.12,3,1,0.51,1
13.24,30.5,0.33,90.43,26.49,16,0,0.85,1
5.07,19.73,0.31,52.23,10.13,16,0,0.89,1
2.37,4.12,0.19,37.6,4.74,4,0,0.95,1
7.29,14.05,0.22,91.1,14.59,16,0,0.93,1
9.18,14.02,0.35,119.95,18.35,11,0,0.8,1
0.95,1.12,0.17,26.07,1.9,2,0,0.63,1
4.49,5.09,0.31,50.18,8.97,20,0,0.49,1
0.98,1.77,0.11,30.5,1.95,1,0,0.68,1
6.59,11.52,0.47,59.82,13.19,22,1,0.66,1
13.48,37.32,0.31,112.04,26.96,10,1,0.67,0
14.75,51.63,0.37,169.39,29.5,5,0,0.69,0
9.74,13.32,0.55,80.01,19.47,16,0,0.64,1
2.84,9.53,0.12,50.7,5.69,18,0,0.75,1
13.63,17.04,0.2,134.99,27.27,12,0,0.54,1
7.99,12.2,0.15,84.95,15.97,20,0,0.77,1
2.73,6.84,0.51,36.23,5.46,4,0,0.5,1
13.87,21.18,0.23,155.29,27.73,4,0,0.75,1
11.48,29.65,0.2,148.48,22.97,18,0,0.64,1
11.11,19.19,0.47,129.37,22.22,14,0,0.76,1
10.78,12.69,0.32,97.83,21.57,3,0,0.94,1
3.4,5.71,0.38,53.68,6.81,5,0,0.38,1
3.56,9.85,0.08,50.5,7.12,2,0,0.66,1
10.48,13.22,0.41,135.03,20.96,23,1,0.75,1
3.69,9.45,0.48,50.29,7.37,10,1,0.65,1
6.86,8.53,0.29,65.7,13.72,18,0,0.71,1
11.84,19.42,0.24,87.59,23.68,3,1,0.72,1
11.87,20.1,0.51,102.69,23.73,21,0,0.93,1
7.07,7.96,0.61,83.26,14.14,6,0,0.47,1
11.99,15.34,0.31,94.2,23.97,2,0,0.43,1
12.66,46.09,0.31,86.82,25.32,4,0,0.74,0
9.99,21.17,0.15,101.37,19.99,15,0,0.9,1
3.81,4.22,0.42,48.33,7.62,20,0,0.88,1
4.47,16.96,0.23,55.53,8.95,18,0,0.63,1
5.07,7.69,0.38,61.43,10.13,17,1,0.52,1
2.19,2.76,0.24,42.73,4.39,2,1,0.76,1
4.46,6.23,0.38,72.31,8.92,4,1,0.79,1
3.54,4.31,0.45,44.19,7.08,6,0,0.49,1
7.1,8.94,0.1,102.36,14.2,6,0,0.59,1
13.67,17.78,0.19,110.22,27.34,2,1,0.75,1
2.01,2.33,0.12,40.72,4.03,8,0,0.7,1
10.94,14.9,0.54,126.92,21.89,7,0,0.89,1
10.47,18.97,0.27,76.15,20.93,20,0,0.74,1
1.89,3.13,0.15,39.02,3.78,17,1,0.5,1
13.88,17.62,0.32,176.92,27.75,9,0,0.75,1
8.74,9.64,0.29,120.64,17.49,19,0,0.48,1
5.77,12.71,0.61,76.56,11.55,7,0,0.77,1
11.47,22.64,0.42,140.5,22.94,7,0,0.65,1
4.23,4.46,0.31,43.28,8.46,16,0,1.0,1
10.56,15.44,0.08,84.69,21.11,16,0,0.76,1
1.08,2.8,0.39,27.36,2.15,3,0,0.88,1
12.67,16.95,0.12,130.49,25.34,5,0,0.67,1
7.0,7.05,0.32,73.91,14.0,18,0,0.63,1
9.73,11.22,0.3,113.43,19.46,0,0,0.78,1
3.71,4.58,0.47,50.11,7.42,3,1,0.61,1
10.32,25.41,0.29,127.56,20.64,10,0,0.74,1
11.7,12.9,0.37,136.92,23.39,5,0,0.58,1
7.36,11.42,0.45,95.32,14.72,11,0,0.97,1
9.46,10.31,0.51,122.15,18.91,4,0,0.71,1
7.12,14.31,0.06,97.14,14.23,13,0,0.59,1
13.46,45.41,0.31,160.79,26.93,16,0,0.63,0
7.72,12.72,0.83,62.16,15.44,3,0,0.85,1
12.71,28.09,0.37,138.96,25.41,14,0,0.73,1
12.12,15.41,0.18,82.28,24.24,5,0,0.57,1
6.45,6.67,0.39,85.85,12.9,12,0,0.89,1
3.84,4.99,0.16,40.82,7.67,11,1,0.71,1
6.39,6.98,0.49,95.91,12.78,9,0,0.74,1
12.48,21.16,0.21,136.05,24.96,5,0,0.58,1
3.8,4.59,0.21,43.85,7.6,21,0,0.65,1
8.1,9.19,0.32,87.09,16.21,8,0,0.68,1
12.19,15.56,0.44,151.47,24.38,15,0,0.56,1
5.63,8.92,0.3,55.22,11.25,7,0,0.34,1
9.81,13.64,0.52,105.93,19.62,6,0,0.91,1
4.06,5.24,0.14,40.41,8.12,13,1,0.49,1
2.08,4.74,0.53,41.93,4.17,3,1,0.58,1
12.02,14.02,0.09,96.47,24.04,2,0,0.61,1
1.94,2.01,0.21,34.92,3.87,2,0,0.96,1
4.44,7.4,0.05,58.64,8.87,18,0,0.65,1
12.9,16.63,0.54,97.58,25.8,9,1,0.75,1
5.52,6.88,0.18,83.45,11.05,13,1,0.81,1
14.61,19.57,0.58,140.99,29.22,20,0,0.91,1
14.71,22.27,0.53,117.39,29.41,5,1,0.6,1
4.39,4.82,0.41,64.54,8.78,11,0,0.79,1
1.09,1.86,0.12,32.32,2.19,11,0,0.59,1
10.72,36.25,0.09,142.13,21.45,3,0,0.44,1
7.04,7.97,0.18,76.44,14.08,9,0,0.68,1
1.96,2.6,0.19,34.74,3.92,11,0,0.59,1
10.76,12.13,0.42,143.78,21.52,16,0,0.96,1
0.95,2.69,0.63,25.11,1.9,22,0,0.93,1
13.12,48.04,0.05,154.51,26.24,6,1,0.87,0
2.51,2.64,0.08,35.67,5.02,9,0,0.72,1
2.35,6.5,0.61,39.37,4.69,0,0,0.7,1
3.05,3.55,0.31,55.58,6.09,18,0,0.75,1
14.42,16.63,0.56,150.8,28.85,21,0,0.7,1
10.55,13.5,0.23,111.41,21.1,19,0,0.61,1
12.12,34.78,0.1,85.84,24.24,4,0,0.62,1
6.27,8.35,0.18,63.49,12.53,5,0,0.81,1
5.38,5.86,0.03,47.0,10.75,0,0,1.0,1
3.9,6.85,0.19,63.39,7.8,21,0,0.72,1
7.47,13.33,0.59,91.06,14.94,14,0,0.7,1
8.5,14.6,0.28,69.53,17.0,1,0,0.6,1
9.66,30.99,0.36,92.88,19.32,22,0,0.44,1
4.23,4.6,0.26,65.16,8.46,17,0,0.8,1
14.26,15.81,0.09,105.28,28.51,12,0,0.56,1
2.96,2.97,0.55,39.58,5.92,1,1,0.43,1
14.5,21.05,0.53,147.47,29.0,7,0,0.93,1
0.72,0.88,0.34,24.3,1.43,23,0,0.86,1
7.48,18.6,0.13,77.41,14.95,4,0,0.45,1
5.33,7.11,0.17,83.34,10.67,21,0,1.0,1
7.01,9.51,0.3,81.76,14.02,22,1,0.47,1
8.77,9.48,0.65,106.96,17.55,14,1,0.47,1
6.82,7.81,0.24,85.73,13.63,12,1,0.42,1
6.52,6.83,0.13,62.23,13.03,22,0,0.63,1
11.12,12.34,0.75,141.51,22.25,20,0,0.89,1
10.45,11.59,0.1,81.15,20.89,16,0,0.45,1
12.58,42.25,0.27,164.08,25.16,3,0,0.6,1
4.12,4.66,0.19,46.86,8.25,6,0,0.75,1
9.34,13.23,0.15,129.1,18.68,1,0,0.62,1
8.99,16.78,0.26,115.12,17.97,8,0,0.7,1
5.86,20.05,0.19,56.32,11.72,1,1,0.84,1
7.55,9.95,0.36,66.21,15.1,16,0,0.61,1
5.05,10.18,0.1,48.24,10.1,20,0,0.55,1
2.56,4.26,0.22,37.21,5.11,17,0,0.76,1
3.6,4.73,0.51,54.61,7.2,5,0,0.7,1
2.03,2.17,0.19,37.54,4.06,17,0,0.81,1
10.4,11.97,0.32,116.69,20.81,21,0,0.84,1
10.08,17.15,0.26,72.6,20.16,5,0,0.41,1
14.28,26.41,0.14,99.42,28.57,1,1,0.58,1
11.08,25.78,0.17,129.07,22.16,1,0,0.62,1
1.25,2.37,0.13,33.72,2.51,5,0,0.64,1
13.32,39.97,0.47,120.12,26.64,8,0,0.96,0
13.01,13.3,0.34,100.2,26.02,3,0,0.28,1
6.93,10.18,0.36,69.6,13.86,9,1,0.63,1
9.0,26.01,0.37,90.92,17.99,19,0,0.54,1
14.65,28.47,0.23,157.9,29.31,1,0,0.85,1
8.22,12.45,0.35,84.65,16.44,12,0,0.57,1
13.63,20.98,0.2,173.7,27.25,3,0,0.93,1
1.7,6.16,0.31,33.31,3.41,10,0,0.69,1
3.27,3.4,0.51,40.5,6.54,9,0,0.66,1
6.89,15.09,0.13,66.43,13.78,12,0,0.61,1
8.98,34.25,0.12,94.13,17.96,6,0,0.64,1
12.34,40.14,0.14,149.24,24.67,3,0,0.42,1
14.83,21.64,0.13,184.4,29.66,21,0,0.47,1
6.14,17.37,0.38,58.65,12.28,4,0,0.61,1
1.19,4.22,0.15,25.97,2.38,6,0,0.81,1
12.12,22.66,0.32,154.33,24.23,10,0,0.85,1
9.26,12.92,0.46,81.11,18.53,2,1,0.44,1
3.38,10.12,0.28,56.33,6.76,12,1,0.84,1
7.68,15.82,0.26,87.96,15.35,2,0,0.73,1
11.26,19.99,0.1,108.18,22.53,4,0,0.8,1
11.67,31.58,0.41,90.34,23.34,13,0,0.68,0
7.74,12.3,0.39,95.15,15.49,19,0,0.85,1
4.93,15.69,0.12,72.84,9.85,4,1,0.59,1
14.62,51.32,0.2,140.28,29.24,16,0,0.68,0
10.12,15.81,0.11,102.21,20.24,13,0,0.53,1
6.42,14.73,0.14,86.04,12.84,15,0,0.46,1
4.57,14.2,0.44,58.82,9.13,19,0,0.2,1
11.1,19.55,0.17,136.55,22.2,5,0,0.58,1
4.01,4.28,0.49,41.58,8.02,22,0,0.7,1
2.99,3.77,0.09,52.9,5.98,23,0,0.83,1
8.18,9.5,0.29,75.92,16.37,4,0,0.89,1
4.7,5.2,0.22,49.1,9.41,17,0,1.0,1
9.62,9.82,0.31,70.27,19.24,17,0,0.63,1
2.21,2.69,0.52,43.95,4.42,14,0,0.61,1
10.0,14.15,0.09,74.19,19.99,18,0,1.0,1
4.61,8.79,0.37,73.82,9.22,3,0,0.71,1
0.5,1.3,0.09,24.51,1.01,5,0,0.54,1
2.34,3.06,0.22,43.15,4.68,20,1,0.58,1
14.04,14.09,0.33,161.46,28.07,20,0,0.6,1
13.08,21.78,0.24,112.17,26.15,8,0,0.8,1
3.89,4.9,0.02,61.38,7.77,8,0,0.66,1
11.79,18.97,0.68,157.0,23.57,18,0,0.65,1
9.32,16.25,0.25,90.76,18.65,16,0,0.85,1
14.58,26.14,0.6,178.14,29.16,19,0,0.65,1
5.92,9.42,0.42,81.57,11.83,13,0,0.65,1
10.38,19.77,0.03,114.75,20.76,7,0,0.58,1
1.42,1.75,0.41,30.76,2.84,8,1,0.86,1
6.25,6.9,0.07,69.38,12.49,20,0,0.84,1
14.48,15.87,0.51,123.55,28.95,1,0,0.75,1
8.32,19.76,0.05,86.39,16.63,23,1,0.68,1
4.67,5.07,0.29,75.75,9.35,7,1,0.88,1
2.24,4.43,0.45,36.93,4.49,21,0,0.46,1
10.7,22.2,0.2,123.36,21.4,8,0,0.89,1
9.85,12.39,0.02,91.29,19.7,12,0,0.77,1
5.92,12.38,0.47,68.96,11.84,9,0,0.53,1
14.29,49.32,0.15,99.82,28.58,23,1,0.44,0
0.82,1.55,0.25,28.5,1.64,12,0,0.6,1
4.9,6.2,0.47,67.21,9.81,4,0,0.68,1
13.86,27.98,0.11,122.98,27.71,14,0,0.83,1
5.15,7.14,0.35,64.7,10.31,19,0,0.81,1
4.16,5.58,0.05,66.17,8.32,6,0,0.78,1
8.25,10.3,0.32,63.8,16.49,21,0,0.83,1
12.45,13.49,0.07,163.26,24.89,11,1,0.91,1
2.0,3.47,0.33,36.55,3.99,19,0,1.0,1
14.17,37.81,0.43,176.16,28.35,15,1,0.62,0
12.03,24.59,0.34,152.68,24.06,1,0,0.69,1
3.13,5.45,0.47,36.93,6.26,9,1,0.52,1
10.82,13.78,0.24,133.34,21.65,8,0,0.69,1
6.08,23.41,0.25,81.61,12.16,19,0,0.57,1
6.33,13.01,0.55,53.58,12.67,2,0,0.93,1
11.86,14.2,0.5,157.36,23.72,10,0,0.69,1
14.46,19.2,0.14,156.53,28.92,9,0,0.52,1
2.34,2.93,0.32,34.42,4.67,12,1,0.6,1
6.6,7.68,0.31,58.68,13.2,21,0,0.64,1
7.47,8.92,0.14,86.77,14.95,1,0,0.49,1
5.96,7.82,0.44,52.24,11.91,15,1,0.71,1
5.77,9.95,0.28,55.47,11.53,7,0,0.89,1
1.26,1.27,0.31,34.64,2.52,19,0,0.46,1
10.44,15.43,0.56,126.63,20.88,9,0,0.76,1
6.83,16.97,0.56,83.44,13.65,22,0,0.34,1
3.32,7.08,0.18,41.48,6.65,16,0,0.81,1
12.33,16.01,0.3,100.53,24.66,17,0,0.55,1
12.14,12.86,0.09,118.56,24.27,19,0,0.91,1
7.55,19.67,0.44,97.63,15.11,20,0,0.85,1
4.83,15.48,0.23,44.27,9.66,9,0,0.77,1
9.75,10.7,0.03,71.78,19.5,23,1,0.67,1
4.68,5.0,0.52,71.88,9.36,1,0,0.56,1
3.92,8.58,0.22,61.96,7.84,1,0,0.75,1
11.09,20.81,0.23,129.4,22.18,9,0,0.71,1
1.08,1.46,0.46,29.22,2.17,20,0,0.76,1
1.87,3.77,0.43,31.27,3.75,1,0,0.56,1
0.6,0.66,0.17,23.42,1.2,13,0,0.92,1
2.72,8.22,0.37,50.81,5.44,18,0,0.95,1
1.5,5.39,0.19,31.52,3.0,8,0,0.64,1
14.94,36.76,0.34,167.45,29.88,15,0,0.7,1
4.69,10.09,0.16,58.41,9.38,21,0,0.71,1
2.66,7.96,0.17,46.95,5.33,23,0,0.72,1
3.99,13.35,0.16,45.38,7.99,2,0,0.58,1
14.07,17.23,0.32,138.11,28.15,23,0,0.79,1
8.04,21.55,0.46,81.43,16.08,10,0,0.53,1
5.79,6.19,0.23,58.88,11.58,22,0,0.74,1
13.16,25.03,0.21,140.9,26.33,11,0,0.39,1
6.23,8.27,0.1,74.54,12.45,6,1,0.8,1
5.36,12.79,0.18,65.38,10.72,20,0,0.74,1
3.51,8.15,0.41,52.03,7.01,4,0,0.6,1
5.98,8.78,0.62,55.85,11.96,19,1,0.77,1
5.09,7.59,0.21,58.67,10.18,1,1,0.95,1
10.32,12.49,0.26,95.06,20.64,20,1,0.95,1
4.7,5.74,0.21,68.79,9.4,3,1,0.8,1
8.87,11.78,0.58,66.56,17.74,16,0,0.78,1
1.46,2.48,0.3,30.15,2.91,17,0,0.88,1
3.27,3.57,0.11,57.41,6.55,1,0,0.85,1
6.41,8.94,0.09,65.51,12.81,8,0,0.56,1
14.09,14.19,0.2,105.41,28.17,17,0,0.77,1
5.97,6.91,0.23,81.5,11.94,11,0,0.65,1
10.13,35.76,0.25,74.04,20.26,9,0,0.99,0
4.2,8.56,0.15,53.52,8.4,6,0,0.81,1
2.34,3.45,0.15,45.73,4.68,2,0,0.67,1
1.35,1.7,0.25,35.75,2.7,17,0,0.67,1
4.93,7.44,0.15,53.23,9.86,23,0,0.47,1
2.79,3.32,0.39,39.71,5.57,1,0,0.73,1
3.02,6.54,0.2,47.12,6.05,2,0,0.61,1
11.53,29.72,0.15,95.94,23.06,14,0,0.73,1
0.73,2.51,0.29,24.42,1.46,8,0,1.0,1
8.59,12.63,0.16,88.55,17.18,2,0,0.7,1
6.0,7.83,0.31,53.05,12.0,5,0,0.48,1
7.84,15.86,0.24,108.33,15.69,10,0,0.64,1
8.66,12.2,0.35,83.57,17.32,1,0,0.69,1
5.04,17.45,0.36,57.09,10.09,16,0,0.65,1
4.78,14.73,0.37,70.37,9.56,2,0,0.74,1
11.13,14.34,0.16,102.29,22.27,6,0,0.69,1
13.13,24.97,0.38,155.62,26.27,9,0,0.77,1
3.29,4.37,0.22,40.64,6.58,18,0,0.74,1
1.92,2.19,0.4,36.67,3.83,2,0,0.94,1
13.52,15.2,0.47,160.31,27.04,22,1,0.81,1
5.57,14.7,0.59,65.42,11.15,22,1,0.88,1
8.49,13.82,0.17,66.74,16.99,19,0,0.59,1
5.71,7.14,0.23,78.04,11.43,0,1,0.81,1
2.32,2.8,0.18,39.66,4.65,9,0,0.81,1
9.05,10.79,0.22,85.26,18.09,12,0,0.54,1
8.11,19.27,0.13,116.97,16.23,7,0,0.62,1
3.44,8.73,0.29,58.33,6.89,23,0,0.74,1
7.05,10.18,0.42,57.13,14.1,21,0,0.74,1
12.06,14.96,0.52,130.38,24.11,14,0,0.76,1
9.06,18.52,0.16,87.8,18.12,0,0,0.69,1
1.91,5.8,0.19,30.03,3.81,11,1,0.74,1
8.45,10.72,0.38,62.9,16.89,2,0,0.67,1
10.69,22.52,0.23,117.13,21.38,5,0,0.7,1
11.99,32.0,0.23,106.85,23.99,9,0,0.83,1
9.62,26.67,0.37,115.48,19.24,5,1,0.65,1
2.71,5.58,0.14,42.2,5.43,16,1,0.83,1
10.8,15.55,0.15,131.92,21.6,6,0,0.77,1
10.32,19.89,0.22,130.35,20.64,13,0,0.92,1
0.85,3.22,0.44,28.2,1.71,1,0,0.75,1
6.47,20.05,0.26,71.28,12.94,23,0,0.81,1
5.33,11.39,0.47,83.5,10.66,13,1,0.14,1
10.21,13.7,0.21,92.94,20.41,5,0,0.54,1
3.63,11.22,0.17,51.26,7.27,0,0,0.74,1
9.07,13.52,0.61,98.37,18.14,17,0,0.84,1
13.74,40.43,0.03,129.91,27.48,5,0,0.76,1
12.07,29.53,0.42,90.6,24.14,17,0,0.64,1
13.86,36.56,0.28,123.65,27.72,3,0,0.54,1
14.69,48.89,0.16,115.57,29.38,13,0,0.66,0
0.65,0.87,0.15,27.4,1.31,2,0,0.78,1
9.53,15.95,0.34,111.37,19.06,13,0,0.75,1
6.49,7.43,0.83,65.5,12.97,4,0,0.83,1
12.97,40.0,0.29,136.19,25.94,13,0,0.68,1
4.15,11.58,0.2,65.55,8.3,18,0,0.72,1
14.72,30.69,0.13,189.94,29.45,7,0,0.47,1
9.4,11.4,0.19,71.93,18.8,4,0,0.59,1
12.01,25.05,0.23,146.17,24.01,9,0,0.89,1
1.74,3.13,0.19,40.48,3.48,12,0,0.8,1
3.16,6.64,0.53,46.14,6.32,5,0,0.85,1
11.5,37.07,0.26,157.6,22.99,21,0,0.63,1
0.82,0.86,0.25,29.58,1.64,19,0,0.94,1
12.34,18.66,0.34,138.49,24.69,9,0,0.75,1
0.7,0.84,0.04,27.68,1.4,12,0,0.6,1
10.03,13.48,0.62,90.96,20.06,19,0,0.76,1
5.79,9.11,0.52,86.18,11.59,9,0,0.82,1
9.37,29.52,0.05,105.64,18.73,0,0,0.78,1
10.59,14.47,0.34,110.75,21.18,21,0,0.59,1
5.47,14.91,0.39,79.3,10.93,3,0,0.7,1
2.07,3.68,0.33,43.19,4.13,12,0,0.86,1
1.51,2.09,0.24,34.96,3.02,5,0,0.64,1
9.04,10.8,0.05,66.78,18.08,7,0,0.72,1
8.05,10.54,0.21,93.9,16.1,8,1,0.55,1
11.26,14.94,0.28,141.08,22.52,8,0,0.84,1
7.89,21.81,0.19,89.58,15.78,13,1,0.61,1
6.63,13.0,0.21,96.48,13.25,0,1,0.97,1
6.27,22.23,0.23,90.76,12.54,4,1,0.83,1
0.88,1.12,0.51,27.69,1.77,22,0,0.69,1
5.37,5.56,0.22,62.0,10.73,16,1,0.41,1
14.65,32.7,0.1,98.91,29.3,5,1,0.69,0
13.17,41.7,0.5,144.14,26.33,16,0,0.35,0
5.28,8.7,0.18,56.2,10.55,21,1,0.63,1
9.02,10.11,0.64,107.34,18.05,22,1,0.98,1
12.79,19.26,0.59,155.42,25.57,4,0,0.67,1
6.9,24.2,0.44,74.23,13.8,1,0,0.61,1
0.76,0.78,0.27,23.88,1.52,17,0,0.64,1
1.58,1.81,0.36,37.47,3.16,5,0,0.76,1
7.9,22.66,0.22,89.87,15.8,13,0,0.72,1
14.56,15.46,0.43,124.86,29.11,21,0,1.0,1
10.55,17.94,0.16,119.57,21.1,0,0,0.77,1
1.53,2.89,0.37,34.86,3.06,10,0,0.73,1
3.25,5.45,0.63,39.58,6.49,9,0,0.68,1
11.68,13.34,0.38,131.29,23.37,14,0,0.68,1
12.7,17.06,0.34,108.99,25.4,8,0,0.95,1
9.46,32.12,0.33,120.48,18.91,6,0,0.81,1
9.84,10.17,0.19,134.1,19.69,11,0,0.51,1
0.91,2.52,0.33,25.21,1.82,7,0,0.81,1
12.51,15.46,0.25,162.93,25.03,9,0,0.85,1
11.93,16.41,0.09,155.1,23.86,1,1,1.0,1
4.26,10.89,0.41,51.5,8.51,21,0,0.71,1
10.78,28.5,0.65,76.05,21.55,13,0,0.66,1
3.62,4.0,0.4,54.86,7.23,8,0,0.87,1
1.08,1.92,0.14,28.04,2.17,0,0,0.68,1
3.42,4.61,0.13,41.67,6.83,15,0,0.79,1
3.09,4.92,0.6,37.8,6.18,4,0,1.0,1
5.4,6.78,0.67,54.39,10.79,7,0,0.75,1
6.57,10.78,0.41,63.75,13.14,19,0,0.81,1
7.87,16.91,0.24,103.23,15.75,0,0,0.67,1
7.41,14.19,0.03,97.74,14.83,22,0,0.45,1
4.42,4.95,0.17,57.44,8.85,16,0,0.85,1
0.92,1.54,0.38,28.19,1.85,6,1,0.78,1
9.27,22.61,0.09,125.95,18.55,10,0,0.85,1
6.24,6.56,0.21,90.84,12.48,6,0,0.56,1
4.83,5.7,0.18,72.18,9.66,6,0,0.57,1
13.07,44.8,0.28,119.6,26.14,20,0,0.77,0
11.33,11.34,0.35,105.7,22.66,3,0,0.7,1
12.94,16.78,0.17,165.1,25.88,19,0,0.52,1
7.68,20.74,0.28,108.18,15.35,0,0,0.55,1
2.4,5.61,0.07,45.4,4.8,14,0,0.66,1
10.6,13.77,0.32,129.13,21.19,1,0,0.63,1
3.49,4.18,0.36,51.07,6.98,22,1,0.53,1
6.9,16.07,0.48,70.83,13.8,23,0,0.57,1
1.44,3.26,0.1,29.64,2.89,23,1,0.69,1
12.47,25.95,0.15,94.58,24.93,8,0,0.71,1
2.33,3.33,0.5,43.49,4.65,22,1,0.53,1
13.59,35.88,0.11,161.92,27.19,13,1,0.82,1
13.03,39.71,0.48,117.87,26.06,15,0,0.77,0
7.24,9.53,0.18,56.49,14.47,16,1,0.72,1
11.29,13.54,0.21,150.67,22.59,23,0,0.87,1
9.48,15.15,0.2,96.42,18.96,6,0,0.79,1
12.14,23.23,0.47,163.58,24.29,1,0,0.45,1
6.76,11.78,0.29,85.86,13.52,5,0,0.48,1
11.89,21.97,0.46,89.8,23.79,2,0,0.83,1
7.21,7.43,0.36,72.52,14.41,20,1,0.55,1
14.14,17.12,0.07,155.77,28.29,5,0,0.78,1
7.55,18.6,0.18,92.09,15.1,5,1,0.76,1
7.21,13.39,0.25,67.74,14.42,7,0,0.67,1
11.88,18.06,0.14,94.13,23.77,7,1,0.52,1
12.41,17.49,0.37,106.11,24.83,8,0,0.71,1
8.54,14.21,0.28,109.74,17.08,14,0,0.53,1
3.11,3.62,0.18,40.8,6.21,16,0,0.81,1
7.28,8.82,0.2,92.19,14.56,3,0,0.92,1
14.54,23.12,0.42,181.22,29.07,0,0,0.65,1
11.42,12.82,0.46,108.39,22.84,5,0,0.73,1
12.26,15.08,0.31,81.91,24.52,18,0,0.87,1
0.98,1.17,0.57,25.85,1.95,4,0,0.66,1
7.28,7.53,0.16,72.32,14.57,10,0,0.6,1
9.88,21.95,0.62,82.51,19.75,9,0,0.79,1
12.54,27.81,0.26,108.08,25.07,8,0,0.48,1
1.21,1.32,0.27,30.7,2.43,15,0,0.45,1
12.86,15.51,0.46,86.2,25.72,18,0,0.45,1
8.45,8.94,0.05,66.06,16.9,17,0,0.67,1
3.36,11.3,0.36,56.94,6.72,23,0,0.71,1
5.1,7.08,0.39,64.15,10.2,12,0,0.61,1
4.59,12.8,0.31,72.99,9.18,6,0,0.53,1
8.2,13.05,0.06,61.18,16.39,16,0,0.74,1
1.25,3.41,0.42,26.25,2.5,8,0,0.58,1
2.8,8.09,0.13,48.48,5.6,9,0,0.78,1
12.28,47.41,0.27,122.37,24.57,19,0,0.89,0
2.42,3.35,0.11,47.61,4.85,21,0,0.89,1
3.88,7.48,0.62,60.81,7.77,12,1,0.76,1
7.07,21.51,0.25,80.32,14.15,22,0,0.73,1
8.0,16.25,0.56,86.78,16.0,23,0,0.64,1
11.57,30.72,0.44,143.57,23.14,15,0,0.74,1
6.99,7.31,0.17,94.24,13.97,3,0,0.82,1
11.95,24.39,0.57,102.94,23.91,9,0,0.86,1
9.47,18.91,0.2,112.03,18.93,0,0,0.91,1
2.14,2.43,0.15,40.33,4.28,7,1,0.64,1
2.77,3.76,0.02,50.41,5.53,19,0,0.88,1
6.84,8.74,0.56,95.75,13.67,20,0,0.63,1
6.25,8.6,0.02,63.02,12.51,17,1,0.8,1
11.28,11.76,0.23,145.88,22.56,4,0,0.69,1
8.92,22.01,0.51,122.34,17.84,10,0,0.56,1
6.13,6.18,0.25,55.34,12.26,18,0,0.96,1
2.98,3.41,0.22,46.83,5.95,8,1,0.88,1
3.79,5.48,0.13,50.52,7.58,14,0,0.49,1
8.84,11.84,0.2,89.11,17.69,4,0,0.75,1
6.64,9.01,0.33,85.96,13.28,4,0,0.65,1
7.97,27.12,0.09,67.06,15.93,22,0,0.76,1
2.97,7.19,0.31,51.95,5.95,11,0,0.78,1
10.11,10.41,0.18,72.44,20.22,8,0,0.83,1
12.86,19.76,0.37,136.38,25.72,4,0,0.55,1
4.24,7.94,0.56,47.89,8.48,9,1,0.42,1
7.63,9.28,0.33,93.77,15.25,22,1,0.82,1
14.65,22.76,0.42,147.09,29.29,5,0,0.54,1
5.33,20.52,0.22,83.97,10.66,9,0,0.65,1
9.13,11.38,0.45,120.74,18.26,5,0,0.69,1
1.81,2.26,0.08,33.3,3.62,19,1,0.67,1
9.29,24.84,0.28,100.79,18.57,9,0,0.82,1
1.8,1.86,0.14,33.0,3.6,8,0,0.47,1
14.41,34.48,0.3,165.55,28.82,2,0,0.54,1
10.88,18.33,0.18,106.55,21.75,10,0,0.62,1
11.93,35.5,0.36,89.28,23.86,10,0,0.66,1
10.71,15.25,0.42,123.09,21.42,3,0,0.48,1
9.05,17.03,0.18,65.96,18.1,16,0,0.79,1
7.02,13.64,0.17,69.74,14.05,8,0,0.5,1
12.95,14.88,0.27,166.94,25.89,5,0,0.52,1
14.37,55.89,0.08,101.35,28.75,10,0,0.82,0
7.74,9.12,0.38,86.0,15.47,18,0,0.65,1
14.01,20.64,0.15,168.0,28.01,17,0,0.86,1
8.96,9.05,0.43,121.51,17.92,7,0,0.23,1
8.31,12.0,0.5,94.09,16.61,21,0,0.6,1
7.09,24.32,0.12,63.05,14.18,13,0,0.85,1
3.53,12.27,0.2,60.95,7.07,18,0,0.6,1
0.55,0.61,0.21,25.67,1.11,15,0,0.78,1
4.0,4.54,0.33,51.09,8.0,2,0,0.59,1
7.89,15.49,0.27,74.75,15.78,12,0,0.77,1
6.01,8.42,0.47,52.05,12.02,23,0,0.65,1
7.0,11.35,0.12,64.4,14.01,16,0,0.99,1
14.72,15.09,0.32,173.73,29.44,18,0,0.72,1
5.58,5.8,0.06,52.14,11.16,4,0,0.6,1
7.06,7.14,0.46,61.68,14.11,20,0,0.55,1
2.44,2.71,0.28,35.52,4.87,15,0,0.8,1
1.2,1.28,0.23,29.29,2.39,13,0,0.87,1
11.74,28.44,0.24,94.26,23.49,23,0,0.57,1
8.77,10.05,0.57,119.42,17.55,21,0,0.9,1
11.53,14.75,0.25,98.45,23.06,18,0,0.81,1
2.67,2.75,0.22,50.57,5.35,19,0,0.71,1
8.79,12.96,0.19,124.57,17.58,3,0,0.69,1
4.18,13.31,0.09,62.96,8.36,5,0,0.92,1
3.81,5.45,0.15,39.23,7.61,8,0,0.76,1
0.67,0.87,0.22,24.46,1.33,7,0,0.73,1
2.39,5.76,0.44,36.42,4.78,11,0,0.6,1
4.98,9.14,0.35,63.86,9.97,10,0,0.69,1
2.19,3.14,0.24,33.41,4.39,6,0,1.0,1
14.79,27.88,0.17,101.97,29.59,21,0,0.68,1
4.98,9.37,0.4,51.02,9.95,7,0,0.93,1
2.39,6.83,0.19,37.42,4.78,9,0,0.36,1
3.39,3.54,0.18,38.1,6.77,2,0,0.62,1
9.02,11.1,0.08,77.45,18.04,5,0,0.82,1
1.43,5.69,0.34,28.82,2.86,10,0,0.79,1
13.01,15.78,0.26,155.34,26.01,3,0,0.55,1
14.44,17.94,0.27,109.35,28.88,11,0,0.93,1
4.08,15.85,0.31,62.98,8.16,2,0,1.0,1
7.03,13.33,0.48,80.13,14.05,20,0,1.0,1
0.82,1.16,0.41,28.46,1.64,23,1,0.9,1
9.79,16.61,0.72,99.82,19.58,22,0,0.54,1
6.5,7.8,0.27,93.52,13.0,9,0,0.8,1
4.42,7.76,0.24,50.63,8.83,6,0,0.72,1
3.5,9.58,0.15,56.28,7.0,1,0,0.8,1
9.98,10.16,0.54,81.34,19.97,11,0,0.51,1
6.54,15.14,0.1,93.05,13.07,13,0,0.77,1
3.11,3.94,0.11,36.14,6.21,6,0,0.64,1
10.49,29.36,0.35,106.06,20.98,16,1,0.65,1
8.69,17.5,0.19,89.1,17.39,14,0,0.7,1
12.95,22.27,0.11,141.3,25.9,21,0,0.47,1
2.2,5.59,0.12,37.82,4.41,22,0,0.88,1
11.89,20.24,0.21,128.49,23.78,17,0,0.79,1
10.27,27.91,0.07,133.25,20.53,23,0,0.7,1
2.17,3.24,0.22,32.99,4.34,23,0,0.5,1
10.57,14.14,0.26,90.95,21.15,21,0,0.52,1
6.9,23.25,0.31,93.3,13.8,22,0,0.85,1
14.2,15.72,0.27,113.68,28.4,20,0,0.6,1
2.55,6.57,0.47,48.95,5.11,4,0,0.56,1
9.82,23.44,0.29,106.28,19.64,10,0,0.48,1
6.04,8.09,0.13,53.65,12.08,7,0,0.71,1
14.37,23.89,0.12,93.95,28.75,13,0,0.57,1
5.28,8.46,0.16,74.64,10.57,1,0,0.6,1
14.45,41.75,0.45,178.89,28.9,19,0,0.84,1
13.57,15.89,0.17,110.65,27.14,6,0,0.7,1
4.42,6.2,0.29,49.55,8.84,7,0,0.47,1
12.15,34.57,0.18,161.91,24.3,3,0,0.63,1
14.94,28.16,0.36,163.29,29.87,9,1,0.74,1
4.16,4.85,0.1,45.7,8.33,13,0,0.76,1
6.83,10.1,0.24,75.62,13.67,21,0,0.97,1
8.04,24.26,0.19,111.47,16.09,14,0,0.8,1
4.78,9.02,0.12,64.65,9.55,9,0,0.73,1
0.72,1.67,0.11,25.66,1.44,15,0,0.86,1
3.69,5.79,0.31,42.36,7.38,2,0,0.82,1
4.59,5.2,0.26,66.26,9.18,22,0,0.25,1
6.93,12.01,0.58,68.07,13.86,1,0,0.59,1
2.98,5.18,0.32,46.71,5.96,0,0,0.68,1
13.16,14.17,0.71,141.11,26.32,10,1,0.46,1
10.72,15.72,0.35,115.29,21.44,15,0,0.56,1
1.74,2.57,0.36,31.67,3.47,11,0,0.83,1
9.93,22.23,0.27,118.85,19.85,4,0,0.64,1
9.98,14.14,0.38,109.43,19.96,19,0,0.77,1
14.37,21.07,0.61,132.42,28.73,20,0,0.74,1
0.54,0.99,0.24,22.92,1.09,14,0,0.86,1
4.1,4.12,0.41,49.97,8.19,16,1,0.66,1
13.95,15.31,0.31,124.19,27.91,7,0,0.88,1
14.02,17.26,0.27,167.7,28.03,18,0,0.88,1
10.95,16.77,0.21,114.09,21.9,22,0,0.54,1
11.6,19.45,0.11,153.73,23.21,18,0,0.77,1
1.83,4.7,0.07,38.73,3.65,11,0,0.68,1
7.95,16.59,0.34,89.7,15.9,20,0,0.63,1
3.86,4.65,0.25,43.85,7.72,6,0,0.94,1
3.13,5.3,0.4,40.48,6.26,5,0,0.73,1
12.25,13.44,0.21,94.97,24.5,1,0,0.51,1
2.46,6.81,0.29,39.91,4.92,2,0,0.76,1
7.3,11.56,0.53,93.38,14.59,8,0,0.71,1
14.11,19.19,0.38,165.54,28.22,10,0,0.57,1
3.19,5.01,0.14,38.12,6.39,21,0,0.83,1
14.68,16.01,0.07,144.37,29.36,17,0,0.78,1
14.92,15.03,0.21,144.86,29.83,15,0,0.46,1
8.56,25.4,0.37,89.07,17.11,20,1,0.75,1
2.97,8.54,0.22,41.09,5.93,9,0,0.59,1
5.08,14.62,0.63,62.35,10.17,15,0,0.72,1
6.66,8.75,0.3,77.34,13.31,8,0,0.58,1
4.99,9.41,0.4,65.85,9.97,19,0,0.77,1
4.57,5.71,0.19,54.92,9.14,1,1,0.8,1
14.6,26.34,0.15,189.56,29.19,17,0,0.63,1
2.72,3.78,0.17,40.08,5.45,15,0,0.61,1
11.13,13.46,0.25,145.42,22.27,19,0,0.67,1
0.51,0.77,0.03,25.37,1.01,22,0,0.75,1
9.14,13.97,0.56,95.51,18.29,13,1,0.63,1
13.78,43.59,0.7,136.78,27.56,20,0,0.68,0
4.68,8.38,0.27,71.84,9.35,22,0,0.47,1
3.19,4.84,0.07,46.95,6.38,11,0,0.72,1
9.95,16.68,0.51,117.06,19.9,3,0,0.6,1
10.83,11.7,0.31,135.53,21.67,16,0,0.74,1
10.48,11.27,0.41,138.96,20.95,19,0,0.77,1
5.13,5.92,0.82,53.48,10.26,20,0,0.82,1
4.16,7.82,0.23,69.17,8.31,21,0,0.68,1
14.36,18.22,0.06,188.85,28.72,19,0,0.61,1
13.89,25.41,0.23,118.35,27.78,6,0,0.92,1
7.13,16.8,0.13,86.29,14.26,3,0,0.86,1
12.77,25.18,0.28,88.04,25.54,14,0,0.68,1
7.06,23.28,0.21,63.59,14.12,13,0,0.86,1
6.65,13.34,0.13,80.46,13.31,19,0,0.8,1
2.77,4.66,0.07,46.48,5.55,21,1,0.95,1
6.68,6.91,0.42,78.42,13.37,0,0,0.8,1
8.29,17.1,0.28,102.37,16.59,8,0,0.75,1
0.83,0.89,0.18,28.72,1.65,21,0,0.64,1
6.94,16.46,0.09,62.88,13.88,3,0,0.74,1
11.83,30.08,0.19,133.77,23.66,19,0,0.58,1
10.36,16.21,0.23,112.61,20.72,8,1,0.85,1
9.71,12.87,0.36,76.54,19.42,8,0,0.59,1
13.69,48.33,0.4,110.35,27.38,21,0,0.79,0
0.76,1.83,0.16,26.04,1.52,11,0,0.68,1
8.58,14.49,0.08,114.75,17.15,15,0,0.81,1
11.92,23.92,0.09,97.69,23.83,4,0,0.82,1
8.35,10.64,0.3,72.44,16.7,16,0,0.78,1
5.2,8.2,0.38,72.21,10.39,5,0,0.69,1
2.48,6.69,0.08,49.29,4.95,8,0,0.79,1
13.37,14.52,0.48,128.71,26.74,10,0,0.53,1
7.33,15.6,0.23,74.59,14.65,1,1,0.91,1
13.23,16.58,0.24,109.69,26.47,23,0,0.85,1
8.99,10.77,0.11,68.11,17.99,6,0,0.53,1
10.28,10.57,0.11,84.21,20.55,16,0,0.92,1
12.16,19.49,0.56,88.76,24.32,10,0,0.41,1
10.06,14.13,0.43,105.08,20.12,21,0,0.8,1
6.27,12.51,0.58,94.3,12.54,23,0,0.57,1
7.95,10.48,0.34,103.54,15.9,9,0,0.71,1
12.14,20.32,0.19,131.87,24.29,0,1,0.77,1
5.92,10.23,0.63,69.75,11.84,18,0,0.88,1
6.13,6.87,0.39,77.11,12.26,0,0,0.71,1
1.89,6.56,0.26,34.41,3.78,19,1,0.65,1
13.76,15.1,0.14,105.99,27.52,19,0,0.54,1
1.82,2.05,0.12,36.61,3.64,5,0,0.73,1
9.9,15.72,0.24,106.09,19.8,15,0,0.51,1
6.49,10.51,0.18,95.38,12.98,11,0,0.81,1
6.38,12.24,0.16,80.94,12.76,10,0,0.73,1
10.35,10.4,0.25,127.82,20.71,21,0,0.77,1
1.47,4.42,0.16,28.32,2.95,17,0,0.86,1
9.11,13.15,0.48,114.06,18.22,22,0,0.79,1
11.69,15.36,0.2,158.93,23.39,6,0,0.89,1
12.51,13.16,0.3,140.12,25.02,21,0,0.61,1
2.97,3.56,0.26,50.31,5.95,13,0,0.71,1
13.51,18.44,0.18,180.21,27.03,12,0,0.56,1
10.01,29.66,0.12,97.5,20.03,19,0,0.5,1
13.29,25.06,0.2,163.09,26.57,7,0,0.61,1
7.54,21.28,0.09,78.77,15.07,13,0,0.69,1
8.36,9.18,0.15,86.72,16.72,17,0,0.79,1
13.83,17.02,0.69,152.84,27.65,3,0,0.69,1
13.55,16.56,0.48,112.06,27.1,22,0,0.8,1
7.0,9.47,0.2,103.63,14.0,22,0,1.0,1
4.48,7.11,0.19,52.72,8.96,3,1,0.55,1
6.2,17.11,0.39,56.34,12.4,8,0,0.78,1
6.12,12.31,0.63,64.44,12.25,1,0,0.57,1
4.66,13.21,0.15,71.22,9.32,13,0,0.84,1
4.39,5.54,0.47,51.63,8.79,11,0,0.81,1
12.99,35.08,0.07,140.5,25.97,21,0,0.46,1
1.51,1.95,0.12,37.47,3.03,18,0,0.62,1
10.33,13.42,0.16,90.42,20.65,17,0,1.0,1
3.01,5.06,0.66,37.79,6.01,11,0,0.49,1
5.5,15.64,0.33,51.2,10.99,0,0,0.5,1
1.39,2.86,0.38,31.25,2.78,9,0,0.79,1
4.41,9.01,0.55,45.3,8.83,23,0,0.7,1
11.64,15.02,0.17,115.19,23.28,1,0,0.5,1
13.33,39.76,0.29,167.18,26.67,13,0,0.81,1
3.71,4.26,0.22,58.76,7.42,19,0,0.83,1
7.22,8.8,0.36,85.51,14.44,15,1,0.45,1
7.32,18.78,0.07,100.17,14.64,18,0,1.0,1
13.17,16.68,0.52,95.08,26.33,13,0,0.85,1
11.56,15.39,0.2,127.12,23.12,23,0,0.75,1
7.94,9.79,0.21,66.13,15.88,13,0,0.57,1
10.23,26.11,0.26,105.64,20.45,22,0,0.6,1
12.79,34.73,0.16,125.42,25.57,3,1,0.54,1
0.64,1.49,0.62,24.38,1.28,10,0,0.48,1
6.34,12.09,0.27,88.55,12.68,21,0,0.73,1
13.66,16.16,0.17,110.09,27.31,20,0,0.67,1
11.23,13.98,0.22,119.57,22.47,1,0,0.84,1
8.37,8.87,0.2,90.12,16.74,6,1,0.79,1
8.18,27.83,0.29,85.62,16.36,12,0,0.77,1
5.54,21.43,0.22,49.01,11.09,7,0,0.71,1
8.05,10.39,0.15,99.49,16.1,11,0,0.58,1
10.0,21.77,0.26,70.9,20.01,6,0,0.8,1
6.57,13.12,0.35,90.55,13.13,21,1,0.74,1
10.86,16.44,0.45,94.52,21.71,1,1,0.68,1
12.99,39.74,0.24,95.85,25.98,5,0,0.64,0
2.74,3.75,0.51,41.72,5.49,10,0,0.67,1
7.05,14.27,0.29,82.83,14.09,16,0,0.55,1
6.42,8.86,0.34,66.02,12.83,14,0,0.89,1
10.47,11.96,0.25,81.27,20.94,21,0,0.44,1
4.12,10.9,0.37,41.14,8.25,22,0,0.72,1
9.78,10.32,0.2,117.12,19.57,19,1,0.71,1
13.22,20.41,0.37,168.17,26.45,10,0,0.76,1
6.56,6.97,0.72,57.43,13.13,22,0,0.63,1
13.71,33.78,0.3,110.68,27.42,8,0,0.73,1
14.9,21.18,0.37,96.61,29.8,16,1,0.87,1
2.04,3.69,0.09,42.82,4.08,19,0,0.61,1
3.88,4.67,0.68,51.47,7.76,9,0,0.87,1
14.28,20.27,0.09,183.89,28.56,3,0,0.68,1
14.4,23.19,0.09,139.15,28.79,3,0,0.78,1
1.92,2.05,0.28,41.15,3.83,15,0,0.51,1
0.72,1.35,0.67,28.37,1.43,0,0,0.85,1
2.84,6.83,0.24,40.83,5.67,22,0,1.0,1
14.94,21.16,0.05,161.73,29.88,23,0,0.56,1
3.11,4.33,0.2,50.06,6.22,6,0,0.67,1
7.79,13.44,0.38,60.1,15.57,1,0,0.87,1
12.8,20.82,0.2,123.28,25.6,3,0,0.54,1
0.8,0.82,0.17,28.74,1.59,1,1,0.82,1
9.27,11.59,0.34,127.7,18.53,22,0,0.53,1
4.52,13.57,0.06,71.02,9.03,15,0,0.6,1
13.0,31.79,0.11,173.58,26.01,3,0,0.79,1
4.61,4.7,0.34,64.13,9.22,22,0,0.89,1
10.46,13.16,0.05,89.33,20.92,21,0,0.83,1
10.28,10.98,0.16,112.77,20.55,9,0,0.75,1
3.71,7.77,0.44,49.5,7.42,9,0,0.58,1
1.0,1.25,0.24,26.84,2.01,2,1,0.71,1
6.43,8.19,0.14,86.98,12.87,8,1,0.67,1
4.69,9.96,0.39,64.14,9.39,23,0,0.78,1
12.23,18.44,0.08,148.79,24.46,6,0,0.71,1
12.11,16.8,0.1,103.36,24.21,18,1,0.63,1
7.13,11.67,0.06,100.73,14.25,20,1,0.81,1
9.29,10.68,0.22,82.0,18.59,7,0,0.66,1
9.26,10.59,0.4,105.33,18.52,17,0,0.6,1
12.49,14.07,0.18,87.44,24.99,3,0,0.7,1
6.66,7.81,0.18,78.54,13.33,4,0,0.59,1
4.49,7.29,0.17,45.58,8.99,15,0,0.59,1
4.34,8.1,0.22,51.81,8.69,17,0,0.88,1
8.27,9.47,0.26,111.23,16.55,5,0,0.52,1
7.01,11.35,0.17,98.93,14.03,22,0,0.94,1
6.88,15.83,0.46,91.37,13.76,23,1,0.88,1
1.82,2.89,0.33,33.8,3.64,11,0,0.51,1
10.92,30.64,0.08,118.84,21.84,19,0,0.73,1
3.6,4.68,0.49,43.64,7.2,4,0,0.75,1
3.36,6.69,0.44,52.71,6.71,18,0,0.72,1
6.48,14.56,0.21,68.2,12.97,20,1,0.68,1
3.8,3.93,0.13,44.9,7.61,12,0,0.64,1
8.97,10.77,0.34,101.54,17.93,21,1,0.58,1
5.89,7.0,0.38,54.04,11.77,12,1,0.63,1
7.01,9.76,0.48,88.74,14.02,3,0,0.89,1
8.29,9.43,0.24,72.3,16.58,10,0,0.94,1
3.45,4.21,0.13,50.63,6.9,5,0,0.4,1
2.76,3.95,0.09,41.37,5.52,8,0,0.71,1
13.27,13.66,0.18,138.91,26.53,19,1,0.71,1
6.79,17.24,0.24,65.63,13.58,6,0,0.74,1
6.48,6.76,0.15,66.45,12.95,23,0,0.65,1
1.02,1.84,0.31,26.08,2.03,11,1,0.8,1
7.72,11.95,0.19,100.59,15.44,9,0,0.87,1
8.54,24.95,0.28,66.87,17.07,2,0,0.82,1
8.6,13.13,0.31,85.69,17.21,6,0,0.35,1
10.75,15.18,0.19,107.56,21.5,9,0,0.7,1
3.07,3.08,0.17,39.57,6.15,0,0,0.64,1
4.16,4.24,0.28,51.98,8.31,11,1,0.65,1
12.26,12.57,0.22,117.15,24.51,0,0,0.73,1
14.23,27.84,0.34,113.52,28.47,12,0,0.48,1
2.47,2.49,0.2,43.41,4.94,6,0,0.99,1
7.72,13.04,0.31,60.25,15.43,17,1,1.0,1
3.61,4.06,0.35,43.01,7.21,7,1,0.78,1
1.37,3.33,0.21,32.84,2.74,5,0,0.65,1
5.22,8.29,0.04,69.03,10.44,14,1,0.85,1
2.58,2.65,0.24,37.71,5.17,17,0,0.62,1
10.79,11.24,0.42,125.58,21.59,3,0,0.91,1
8.24,10.8,0.22,88.29,16.48,22,0,1.0,1
2.59,3.05,0.45,42.47,5.17,11,0,0.7,1
0.63,1.66,0.25,24.65,1.27,7,1,0.82,1
12.22,15.44,0.14,165.27,24.44,4,0,0.88,1
3.05,4.28,0.4,51.04,6.11,1,0,0.64,1
9.29,29.15,0.13,82.61,18.58,17,0,0.66,1
5.39,16.08,0.4,55.84,10.77,3,0,0.65,1
8.99,27.13,0.11,113.66,17.98,18,0,0.8,1
5.08,6.4,0.05,59.17,10.15,22,0,0.67,1
1.76,4.94,0.33,29.93,3.52,20,0,0.65,1
3.73,6.21,0.38,39.59,7.47,20,0,1.0,1
3.23,6.23,0.46,45.48,6.45,7,0,0.7,1
6.71,10.12,0.07,73.0,13.41,0,0,0.64,1
10.05,12.88,0.12,119.93,20.09,21,0,0.9,1
4.33,5.66,0.1,59.03,8.65,11,0,0.64,1
0.68,1.06,0.28,27.01,1.35,5,0,0.76,1
8.02,13.41,0.19,77.97,16.05,19,0,0.71,1
9.28,16.93,0.29,106.98,18.57,6,1,0.72,1
14.46,16.13,0.23,181.97,28.92,10,0,0.34,1
9.05,18.16,0.48,69.62,18.09,8,0,0.77,1
7.33,16.49,0.46,93.02,14.66,7,0,0.83,1
8.81,10.92,0.17,108.24,17.63,16,0,0.83,1
13.95,26.84,0.14,167.34,27.91,10,0,1.0,1
12.51,14.13,0.12,106.12,25.02,15,0,0.57,1
5.18,10.45,0.16,61.03,10.37,8,0,0.56,1
3.94,5.07,0.19,46.31,7.88,11,0,0.82,1
4.31,15.18,0.4,50.85,8.62,3,0,0.6,1
7.81,14.49,0.21,112.05,15.63,2,0,0.92,1
11.29,22.25,0.29,111.66,22.58,11,0,0.81,1
7.8,9.04,0.07,105.29,15.59,17,0,0.8,1
1.48,1.52,0.19,35.67,2.97,3,0,0.73,1
10.99,18.45,0.23,109.16,21.98,15,0,0.68,1
12.19,14.03,0.08,165.57,24.37,6,0,0.81,1
4.7,6.06,0.09,71.14,9.4,9,0,0.82,1
10.13,10.38,0.21,104.88,20.26,0,1,0.78,1
6.69,7.79,0.45,67.92,13.37,13,0,0.69,1
13.39,43.47,0.36,94.02,26.78,17,0,0.45,0
12.76,16.25,0.27,125.28,25.51,0,0,0.64,1
8.12,12.46,0.12,81.05,16.24,21,1,0.67,1
10.53,40.13,0.15,125.05,21.05,6,0,0.8,1
13.31,30.35,0.62,88.38,26.62,23,0,0.96,1
7.69,8.17,0.57,103.18,15.38,17,0,0.5,1
5.04,5.34,0.11,59.92,10.08,16,0,0.63,1
11.43,13.46,0.17,114.72,22.86,10,0,0.61,1
3.69,3.74,0.18,43.18,7.38,1,0,0.57,1
6.13,7.17,0.11,90.92,12.27,7,1,0.78,1
13.05,50.66,0.22,121.67,26.11,4,0,0.8,0
11.0,23.62,0.18,139.93,22.01,21,0,0.69,1
6.36,23.28,0.59,62.34,12.71,3,0,0.81,1
3.61,11.27,0.46,40.51,7.23,2,0,1.0,1
5.66,13.67,0.06,73.5,11.32,10,0,0.79,1
4.62,7.36,0.15,74.93,9.24,20,1,0.41,1
3.05,3.45,0.42,49.09,6.11,22,0,0.77,1
11.28,12.58,0.25,124.45,22.56,14,0,0.78,1
4.16,5.83,0.22,53.64,8.31,22,0,0.58,1
7.09,7.49,0.24,69.5,14.17,6,0,0.74,1
6.09,9.75,0.13,68.86,12.19,23,1,0.8,1
14.74,16.08,0.29,109.07,29.48,2,0,0.71,1
6.17,10.45,0.26,62.17,12.34,16,1,0.89,1
1.66,3.62,0.06,33.96,3.32,19,0,0.75,1
1.8,1.92,0.13,30.84,3.6,16,0,0.7,1
9.07,16.76,0.15,115.56,18.13,19,0,0.49,1
9.19,14.65,0.21,66.7,18.38,10,1,0.49,1
6.57,13.23,0.46,67.65,13.14,17,0,0.53,1
6.76,9.05,0.33,78.26,13.52,23,1,0.8,1
1.28,1.29,0.35,34.75,2.56,5,0,0.64,1
7.99,29.69,0.68,92.02,15.98,13,0,0.54,1
7.82,8.45,0.05,75.23,15.64,4,0,0.68,1
2.67,10.55,0.35,39.92,5.34,14,0,0.69,1
2.01,3.83,0.15,34.79,4.01,1,0,0.58,1
2.29,6.09,0.23,34.35,4.58,18,0,0.74,1
1.96,2.4,0.46,31.82,3.93,14,0,0.95,1
9.34,32.44,0.1,98.13,18.68,8,0,0.55,1
3.35,5.04,0.68,43.08,6.7,4,0,0.76,1
4.15,8.8,0.24,43.39,8.29,1,1,0.52,1
3.02,8.61,0.01,39.66,6.03,0,0,0.91,1
14.39,17.36,0.15,144.39,28.78,20,0,0.53,1
12.89,31.21,0.43,107.64,25.78,2,0,0.42,1
3.84,9.2,0.75,45.61,7.68,4,0,0.75,1
5.25,11.5,0.06,69.06,10.5,23,1,0.56,1
3.54,5.13,0.48,54.82,7.09,19,0,1.0,1
7.63,10.25,0.32,71.05,15.26,15,0,0.52,1
0.78,2.98,0.24,26.51,1.57,5,0,0.47,1
10.23,23.72,0.57,125.95,20.47,7,0,0.73,1
8.09,14.11,0.22,99.48,16.17,2,1,0.36,1
13.53,27.12,0.18,94.21,27.06,11,0,0.47,1
2.88,3.16,0.04,41.69,5.77,23,0,0.55,1
12.16,14.46,0.43,142.36,24.32,0,0,0.54,1
11.98,16.66,0.12,94.97,23.97,19,0,0.6,1
2.34,4.66,0.27,34.94,4.69,21,0,0.6,1
6.28,8.1,0.4,79.09,12.56,13,0,0.56,1
2.97,3.36,0.4,40.73,5.93,10,0,0.83,1
4.19,6.02,0.75,50.47,8.39,19,0,0.68,1
4.32,5.15,0.06,57.38,8.63,6,0,0.7,1
8.57,10.55,0.25,107.83,17.13,3,0,0.69,1
6.47,9.52,0.29,74.88,12.93,5,0,0.69,1
14.24,29.42,0.22,180.28,28.48,13,0,0.72,1
2.33,2.88,0.14,33.4,4.66,9,0,0.78,1
14.62,36.09,0.14,170.26,29.24,3,0,0.87,1
3.84,4.61,0.22,53.85,7.69,12,1,0.85,1
11.71,13.72,0.38,145.46,23.41,21,1,1.0,1
5.42,6.25,0.24,59.07,10.83,7,0,0.58,1
2.57,4.26,0.09,41.56,5.15,17,1,0.6,1
12.94,32.81,0.24,159.29,25.88,4,0,0.82,1
4.98,15.33,0.29,73.88,9.96,11,0,0.57,1
10.05,12.45,0.24,96.73,20.11,22,0,0.7,1
8.71,9.53,0.58,113.72,17.43,4,1,1.0,1
7.34,9.94,0.16,91.77,14.68,6,0,0.97,1
7.69,21.47,0.19,80.48,15.38,18,0,0.57,1
11.12,11.69,0.43,151.05,22.23,13,0,0.5,1
1.77,1.79,0.46,29.25,3.55,10,0,0.39,1
10.19,17.72,0.6,98.23,20.38,19,0,0.7,1
13.49,19.38,0.53,116.43,26.98,20,0,0.64,1
1.34,1.61,0.1,35.45,2.68,10,0,0.69,1
2.54,3.17,0.28,34.47,5.08,2,1,0.65,1
10.89,11.16,0.08,122.34,21.78,12,1,0.65,1
6.84,20.35,0.19,88.52,13.68,5,0,0.63,1
6.35,9.26,0.15,59.95,12.7,15,0,0.71,1
2.49,3.23,0.25,35.04,4.97,22,0,0.88,1
7.85,8.55,0.1,61.87,15.7,5,1,0.34,1
2.33,2.58,0.12,34.27,4.67,5,0,0.65,1
7.41,7.54,0.48,98.98,14.82,20,0,0.54,1
11.57,18.25,0.11,154.33,23.14,5,0,0.78,1
4.24,4.86,0.1,68.01,8.49,21,1,0.64,1
7.47,13.1,0.12,76.46,14.94,12,1,0.87,1
14.88,26.26,0.59,170.05,29.77,7,0,0.85,1
10.46,23.76,0.26,132.82,20.91,16,0,0.57,1
12.7,14.7,0.09,155.73,25.4,1,0,0.74,1
6.52,6.59,0.26,55.44,13.03,5,0,0.87,1
11.63,26.31,0.43,95.67,23.27,5,0,0.65,1
1.09,3.72,0.43,32.58,2.17,6,0,0.7,1
2.28,2.65,0.2,43.23,4.56,0,0,0.6,1
3.44,4.82,0.23,57.34,6.89,21,0,0.66,1
6.33,6.53,0.35,74.42,12.66,7,0,0.75,1
12.76,29.06,0.27,118.93,25.53,2,1,0.79,1
5.52,18.2,0.01,72.77,11.04,3,0,0.81,1
9.99,16.13,0.57,103.03,19.98,16,0,0.69,1
10.79,34.34,0.32,102.14,21.57,2,0,0.58,1
9.0,20.16,0.1,86.91,18.0,22,0,0.64,1
5.68,16.49,0.53,54.68,11.36,1,0,0.88,1
8.87,21.21,0.41,97.2,17.73,13,0,0.91,1
5.46,16.57,0.26,67.19,10.93,5,0,0.68,1
1.72,1.78,0.41,35.68,3.43,22,0,0.74,1
14.9,32.46,0.34,106.6,29.79,17,0,0.71,1
2.34,4.02,0.25,46.73,4.69,23,1,0.71,1
1.55,1.68,0.26,35.79,3.1,1,0,0.36,1
13.24,17.47,0.41,98.33,26.48,11,0,0.52,1
4.88,6.83,0.39,47.09,9.75,4,0,0.81,1
9.93,12.74,0.16,114.33,19.86,9,0,0.73,1
5.27,6.05,0.52,58.95,10.54,14,0,0.85,1
6.18,6.8,0.11,64.67,12.35,12,0,0.68,1
4.3,5.88,0.25,66.79,8.6,9,0,0.52,1
5.47,5.97,0.15,60.6,10.95,21,0,0.68,1
6.46,9.91,0.14,80.84,12.91,16,0,0.85,1
10.95,23.9,0.18,115.88,21.89,12,0,0.74,1
7.92,8.7,0.08,74.16,15.83,6,1,0.45,1
14.18,21.61,0.06,123.83,28.36,21,0,0.55,1
1.11,1.19,0.53,32.85,2.21,3,0,0.6,1
7.79,27.82,0.35,77.05,15.59,1,1,0.48,1
8.97,16.37,0.11,114.09,17.94,21,0,0.64,1
13.84,14.41,0.32,172.67,27.69,23,0,0.83,1
1.21,2.77,0.22,26.67,2.43,21,0,0.55,1
8.82,9.22,0.16,105.0,17.63,4,0,0.82,1
12.88,13.34,0.25,151.93,25.76,9,1,0.77,1
4.01,4.4,0.34,52.22,8.02,22,0,0.62,1
13.21,19.63,0.01,138.66,26.41,18,1,0.75,1
0.78,1.06,0.44,24.76,1.55,8,0,0.63,1
11.12,12.33,0.22,100.4,22.24,21,0,0.79,1
14.03,16.86,0.12,159.65,28.06,1,1,1.0,1
10.03,13.88,0.32,112.45,20.06,20,0,1.0,1
6.87,6.96,0.46,60.88,13.73,21,0,0.37,1
1.15,1.51,0.17,33.71,2.3,8,0,0.65,1
13.84,14.1,0.38,180.07,27.68,12,0,0.62,1
7.32,24.98,0.05,68.08,14.64,0,0,0.8,1
0.92,2.6,0.48,30.24,1.84,14,0,0.85,1
10.5,17.84,0.23,92.15,21.0,12,0,0.81,1
7.49,13.9,0.64,86.98,14.97,13,1,0.76,1
2.3,2.75,0.19,44.12,4.61,10,0,0.55,1
3.61,9.74,0.14,46.72,7.21,1,1,0.9,1
1.44,1.46,0.16,32.75,2.87,0,0,0.62,1
8.83,18.15,0.23,91.96,17.65,10,0,0.48,1
9.52,16.65,0.11,118.25,19.04,20,0,0.44,1
7.83,17.18,0.59,85.41,15.67,21,1,0.66,1
12.35,18.04,0.3,130.74,24.7,15,0,0.86,1
12.98,44.17,0.15,161.78,25.97,4,0,0.55,1
9.43,26.02,0.54,113.23,18.85,18,0,0.8,1
0.68,0.85,0.04,25.95,1.37,21,0,0.59,1
10.58,27.14,0.37,107.07,21.16,9,0,0.61,1
6.56,15.38,0.05,58.63,13.12,19,0,0.47,1
8.7,10.3,0.17,66.94,17.4,14,0,0.82,1
9.91,30.98,0.49,135.66,19.82,1,1,0.62,1
5.58,9.65,0.27,55.18,11.16,2,0,0.74,1
13.8,51.62,0.17,115.73,27.6,13,0,0.69,0
2.44,4.79,0.41,42.66,4.89,22,0,0.67,1
10.24,13.22,0.17,130.51,20.47,16,0,0.71,1
0.56,1.77,0.25,26.1,1.13,6,0,0.79,1
13.91,15.18,0.1,170.31,27.81,13,0,0.84,1
2.13,2.29,0.17,45.25,4.26,9,0,0.57,1
1.88,5.71,0.26,30.11,3.75,15,1,0.56,1
5.33,5.37,0.38,61.56,10.66,13,0,1.0,1
5.92,12.51,0.3,87.42,11.83,13,0,0.69,1
3.61,11.52,0.38,49.84,7.21,22,1,0.78,1
8.98,35.4,0.39,119.72,17.97,9,0,0.57,1
6.92,12.44,0.23,55.47,13.84,14,0,0.54,1
1.0,1.38,0.66,28.49,1.99,21,1,0.59,1
5.13,10.29,0.18,78.83,10.27,17,0,0.64,1
12.25,13.96,0.19,103.66,24.5,0,0,0.73,1
10.5,13.33,0.29,140.84,21.0,2,0,1.0,1
11.01,21.48,0.32,75.71,22.02,8,1,0.77,1
10.62,13.27,0.22,78.98,21.25,9,0,0.56,1
5.01,5.24,0.19,61.76,10.02,4,0,0.66,1
1.95,6.08,0.3,31.17,3.89,4,0,0.58,1
4.45,9.28,0.38,49.28,8.9,14,0,0.42,1
12.56,21.02,0.38,108.96,25.12,3,0,0.69,1
14.72,23.6,0.12,143.19,29.43,3,0,0.51,1
7.66,11.67,0.33,79.25,15.32,22,1,0.81,1
0.64,1.35,0.42,27.34,1.28,17,0,0.66,1
2.53,3.37,0.22,48.35,5.06,6,1,0.73,1
5.17,7.05,0.19,72.92,10.34,19,0,0.63,1
8.89,13.01,0.34,105.47,17.78,21,0,0.81,1
1.59,4.74,0.02,30.22,3.18,0,0,0.93,1
14.18,23.33,0.29,150.63,28.36,13,0,0.55,1
5.79,11.2,0.16,54.93,11.59,6,0,0.71,1
13.73,22.21,0.33,132.18,27.46,18,0,0.88,1
11.82,12.55,0.2,117.27,23.64,8,1,1.0,1
11.45,18.76,0.46,132.57,22.91,20,0,0.82,1
9.3,35.69,0.34,120.84,18.59,11,0,0.72,1
9.59,16.56,0.52,89.45,19.18,21,0,0.77,1
9.75,11.27,0.23,71.57,19.5,9,0,0.58,1
9.62,11.52,0.17,71.24,19.23,5,0,0.54,1
8.53,13.43,0.19,114.88,17.06,22,0,0.68,1
14.8,33.85,0.31,144.41,29.61,2,0,0.71,1
11.12,18.57,0.06,94.89,22.24,10,0,0.67,1
11.77,17.49,0.45,81.49,23.53,0,0,0.73,1
13.15,13.15,0.35,134.43,26.3,0,1,0.69,1
3.63,4.95,0.25,41.61,7.25,6,0,0.89,1
1.72,2.23,0.02,33.58,3.43,10,0,0.8,1
7.5,12.13,0.31,84.61,15.0,9,0,0.45,1
7.95,15.42,0.29,72.53,15.91,1,1,0.63,1
12.52,14.57,0.17,100.05,25.05,6,1,0.67,1
6.93,11.16,0.29,55.64,13.87,23,0,0.93,1
8.78,8.81,0.21,99.86,17.55,0,0,0.63,1
8.14,13.73,0.13,72.14,16.29,4,0,0.82,1
1.05,3.5,0.18,31.75,2.11,17,0,0.47,1
9.42,12.36,0.36,106.92,18.84,2,0,0.64,1
12.51,43.89,0.26,131.25,25.01,4,0,0.81,0
2.78,6.36,0.18,43.75,5.57,9,1,0.82,1
9.12,17.69,0.32,79.33,18.24,4,0,0.93,1
9.11,11.32,0.01,127.34,18.21,17,0,0.79,1
2.88,4.64,0.27,53.9,5.76,13,0,0.83,1
2.29,8.44,0.13,36.6,4.58,3,0,0.65,1
14.71,20.64,0.11,173.48,29.42,6,0,0.73,1
6.21,11.12,0.18,56.23,12.42,21,0,0.79,1
3.8,4.03,0.36,59.74,7.6,18,0,0.86,1
2.98,4.78,0.37,40.9,5.97,19,0,0.64,1
10.18,13.02,0.15,91.51,20.36,6,0,0.71,1
9.34,22.54,0.26,99.84,18.67,10,1,0.75,1
9.83,11.98,0.08,96.16,19.66,16,0,0.84,1
1.78,2.25,0.27,30.35,3.55,13,0,0.76,1
13.46,14.5,0.36,143.15,26.91,7,0,0.54,1
6.14,22.31,0.22,59.92,12.29,23,0,0.79,1
5.04,8.61,0.4,60.91,10.09,18,0,0.98,1
7.2,9.49,0.33,67.67,14.41,21,0,0.51,1
6.16,19.16,0.5,87.73,12.31,1,0,0.99,1
13.02,23.34,0.33,115.92,26.04,7,0,0.64,1
13.97,14.61,0.18,176.69,27.95,10,0,0.58,1
4.9,8.49,0.44,55.69,9.8,23,0,0.63,1
13.03,13.17,0.7,101.5,26.05,18,0,0.69,1
11.83,40.43,0.41,126.92,23.66,5,0,0.7,0
14.0,17.75,0.41,144.37,27.99,10,0,0.72,1
4.06,5.93,0.41,57.92,8.13,16,0,0.44,1
8.87,14.18,0.27,83.08,17.73,15,0,0.78,1
4.48,4.58,0.3,52.44,8.96,19,0,0.93,1
12.45,35.85,0.13,102.94,24.9,8,1,0.46,0
0.58,0.63,0.34,26.64,1.15,12,0,0.73,1
8.69,11.31,0.11,104.99,17.38,6,0,0.53,1
5.42,12.2,0.34,75.78,10.84,15,0,0.52,1
5.18,5.59,0.44,52.93,10.36,3,0,0.84,1
9.85,17.22,0.47,114.88,19.7,10,0,1.0,1
12.85,14.93,0.77,152.82,25.69,18,1,0.7,1
9.33,17.23,0.36,89.04,18.67,13,0,0.82,1
12.87,14.49,0.49,98.56,25.74,14,0,0.33,1
4.34,5.96,0.17,62.84,8.67,7,0,0.55,1
8.03,22.58,0.37,94.53,16.07,11,0,0.5,1
7.03,9.54,0.75,83.5,14.07,10,0,0.87,1
0.67,1.7,0.29,24.2,1.34,23,0,0.88,1
8.57,15.34,0.28,78.62,17.15,5,0,0.85,1
10.09,26.72,0.28,114.61,20.18,22,0,0.77,1
9.08,34.08,0.4,104.43,18.17,12,0,0.5,1
11.18,27.33,0.34,119.28,22.35,17,0,0.55,1
8.78,13.47,0.12,111.16,17.57,2,0,1.0,1
1.47,2.4,0.35,35.71,2.94,19,1,0.5,1
2.19,3.5,0.47,35.18,4.38,21,1,0.51,1
9.15,20.99,0.48,75.84,18.3,1,1,0.68,1
4.49,5.87,0.52,48.75,8.97,2,1,0.87,1
1.65,2.13,0.21,31.53,3.31,7,0,0.94,1
6.73,12.98,0.22,98.29,13.46,2,0,0.77,1
8.54,9.37,0.28,70.89,17.08,9,0,0.74,1
5.27,7.19,0.27,78.73,10.53,23,0,0.7,1
10.95,13.95,0.44,90.32,21.89,6,0,0.65,1
9.83,21.47,0.36,93.16,19.67,8,1,0.76,1
5.33,21.26,0.79,51.32,10.65,21,0,0.66,1
11.45,12.73,0.57,85.51,22.89,20,0,1.0,1
9.91,11.43,0.09,76.13,19.81,17,0,0.49,1
9.74,28.46,0.2,92.09,19.49,15,0,0.51,1
8.52,16.07,0.05,93.87,17.05,16,0,0.68,1
0.67,0.89,0.18,24.26,1.33,19,0,0.52,1
10.6,14.34,0.13,142.2,21.2,6,0,0.9,1
5.95,6.65,0.31,74.2,11.91,18,0,0.76,1
14.17,39.89,0.12,178.62,28.34,4,0,0.84,1
12.36,21.59,0.23,94.68,24.72,23,0,0.59,1
9.02,27.94,0.12,74.17,18.04,14,0,0.45,1
4.16,7.67,0.29,65.42,8.31,1,0,0.75,1
3.45,13.22,0.24,51.0,6.91,14,0,0.77,1
5.44,5.88,0.19,82.89,10.87,20,0,0.9,1
7.41,11.48,0.19,64.67,14.82,4,0,0.71,1
4.79,5.4,0.2,44.84,9.59,13,0,0.77,1
7.97,27.01,0.45,110.94,15.93,18,0,0.86,1
2.9,6.89,0.27,48.67,5.8,1,0,0.68,1
14.68,33.02,0.59,176.31,29.35,19,0,0.68,1
2.06,3.82,0.23,34.6,4.13,20,0,0.52,1
14.01,16.44,0.64,90.37,28.03,18,1,0.74,1
13.75,25.46,0.23,135.2,27.49,5,0,0.56,1
8.12,20.12,0.36,116.85,16.24,20,1,0.86,1
11.01,36.86,0.15,145.01,22.02,18,0,0.77,1
6.82,22.04,0.11,57.55,13.65,9,1,0.51,1
9.64,11.75,0.3,80.84,19.27,15,1,0.59,1
5.44,9.32,0.32,59.04,10.88,16,0,0.72,1
4.87,6.12,0.1,72.62,9.73,9,0,0.51,1
8.88,11.66,0.07,115.71,17.77,12,1,0.79,1
7.72,21.97,0.17,68.62,15.45,12,0,0.65,1
8.9,24.93,0.45,97.74,17.81,13,0,0.61,1
4.66,5.7,0.2,59.64,9.31,18,0,1.0,1
5.82,7.36,0.19,65.98,11.64,18,1,0.63,1
1.72,3.22,0.55,35.02,3.43,4,0,0.91,1
1.26,4.08,0.2,28.87,2.52,8,0,0.9,1
4.18,16.12,0.41,56.41,8.35,14,0,0.91,1
1.58,3.38,0.61,35.45,3.15,11,0,0.57,1
2.0,7.8,0.37,30.9,4.01,3,0,0.66,1
12.29,29.08,0.39,164.64,24.57,17,1,0.85,1
1.06,1.88,0.39,26.55,2.13,0,1,0.67,1
10.05,29.48,0.1,95.63,20.11,11,1,0.62,1
4.45,13.56,0.47,56.93,8.9,22,0,0.88,1
13.14,14.24,0.27,89.46,26.27,21,0,0.67,1
7.53,10.93,0.19,86.58,15.06,8,0,0.86,1
4.93,5.19,0.19,74.68,9.86,3,0,0.75,1
8.01,15.72,0.27,110.52,16.01,5,0,0.66,1
6.04,7.97,0.32,63.98,12.08,1,1,0.28,1
8.68,21.52,0.42,97.37,17.36,10,1,0.66,1
2.16,3.03,0.23,42.55,4.32,10,0,0.81,1
14.96,43.08,0.21,121.25,29.91,4,0,0.59,1
6.67,26.52,0.15,78.03,13.34,22,0,0.49,1
5.55,5.85,0.46,61.99,11.1,5,0,0.74,1
10.8,16.21,0.18,102.58,21.6,0,0,0.6,1
5.78,6.11,0.5,52.69,11.55,2,0,0.49,1
12.58,25.15,0.19,118.75,25.16,20,1,0.91,1
7.09,14.29,0.38,63.42,14.17,8,0,0.72,1
10.93,19.86,0.07,97.73,21.87,0,0,0.8,1
2.06,2.64,0.15,35.05,4.12,12,0,0.58,1
12.77,18.93,0.08,122.33,25.54,16,0,0.67,1
11.17,11.83,0.41,147.52,22.34,15,0,0.81,1
3.57,13.27,0.05,53.62,7.14,11,0,0.64,1
2.61,3.34,0.09,50.81,5.21,1,1,0.36,1
5.09,10.22,0.19,66.46,10.17,3,0,0.65,1
14.65,38.04,0.38,175.89,29.31,12,0,0.69,1
4.22,6.68,0.26,65.78,8.45,5,1,0.8,1
7.11,11.31,0.45,92.37,14.23,16,0,0.7,1
0.94,2.65,0.27,29.06,1.87,22,1,0.63,1
6.26,15.59,0.11,69.61,12.52,15,0,0.6,1
8.78,15.8,0.32,98.8,17.57,8,0,0.86,1
14.32,25.73,0.22,111.02,28.64,14,0,0.87,1
7.99,16.37,0.14,94.55,15.99,1,0,0.48,1
12.38,34.25,0.34,126.44,24.75,1,1,0.78,1
8.43,33.3,0.39,109.65,16.87,16,0,0.49,1
1.09,1.12,0.22,32.35,2.18,13,0,0.84,1
5.07,5.29,0.18,50.05,10.14,14,0,0.76,1
8.85,14.44,0.52,107.01,17.69,1,0,0.86,1
14.28,14.34,0.13,186.41,28.57,2,1,0.78,1
12.96,17.16,0.32,168.04,25.91,17,0,0.45,1
3.81,12.63,0.34,61.32,7.62,4,0,0.74,1
3.69,10.91,0.45,39.71,7.38,3,0,0.88,1
3.42,3.65,0.27,43.12,6.83,6,0,0.91,1
13.88,19.2,0.19,103.78,27.75,6,0,0.5,1
12.86,14.58,0.24,167.78,25.73,22,0,0.61,1
11.74,12.71,0.32,140.2,23.47,4,0,0.88,1
6.19,10.57,0.29,74.03,12.39,19,1,0.71,1
7.81,27.28,0.19,112.64,15.63,14,0,0.82,1
7.23,18.49,0.48,66.02,14.47,23,0,0.72,1
4.17,13.92,0.34,59.62,8.35,19,0,0.52,1
7.82,19.98,0.02,92.48,15.65,4,0,0.77,1
0.94,1.69,0.36,26.96,1.88,23,0,0.92,1
2.41,7.12,0.45,40.25,4.82,13,0,0.64,1
13.36,35.61,0.09,108.78,26.71,2,0,0.71,0
11.4,19.51,0.69,131.03,22.8,22,0,0.37,1
6.63,13.13,0.64,72.57,13.26,0,0,0.61,1
8.0,13.31,0.45,61.31,16.0,1,0,0.72,1
5.86,10.26,0.1,88.36,11.73,12,0,0.66,1
11.24,15.33,0.16,115.66,22.48,1,0,0.62,1
11.87,12.46,0.17,137.99,23.74,10,0,0.54,1
11.57,34.96,0.16,93.78,23.14,4,0,0.47,1
10.98,33.84,0.13,84.67,21.96,11,1,1.0,1
3.47,3.9,0.34,59.22,6.93,17,0,0.82,1
5.4,8.58,0.3,69.34,10.8,19,0,0.77,1
7.31,8.87,0.2,81.82,14.63,16,0,0.62,1
5.3,12.87,0.64,65.8,10.59,12,0,0.58,1
11.45,13.13,0.33,96.16,22.89,5,1,0.7,1
5.28,5.6,0.32,80.08,10.55,9,0,0.5,1
2.5,3.45,0.25,36.28,5.01,0,0,0.73,1
6.29,19.08,0.17,58.38,12.57,17,0,0.65,1
14.71,15.96,0.16,189.3,29.42,3,0,0.81,1
3.78,4.47,0.3,45.68,7.55,3,0,0.47,1
9.38,11.53,0.4,123.49,18.75,8,0,0.73,1
6.78,24.42,0.27,90.54,13.56,4,0,0.68,1
1.53,1.8,0.04,31.74,3.06,9,0,0.76,1
7.57,21.43,0.28,71.34,15.15,11,1,0.58,1
10.68,25.63,0.06,130.16,21.36,19,0,0.57,1
7.94,11.63,0.27,92.93,15.88,4,0,0.48,1
13.15,29.29,0.22,109.1,26.29,22,0,0.37,1
4.69,6.29,0.37,72.69,9.38,0,0,0.92,1
1.75,2.48,0.13,37.59,3.5,19,0,1.0,1
14.08,42.52,0.27,180.02,28.16,14,0,0.74,1
5.98,8.06,0.05,68.24,11.97,19,0,0.86,1
8.86,9.39,0.2,72.24,17.72,6,0,0.57,1
11.98,32.32,0.48,157.44,23.97,11,0,0.65,1
5.2,7.46,0.36,67.92,10.41,13,1,0.69,1
10.88,21.49,0.32,120.6,21.77,21,0,0.63,1
2.46,4.14,0.31,42.39,4.93,23,1,0.81,1
4.72,10.15,0.2,59.24,9.45,11,1,0.76,1
2.6,5.04,0.48,37.63,5.2,19,0,0.79,1
12.26,45.14,0.55,133.94,24.53,15,0,0.96,0
3.73,3.78,0.07,57.4,7.46,23,0,0.54,1
10.9,15.17,0.35,144.46,21.8,10,0,0.53,1
14.18,22.67,0.33,98.05,28.36,21,0,0.68,1
8.15,15.16,0.64,75.3,16.31,17,0,0.72,1
8.33,12.73,0.19,106.94,16.66,0,0,0.86,1
7.18,13.43,0.09,94.91,14.37,13,1,0.73,1
5.23,10.05,0.35,53.88,10.45,12,0,0.57,1
7.4,12.37,0.28,66.55,14.79,7,0,0.41,1
9.24,20.22,0.24,89.95,18.48,15,0,0.65,1
14.8,38.43,0.13,100.5,29.59,0,0,0.8,1
14.1,21.12,0.36,162.56,28.2,3,1,0.56,1
13.0,14.74,0.3,145.96,26.0,15,0,0.76,1
13.39,36.73,0.19,167.46,26.78,12,0,0.89,1
7.28,26.53,0.63,78.35,14.57,17,0,0.43,1
10.03,23.06,0.19,114.88,20.07,1,0,0.9,1
13.48,13.69,0.59,177.4,26.96,22,0,0.93,1
6.2,7.11,0.47,92.59,12.4,9,0,0.5,1
14.45,20.73,0.13,99.42,28.89,4,1,0.91,1
6.53,6.89,0.08,52.73,13.06,10,1,0.7,1
9.22,15.78,0.18,128.01,18.43,1,0,0.75,1
10.79,10.93,0.39,114.4,21.58,0,0,0.4,1
14.28,30.25,0.33,161.45,28.57,16,0,0.63,1
4.05,9.41,0.11,66.09,8.09,3,0,0.66,1
11.32,15.54,0.44,110.91,22.64,19,1,0.85,1
8.05,15.09,0.54,85.1,16.1,1,0,0.64,1
4.39,6.1,0.48,47.11,8.79,17,0,0.58,1
11.76,24.57,0.19,153.38,23.52,3,0,0.53,1
8.51,11.92,0.4,101.11,17.01,23,0,0.69,1
10.08,22.08,0.2,83.15,20.17,21,1,0.71,1
5.18,17.98,0.28,66.22,10.36,0,1,0.82,1
7.48,8.01,0.26,74.57,14.96,13,1,0.55,1
9.45,10.36,0.27,77.0,18.9,23,0,0.58,1
6.37,6.51,0.31,59.97,12.74,20,0,0.9,1
3.38,4.29,0.04,50.1,6.75,12,0,0.85,1
14.44,18.95,0.38,149.28,28.89,9,0,0.85,1
7.92,11.83,0.08,103.36,15.83,12,1,0.43,1
11.14,32.35,0.55,95.05,22.28,10,0,0.55,0
6.46,16.48,0.38,93.72,12.92,5,0,0.73,1
5.65,12.09,0.37,68.76,11.3,22,0,0.72,1
6.4,6.98,0.24,61.17,12.81,5,1,0.6,1
6.43,16.94,0.2,70.78,12.87,18,0,0.8,1
8.39,8.91,0.31,116.19,16.78,9,1,0.72,1
8.38,13.05,0.4,89.95,16.76,17,0,0.77,1
7.71,9.8,0.28,105.74,15.42,12,0,0.65,1
2.45,7.38,0.28,35.02,4.91,15,0,0.58,1
7.69,17.03,0.22,107.68,15.39,17,0,0.8,1
2.95,3.05,0.05,43.66,5.9,2,0,0.76,1
2.33,5.18,0.18,46.91,4.66,14,0,0.53,1
14.02,29.69,0.43,175.13,28.05,21,0,0.71,1
9.27,23.28,0.37,109.19,18.54,16,1,0.65,1
10.06,29.02,0.36,117.71,20.13,2,0,0.58,1
6.33,14.89,0.54,61.0,12.65,1,0,0.69,1
13.68,18.7,0.07,146.13,27.36,12,1,0.63,1
9.75,16.48,0.74,106.25,19.5,3,0,0.67,1
11.65,17.51,0.56,105.52,23.31,0,0,0.93,1
5.84,17.1,0.27,69.91,11.69,10,0,0.77,1
14.42,16.93,0.11,185.89,28.84,18,0,0.85,1
12.4,14.79,0.26,82.44,24.79,10,1,0.61,1
12.88,48.39,0.19,122.03,25.76,19,0,0.61,0
3.0,5.57,0.32,41.98,5.99,4,0,0.78,1
4.43,14.69,0.2,71.95,8.86,14,0,0.39,1
4.64,5.5,0.16,74.85,9.28,19,0,0.56,1
4.43,5.51,0.37,60.29,8.86,4,0,0.78,1
12.9,13.93,0.38,134.2,25.81,16,0,0.75,1
0.96,2.25,0.16,30.9,1.92,7,0,0.63,1
1.6,2.71,0.35,28.09,3.21,1,0,0.72,1
4.47,11.51,0.47,59.96,8.94,5,0,0.61,1
3.4,6.43,0.6,37.58,6.8,17,0,0.88,1
3.86,6.02,0.3,65.48,7.72,17,0,0.86,1
12.07,41.62,0.17,107.4,24.14,13,0,0.52,1
8.67,11.02,0.15,94.92,17.33,23,0,0.53,1
0.58,0.89,0.3,24.62,1.17,2,0,0.98,1
6.73,7.71,0.44,95.69,13.45,23,0,0.65,1
6.41,14.13,0.4,96.96,12.83,1,0,0.85,1
2.15,2.32,0.15,31.79,4.3,16,0,0.59,1
10.3,10.31,0.39,124.32,20.61,0,0,0.62,1
10.68,11.37,0.26,100.91,21.36,22,0,0.65,1
10.95,13.14,0.35,85.43,21.91,7,0,0.77,1
11.06,12.87,0.05,106.71,22.13,0,0,0.73,1
0.5,0.74,0.44,26.0,1.0,18,0,0.47,1
14.33,36.5,0.1,127.53,28.66,11,0,0.58,0
12.31,16.24,0.33,105.43,24.61,3,0,0.6,1
13.61,17.34,0.22,168.64,27.22,11,0,0.69,1
0.73,0.73,0.14,28.05,1.45,23,0,0.77,1
14.04,21.4,0.21,123.51,28.08,22,0,0.69,1
12.24,26.99,0.01,106.8,24.48,20,0,0.48,1
12.64,16.57,0.13,140.47,25.28,11,1,0.75,1
1.85,1.88,0.21,31.92,3.71,6,0,0.64,1
11.21,29.28,0.21,114.02,22.42,17,0,0.89,1
14.42,29.16,0.16,106.36,28.84,6,0,0.67,1
10.34,15.75,0.23,93.75,20.68,10,0,0.62,1
8.77,23.23,0.29,82.13,17.55,0,0,0.62,1
14.21,53.29,0.37,160.19,28.42,21,1,0.79,0
6.92,13.77,0.34,68.29,13.85,7,0,0.52,1
9.19,10.22,0.33,123.75,18.38,6,0,0.56,1
7.41,26.21,0.21,108.0,14.81,20,0,0.65,1
14.03,24.53,0.56,98.09,28.05,18,0,0.79,1
1.6,1.95,0.32,32.48,3.21,22,0,0.7,1
7.77,8.05,0.21,75.24,15.53,8,0,0.7,1
10.46,10.58,0.29,98.08,20.92,9,0,0.79,1
11.98,21.15,0.31,102.17,23.97,22,0,0.55,1
8.95,9.3,0.36,88.75,17.91,0,0,0.8,1
13.68,49.46,0.39,101.94,27.36,12,1,0.82,0
14.16,17.49,0.49,118.53,28.32,12,0,0.92,1
1.43,1.96,0.66,34.66,2.87,15,0,1.0,1
6.33,14.49,0.07,66.93,12.67,22,0,0.78,1
0.84,1.33,0.33,25.42,1.68,14,0,0.84,1
5.28,15.2,0.18,50.39,10.55,1,1,0.61,1
8.28,9.17,0.25,81.6,16.57,14,0,0.79,1
13.71,26.44,0.22,150.26,27.41,6,0,0.98,1
12.78,17.75,0.1,106.53,25.55,11,0,0.48,1
2.35,6.36,0.28,38.69,4.7,11,0,0.87,1
1.85,4.57,0.22,41.57,3.7,4,0,0.78,1
9.04,9.1,0.11,100.19,18.09,5,0,0.82,1
8.22,10.08,0.29,91.67,16.43,5,0,0.77,1
4.36,4.49,0.14,54.33,8.72,18,0,0.49,1
13.54,28.7,0.15,140.5,27.08,14,0,0.42,1
13.95,37.35,0.47,185.86,27.89,8,0,0.71,1
6.34,10.1,0.06,62.95,12.68,12,0,0.49,1
13.41,21.59,0.29,175.46,26.82,2,0,0.95,1
6.07,15.92,0.46,56.67,12.13,14,0,0.55,1
11.18,13.98,0.33,84.62,22.37,1,0,0.86,1
7.4,14.2,0.45,90.92,14.8,1,0,0.75,1
2.28,5.84,0.18,35.39,4.55,6,0,0.81,1
13.96,27.97,0.06,133.19,27.91,13,0,0.56,1
7.08,10.53,0.29,91.61,14.17,12,0,0.99,1
11.15,14.03,0.28,117.49,22.3,11,0,0.7,1
5.82,9.53,0.26,49.68,11.65,6,0,1.0,1
0.77,1.2,0.22,25.53,1.55,1,0,0.77,1
1.96,5.53,0.13,30.67,3.92,14,0,0.59,1
7.7,8.22,0.23,108.36,15.39,3,0,0.79,1
10.5,11.1,0.08,130.95,21.01,20,0,0.83,1
5.35,7.02,0.84,83.64,10.71,17,0,0.64,1
10.58,40.21,0.13,138.5,21.17,23,0,0.77,1
10.63,16.28,0.17,108.52,21.26,5,0,0.84,1
10.71,14.83,0.34,139.69,21.41,20,0,0.55,1
7.64,7.67,0.06,94.18,15.28,23,0,0.6,1
13.77,13.81,0.47,139.38,27.53,21,0,0.53,1
7.59,8.5,0.35,77.67,15.19,10,0,0.97,1
7.03,23.6,0.71,88.65,14.06,6,0,0.64,1
3.39,3.51,0.16,50.96,6.78,7,0,0.98,1
4.96,6.99,0.15,66.13,9.92,9,0,0.7,1
1.11,1.31,0.09,28.69,2.23,6,0,0.37,1
9.69,17.44,0.3,118.56,19.37,6,0,0.81,1
4.1,8.38,0.28,42.86,8.21,23,0,0.78,1
4.91,8.22,0.08,69.51,9.82,5,0,0.66,1
11.68,32.42,0.18,138.11,23.35,3,0,0.68,1
5.24,10.13,0.23,65.17,10.49,8,0,0.9,1
4.01,4.49,0.55,47.45,8.02,23,0,0.7,1
2.95,10.6,0.46,45.48,5.9,3,1,0.65,1
11.74,32.31,0.14,88.79,23.47,2,0,0.38,1
2.38,6.92,0.2,36.66,4.76,11,0,0.82,1
7.08,12.82,0.29,76.28,14.16,20,0,0.72,1
7.85,7.87,0.19,96.25,15.7,10,1,0.73,1
10.47,27.54,0.27,86.05,20.93,10,1,0.8,1
9.68,26.96,0.23,79.13,19.37,7,0,0.76,1
12.26,13.09,0.45,133.42,24.51,8,1,0.51,1
1.15,1.26,0.4,31.21,2.3,5,0,0.62,1
4.8,17.5,0.17,46.8,9.6,2,0,0.74,1
4.56,5.61,0.11,43.87,9.12,21,0,0.71,1
2.62,3.53,0.55,35.78,5.23,9,0,0.42,1
4.69,5.68,0.23,73.07,9.39,12,0,0.6,1
4.99,8.04,0.33,68.46,9.98,8,0,0.88,1
8.07,8.12,0.23,112.35,16.13,17,0,0.18,1
10.12,35.79,0.17,117.72,20.25,2,1,0.32,0
6.03,14.15,0.33,90.85,12.05,6,0,0.67,1
10.93,19.97,0.27,108.25,21.86,4,0,0.73,1
5.37,9.15,0.29,69.41,10.75,15,0,0.67,1
4.71,5.0,0.33,63.36,9.42,8,0,0.83,1
8.35,12.46,0.11,61.92,16.69,12,0,1.0,1
0.84,2.97,0.13,24.38,1.69,11,0,0.83,1
1.66,2.98,0.28,29.97,3.31,0,0,0.42,1
6.56,11.67,0.39,76.28,13.12,23,0,0.57,1
14.17,14.55,0.22,133.57,28.34,21,1,0.71,1
10.96,15.67,0.26,116.23,21.92,17,0,0.45,1
1.78,2.45,0.14,38.85,3.56,5,0,0.77,1
12.77,16.27,0.18,157.37,25.54,16,0,0.79,1
11.12,13.44,0.18,151.63,22.24,22,1,0.38,1
9.36,12.89,0.3,103.32,18.72,18,0,0.72,1
12.39,28.97,0.33,112.1,24.79,19,0,0.75,1
6.36,7.02,0.59,65.51,12.72,5,0,0.51,1
3.71,4.64,0.33,47.41,7.42,4,0,0.66,1
7.92,9.83,0.6,77.58,15.85,1,0,0.78,1
8.46,8.48,0.23,85.55,16.92,23,0,0.61,1
8.31,9.75,0.06,65.88,16.61,9,0,0.86,1
8.69,9.97,0.19,102.02,17.39,10,0,0.54,1
14.26,14.8,0.34,147.97,28.51,23,1,0.66,1
13.58,37.38,0.45,131.84,27.17,1,0,0.65,0
13.2,21.17,0.37,93.48,26.4,17,0,0.67,1
12.12,17.68,0.26,88.51,24.24,15,0,0.74,1
14.18,28.53,0.17,145.0,28.36,22,1,0.57,1
1.93,2.19,0.25,30.13,3.86,2,0,0.6,1
4.34,5.29,0.25,63.76,8.69,10,0,0.54,1
7.68,9.71,0.1,111.81,15.36,21,0,0.72,1
12.77,12.8,0.5,137.3,25.55,2,0,0.8,1
7.82,17.6,0.22,98.75,15.65,5,0,0.66,1
11.35,14.15,0.08,111.6,22.69,23,0,0.58,1
2.51,3.79,0.63,44.32,5.03,22,0,0.59,1
4.16,8.58,0.35,59.78,8.32,22,0,0.79,1
11.11,29.99,0.31,139.65,22.22,4,1,0.38,1
2.89,3.13,0.09,48.83,5.78,9,0,0.66,1
5.59,8.03,0.56,77.31,11.19,19,1,0.57,1
4.34,5.0,0.11,58.62,8.68,10,0,0.57,1
5.57,8.46,0.25,66.77,11.15,23,0,0.81,1
10.77,25.95,0.36,108.44,21.54,17,0,0.68,1
5.83,11.59,0.67,65.18,11.67,20,0,0.57,1
8.55,15.95,0.26,78.68,17.1,6,0,0.75,1
1.95,1.99,0.2,30.2,3.9,15,0,0.77,1
12.17,47.88,0.57,138.05,24.35,20,1,0.87,0
5.86,5.93,0.2,86.3,11.73,23,0,0.72,1
9.9,10.05,0.11,134.03,19.81,14,0,0.62,1
11.02,11.05,0.2,119.87,22.04,7,0,0.94,1
3.54,5.83,0.33,40.03,7.08,20,1,0.92,1
13.33,13.7,0.07,168.61,26.66,7,0,1.0,1
9.44,17.26,0.36,116.56,18.87,1,0,0.87,1
6.72,24.9,0.62,65.4,13.43,14,0,0.8,1
3.14,7.52,0.39,53.4,6.29,14,1,0.34,1
14.16,14.77,0.11,137.61,28.33,11,0,0.94,1
11.45,43.98,0.06,148.37,22.9,10,0,0.7,0
3.52,5.33,0.66,43.68,7.03,4,0,0.67,1
5.4,17.6,0.1,77.24,10.79,20,0,0.77,1
12.24,26.33,0.13,142.2,24.48,8,0,0.6,1
10.59,33.5,0.39,74.01,21.17,11,0,0.86,1
11.6,12.97,0.31,123.78,23.21,1,0,0.46,1
6.9,9.95,0.17,89.03,13.79,2,0,0.85,1
10.89,11.75,0.04,86.37,21.78,21,1,0.78,1
6.1,7.97,0.31,73.25,12.21,5,0,0.7,1
3.56,3.64,0.19,45.4,7.13,19,1,0.9,1
9.67,15.3,0.27,115.52,19.35,18,0,0.81,1
14.65,20.1,0.48,148.66,29.3,7,0,1.0,1
5.0,7.33,0.46,66.79,10.01,16,0,0.61,1
7.18,11.72,0.52,59.57,14.37,8,0,0.71,1
10.27,11.61,0.47,81.27,20.55,0,0,0.73,1
8.35,11.39,0.33,94.04,16.7,12,0,0.86,1
12.73,14.96,0.12,99.79,25.46,17,0,0.72,1
11.55,13.75,0.19,118.03,23.09,19,0,0.5,1
1.35,3.42,0.23,33.22,2.69,20,0,0.31,1
14.98,20.3,0.43,179.78,29.95,19,0,0.58,1
11.41,28.54,0.36,88.47,22.82,11,0,0.77,1
13.03,18.95,0.53,152.78,26.05,11,0,0.75,1
9.94,13.12,0.13,94.99,19.88,11,0,0.56,1
12.92,12.94,0.47,145.96,25.83,9,0,0.66,1
2.13,7.8,0.37,32.81,4.26,7,0,0.51,1
5.54,17.4,0.4,67.7,11.08,11,0,0.61,1
13.21,42.92,0.7,163.48,26.42,20,0,0.85,0
3.42,6.24,0.32,39.67,6.85,15,0,0.57,1
1.63,1.89,0.43,37.64,3.27,17,0,0.88,1
11.93,13.51,0.06,117.44,23.86,16,0,0.43,1
12.61,15.71,0.22,155.77,25.23,10,0,0.6,1
2.86,3.1,0.2,53.47,5.72,8,0,0.99,1
12.89,26.19,0.16,98.84,25.78,20,1,0.31,1
10.46,33.08,0.2,121.67,20.92,2,0,0.69,1
8.04,27.39,0.23,73.44,16.08,3,0,0.8,1
12.54,14.1,0.2,94.59,25.08,16,0,0.71,1
6.58,8.25,0.17,81.82,13.16,7,0,0.85,1
3.31,4.28,0.11,39.07,6.63,16,0,0.84,1
4.63,9.17,0.06,58.23,9.26,4,1,0.6,1
7.82,14.63,0.16,93.96,15.65,15,0,0.8,1
8.2,8.47,0.62,89.72,16.41,16,1,0.65,1
12.18,40.9,0.55,140.34,24.36,7,0,0.75,1
11.97,14.42,0.21,147.05,23.95,20,0,0.6,1
8.93,18.52,0.34,119.17,17.86,11,0,1.0,1
11.82,42.33,0.33,125.44,23.64,14,0,0.64,0
3.28,4.07,0.19,42.76,6.56,4,0,0.55,1
1.23,2.46,0.13,30.5,2.45,22,0,0.85,1
13.17,16.63,0.15,121.57,26.34,21,0,0.68,1
1.6,2.04,0.17,30.5,3.19,9,0,0.85,1
4.08,6.26,0.49,55.48,8.15,14,0,0.66,1
10.58,12.7,0.42,74.59,21.16,8,1,0.51,1
6.44,9.39,0.12,79.47,12.87,14,0,0.87,1
13.21,28.4,0.25,161.99,26.41,14,0,0.55,1
4.82,6.02,0.37,77.83,9.64,15,0,0.55,1
0.67,0.97,0.07,27.7,1.34,23,0,0.67,1
4.86,18.72,0.39,47.35,9.72,7,1,0.6,1
8.88,9.59,0.16,74.51,17.76,18,0,0.56,1
5.95,9.03,0.07,55.53,11.9,12,0,0.48,1
8.26,9.16,0.2,93.55,16.51,13,0,0.83,1
13.21,14.48,0.48,90.3,26.42,2,0,0.91,1
13.73,23.52,0.24,178.72,27.46,4,0,0.6,1
4.36,6.91,0.35,43.67,8.71,23,0,0.89,1
7.2,12.82,0.07,75.73,14.4,18,0,0.76,1
8.46,14.41,0.12,115.27,16.93,2,0,0.8,1
14.26,15.48,0.13,185.99,28.52,15,0,0.79,1
14.98,17.81,0.08,143.69,29.96,7,0,0.62,1
3.91,11.35,0.02,52.95,7.83,3,0,0.59,1
11.04,15.6,0.48,124.38,22.08,11,0,0.67,1
5.98,6.0,0.36,66.98,11.96,15,0,0.68,1
0.62,0.89,0.45,24.49,1.24,16,0,0.84,1
0.63,0.76,0.09,26.45,1.27,4,0,0.75,1
7.18,8.68,0.11,85.81,14.36,14,0,0.71,1
7.58,14.79,0.46,83.46,15.16,4,0,0.78,1
0.83,1.56,0.37,24.72,1.65,19,0,0.55,1
10.46,13.19,0.49,77.34,20.92,15,0,0.78,1
4.76,7.62,0.19,60.85,9.53,5,0,0.73,1
8.62,12.71,0.21,100.46,17.24,3,0,1.0,1
4.86,6.2,0.11,66.7,9.73,22,0,0.52,1
2.92,3.51,0.42,52.93,5.85,7,0,0.77,1
6.4,14.12,0.5,88.61,12.81,10,0,0.6,1
3.87,10.74,0.09,43.15,7.74,10,0,0.72,1
8.25,17.61,0.33,107.18,16.51,10,0,0.9,1
3.38,5.36,0.15,52.93,6.77,16,0,0.98,1
7.87,15.54,0.69,104.99,15.74,11,0,0.59,1
2.78,4.11,0.32,50.33,5.56,13,0,0.66,1
10.23,35.26,0.06,95.89,20.46,7,0,0.38,1
11.43,18.08,0.14,98.23,22.86,19,0,0.95,1
2.1,3.99,0.13,38.63,4.2,17,1,0.6,1
7.28,11.19,0.29,71.64,14.57,1,0,0.43,1
1.53,2.69,0.15,31.38,3.06,2,0,0.73,1
9.17,19.81,0.43,70.31,18.35,10,1,0.53,1
4.33,4.67,0.44,71.74,8.67,21,0,0.56,1
8.15,20.98,0.41,78.4,16.3,19,1,0.58,1
8.0,10.52,0.17,103.72,16.01,4,0,0.89,1
13.9,14.74,0.24,186.17,27.81,7,1,0.96,1
8.46,12.94,0.24,119.71,16.92,6,0,0.77,1
8.95,9.87,0.07,104.5,17.91,7,0,0.67,1
6.32,18.4,0.74,75.47,12.65,18,1,0.51,1
14.26,22.99,0.19,122.18,28.52,10,0,0.64,1
11.77,19.85,0.66,149.82,23.54,17,0,0.75,1
4.64,18.11,0.34,54.17,9.28,21,0,0.8,1
12.74,21.88,0.16,93.22,25.48,15,1,0.8,1
6.77,12.85,0.43,67.79,13.54,18,0,0.77,1
12.52,16.64,0.16,110.18,25.03,14,0,0.77,1
12.43,13.03,0.5,144.68,24.86,14,0,0.76,1
3.24,10.3,0.36,40.04,6.48,16,0,0.79,1
10.67,21.52,0.38,96.99,21.33,14,0,0.5,1
4.71,8.09,0.14,46.1,9.43,7,0,0.52,1
4.81,8.14,0.16,72.66,9.63,10,0,0.85,1
4.8,5.77,0.43,68.32,9.59,2,0,0.72,1
11.02,18.92,0.62,108.85,22.04,12,1,0.86,1
3.83,14.17,0.29,50.7,7.66,5,0,0.84,1
0.51,0.66,0.19,23.16,1.03,8,1,0.61,1
10.87,11.9,0.19,103.61,21.74,22,0,0.89,1
2.98,4.69,0.26,53.84,5.96,19,0,0.93,1
2.01,2.94,0.2,32.03,4.03,21,0,0.68,1
3.94,10.6,0.22,60.84,7.89,15,1,0.91,1
6.01,14.46,0.03,52.03,12.02,11,0,0.64,1
7.4,17.36,0.37,73.15,14.8,16,0,0.79,1
1.15,2.0,0.26,32.53,2.29,1,0,0.85,1
14.57,15.4,0.44,138.26,29.15,0,1,0.62,1
10.88,16.97,0.04,127.95,21.77,15,0,0.68,1
5.19,13.16,0.13,49.69,10.37,4,0,0.61,1
5.12,11.39,0.59,70.1,10.24,20,0,0.67,1
7.0,13.02,0.27,95.17,14.01,16,0,0.93,1
9.58,13.35,0.38,121.91,19.16,16,0,0.67,1
2.62,4.52,0.17,41.17,5.24,23,1,0.71,1
3.24,5.95,0.27,56.7,6.48,7,0,0.8,1
12.96,19.24,0.36,136.98,25.92,14,0,0.59,1
4.22,9.77,0.1,65.21,8.43,11,1,0.53,1
6.01,19.45,0.21,59.05,12.03,16,0,0.62,1
13.13,48.95,0.13,105.0,26.27,9,0,0.63,0
10.12,23.07,0.11,123.99,20.23,11,0,0.63,1
5.45,17.12,0.18,71.97,10.91,22,1,0.85,1
10.41,20.73,0.09,121.37,20.83,19,1,0.43,1
0.79,0.95,0.25,25.23,1.57,16,0,0.95,1
11.17,14.19,0.13,107.07,22.33,19,0,0.89,1
7.56,10.68,0.82,71.49,15.12,11,0,0.39,1
12.29,13.82,0.56,87.32,24.58,7,0,0.74,1
14.34,31.07,0.67,112.19,28.68,17,0,0.51,1
13.92,15.24,0.15,186.62,27.85,14,0,0.72,1
13.68,24.91,0.36,110.84,27.37,8,1,0.54,1
7.93,14.39,0.29,68.47,15.85,22,0,0.61,1
5.72,10.33,0.53,76.52,11.44,20,0,0.66,1
7.24,22.38,0.09,86.74,14.49,13,0,0.74,1
10.5,10.7,0.54,127.37,21.01,7,0,0.69,1
13.32,37.63,0.39,147.53,26.64,13,0,0.71,1
3.5,6.92,0.25,42.97,7.0,10,0,0.88,1
13.81,28.22,0.28,137.5,27.63,12,0,0.81,1
12.32,40.26,0.13,96.83,24.64,6,0,0.73,0
14.69,40.34,0.43,119.54,29.39,10,0,0.65,0
13.26,46.76,0.38,177.95,26.53,11,0,0.96,0
4.56,9.71,0.21,66.05,9.12,10,0,0.82,1
2.04,2.26,0.42,41.34,4.07,5,0,0.58,1
2.13,4.22,0.24,31.09,4.25,8,0,0.78,1
4.72,13.78,0.27,56.25,9.45,10,0,0.79,1
9.41,12.81,0.32,103.59,18.81,0,0,0.8,1
12.16,12.19,0.28,93.56,24.33,18,1,0.71,1
13.54,31.91,0.32,168.12,27.08,15,0,1.0,1
9.54,20.76,0.35,77.05,19.09,16,1,0.76,1
0.58,0.59,0.63,25.5,1.16,19,0,0.39,1
3.2,8.34,0.33,48.41,6.4,6,0,0.37,1
1.95,3.07,0.43,41.3,3.89,0,1,0.48,1
5.77,13.42,0.02,61.43,11.54,12,0,0.77,1
7.77,8.18,0.18,74.3,15.54,14,0,0.85,1
1.13,1.15,0.24,32.34,2.26,2,0,0.92,1
5.55,6.45,0.42,56.37,11.11,3,1,0.68,1
3.1,6.37,0.2,51.67,6.2,2,1,0.68,1
9.88,17.88,0.15,82.64,19.77,8,0,0.79,1
7.23,16.75,0.4,100.49,14.46,14,0,0.68,1
7.68,8.37,0.26,103.53,15.36,5,0,0.78,1
6.7,7.16,0.29,90.45,13.4,5,0,0.6,1
14.36,25.46,0.13,141.22,28.72,7,0,0.74,1
3.61,4.87,0.33,38.92,7.23,21,0,0.67,1
7.99,21.36,0.11,67.37,15.98,23,0,0.93,1
11.17,19.39,0.7,111.57,22.34,14,0,0.8,1
8.57,11.85,0.05,65.49,17.15,11,0,1.0,1
13.97,25.92,0.32,96.06,27.94,12,0,0.78,1
5.98,11.54,0.4,55.16,11.96,19,0,0.62,1
7.22,28.81,0.49,69.31,14.45,4,1,0.61,1
1.78,2.09,0.3,38.27,3.57,5,0,0.62,1
9.33,10.17,0.17,69.79,18.66,6,0,0.84,1
4.68,4.79,0.6,75.61,9.36,4,0,0.75,1
2.82,3.58,0.17,39.54,5.65,4,0,0.67,1
8.4,12.69,0.05,80.8,16.79,9,0,0.86,1
8.22,18.18,0.24,75.35,16.44,4,0,0.84,1
1.6,1.6,0.13,34.75,3.2,6,0,0.78,1
10.62,15.35,0.34,74.57,21.25,13,0,0.63,1
9.54,12.54,0.23,73.98,19.09,14,0,0.5,1
3.24,4.25,0.11,38.44,6.48,18,0,0.86,1
7.31,8.27,0.32,90.52,14.61,9,0,0.76,1
10.94,42.54,0.2,99.97,21.89,23,0,0.87,0
8.18,19.69,0.18,85.93,16.35,9,0,0.47,1
6.23,8.32,0.22,92.63,12.47,19,0,0.76,1
5.17,5.62,0.18,53.11,10.35,13,1,0.49,1
9.35,12.24,0.04,71.35,18.7,3,0,0.72,1
14.12,25.2,0.37,134.21,28.23,13,0,0.68,1
10.24,19.65,0.04,82.96,20.48,5,1,0.83,1
1.58,1.97,0.27,29.52,3.17,14,0,0.82,1
7.18,8.91,0.28,76.51,14.36,23,0,0.64,1
13.42,19.02,0.09,149.98,26.83,8,0,0.69,1
1.87,3.99,0.08,32.53,3.74,0,0,0.63,1
14.84,15.72,0.32,185.18,29.68,17,0,0.41,1
14.26,21.48,0.41,127.49,28.52,14,0,0.7,1
1.63,1.94,0.24,38.86,3.27,14,1,0.36,1
14.03,34.17,0.5,138.55,28.07,5,0,0.56,1
5.77,11.35,0.2,78.16,11.53,14,0,0.74,1
12.75,14.07,0.43,159.51,25.5,6,0,0.72,1
6.57,22.83,0.15,77.18,13.13,13,0,0.83,1
6.89,10.87,0.14,95.49,13.78,9,0,0.69,1
9.7,15.86,0.52,94.14,19.39,20,1,0.87,1
11.73,14.42,0.21,108.49,23.46,11,0,0.78,1
0.99,2.15,0.2,30.45,1.98,4,0,0.74,1
9.1,21.97,0.71,80.87,18.2,21,0,0.47,1
3.21,3.4,0.31,52.14,6.42,5,0,0.95,1
5.52,8.13,0.32,50.56,11.03,3,0,0.52,1
5.55,16.88,0.02,72.4,11.09,13,1,0.74,1
7.3,18.49,0.18,104.65,14.6,9,0,1.0,1
5.34,5.35,0.19,63.8,10.69,6,0,0.39,1
2.06,5.18,0.15,36.27,4.11,8,0,0.63,1
2.61,3.69,0.2,42.94,5.22,15,0,0.32,1
0.98,1.74,0.13,29.88,1.97,13,0,0.81,1
7.32,8.01,0.52,74.98,14.64,1,0,0.69,1
14.34,17.56,0.46,91.71,28.68,23,0,0.61,1
2.18,3.12,0.38,38.54,4.35,9,0,0.57,1
14.22,55.11,0.47,132.84,28.44,9,0,0.65,0
11.13,12.24,0.24,117.19,22.27,5,0,0.79,1
9.74,16.7,0.14,117.51,19.49,2,0,0.57,1
9.86,10.39,0.27,88.84,19.71,1,0,0.66,1
12.49,20.09,0.44,126.6,24.98,9,0,0.72,1
2.05,2.66,0.46,33.89,4.1,5,0,0.64,1
7.82,25.89,0.53,84.24,15.64,21,0,0.73,1
10.61,13.11,0.44,98.62,21.22,20,0,0.53,1
9.01,17.89,0.22,88.32,18.02,19,0,0.57,1
12.58,24.49,0.39,133.88,25.15,1,0,0.68,1
1.55,4.57,0.3,35.21,3.1,3,0,0.47,1
10.52,29.2,0.18,73.51,21.03,0,0,0.63,1
8.24,21.17,0.6,111.8,16.49,11,0,0.64,1
6.0,12.09,0.1,65.29,12.0,9,0,0.8,1
5.43,5.91,0.11,71.65,10.87,3,1,0.86,1
9.5,18.06,0.42,75.65,19.0,11,0,0.87,1
13.42,16.92,0.27,140.78,26.84,23,0,0.74,1
7.69,24.66,0.38,95.02,15.39,9,0,0.5,1
12.46,17.97,0.28,96.02,24.92,18,0,0.53,1
6.33,10.36,0.47,92.08,12.66,2,0,0.76,1
1.98,2.02,0.13,40.45,3.97,21,1,0.81,1
1.39,1.57,0.09,32.16,2.78,13,0,0.51,1
1.24,2.11,0.14,27.67,2.49,14,0,0.91,1
6.01,7.23,0.23,86.49,12.02,1,0,0.88,1
5.39,13.65,0.07,49.54,10.78,15,1,0.92,1
10.91,16.24,0.25,83.35,21.82,3,0,0.73,1
11.27,36.84,0.19,131.44,22.54,4,0,0.52,1
1.24,2.42,0.17,28.39,2.47,23,1,0.79,1
3.71,8.84,0.41,50.45,7.41,13,0,0.68,1
4.48,5.67,0.21,59.27,8.95,3,0,0.7,1
8.44,13.67,0.1,89.28,16.88,13,0,0.9,1
2.6,3.19,0.21,34.5,5.19,4,0,0.62,1
2.44,3.84,0.21,44.82,4.88,12,0,0.75,1
14.18,45.05,0.22,114.75,28.37,19,0,0.64,0
12.16,15.17,0.2,143.67,24.32,18,0,0.61,1
3.12,3.57,0.19,54.49,6.24,5,0,0.6,1
6.4,6.89,0.55,75.99,12.79,8,0,0.58,1
5.66,8.33,0.43,76.25,11.31,21,0,0.53,1
11.97,14.68,0.11,82.94,23.94,22,0,1.0,1
7.9,9.7,0.16,61.52,15.8,7,0,0.7,1
2.35,6.42,0.13,35.02,4.71,0,1,0.77,1
11.22,30.05,0.73,104.21,22.43,6,0,0.61,1
6.25,20.63,0.12,59.28,12.51,23,0,0.55,1
4.31,8.8,0.55,60.73,8.62,11,0,0.59,1
5.94,9.82,0.39,61.25,11.89,6,0,0.58,1
7.72,7.73,0.17,104.28,15.43,16,0,0.72,1
5.48,9.55,0.19,68.86,10.95,17,0,0.67,1
4.01,5.04,0.1,50.64,8.02,15,0,0.97,1
6.28,8.15,0.06,90.64,12.56,3,0,0.58,1
0.78,1.93,0.34,28.4,1.56,4,0,0.77,1
11.7,39.82,0.44,145.67,23.4,8,0,0.39,1
2.98,4.52,0.61,50.08,5.96,8,0,0.63,1
1.14,1.47,0.4,30.57,2.27,11,0,1.0,1
9.98,9.99,0.09,95.52,19.96,1,0,0.51,1
11.72,22.59,0.86,113.29,23.44,22,0,0.82,1
12.3,13.34,0.37,137.22,24.6,2,1,0.76,1
7.66,14.27,0.18,67.54,15.31,7,0,0.64,1
3.48,4.53,0.27,57.54,6.96,8,0,0.48,1
11.19,16.02,0.11,149.47,22.38,10,0,0.65,1
10.65,36.74,0.42,80.53,21.29,12,0,0.59,0
4.07,13.18,0.46,40.99,8.14,19,0,0.55,1
13.6,51.21,0.5,101.58,27.2,17,0,0.39,0
2.01,3.81,0.23,40.78,4.03,13,0,0.68,1
14.75,18.22,0.48,104.88,29.5,10,0,0.59,1
12.97,34.18,0.35,118.67,25.95,1,0,0.54,1
10.47,14.87,0.21,77.0,20.95,14,0,0.49,1
14.11,30.24,0.26,133.29,28.22,1,0,0.59,1
10.97,12.94,0.5,121.25,21.95,12,0,0.79,1
3.26,3.84,0.5,50.66,6.52,21,1,0.74,1
6.91,8.31,0.27,79.66,13.82,10,0,0.72,1
1.54,2.39,0.36,37.78,3.07,20,0,0.58,1
6.15,13.27,0.45,73.62,12.3,14,1,0.95,1
11.25,13.13,0.13,143.95,22.51,5,1,0.61,1
6.1,15.67,0.19,92.94,12.21,14,0,0.75,1
5.29,11.32,0.17,54.95,10.58,15,0,0.85,1
9.13,23.54,0.38,82.64,18.27,0,0,0.66,1
13.15,17.4,0.45,133.76,26.29,22,0,0.39,1
1.19,1.56,0.21,27.47,2.38,7,0,0.77,1
6.09,8.24,0.26,74.49,12.18,19,0,0.73,1
2.79,4.98,0.07,47.36,5.59,7,1,0.47,1
10.58,32.55,0.48,77.39,21.17,9,0,0.75,1
2.03,2.18,0.12,39.86,4.07,0,0,0.68,1
10.14,16.07,0.15,82.02,20.28,10,0,0.75,1
4.65,8.37,0.08,52.99,9.3,7,1,0.49,1
3.38,4.89,0.32,54.42,6.77,14,0,0.82,1
14.08,35.68,0.6,106.51,28.15,18,0,0.61,1
0.77,2.2,0.23,26.7,1.54,13,0,0.55,1
6.85,12.36,0.26,82.48,13.7,3,0,0.82,1
0.81,1.94,0.51,25.0,1.63,7,1,0.83,1
7.51,17.34,0.05,72.01,15.02,23,0,0.72,1
7.77,8.45,0.31,91.79,15.53,11,0,0.8,1
5.16,7.97,0.27,62.49,10.33,17,0,0.62,1
2.42,3.94,0.52,43.24,4.83,8,0,0.62,1
5.96,7.77,0.55,85.43,11.92,3,1,0.89,1
10.25,10.63,0.17,80.93,20.5,5,0,0.34,1
11.84,35.45,0.42,85.08,23.69,13,0,0.38,0
8.2,9.37,0.12,99.23,16.39,12,0,0.65,1
9.05,13.16,0.33,114.1,18.11,7,0,0.61,1
3.41,9.48,0.41,47.77,6.82,19,0,0.87,1
4.67,9.87,0.2,56.2,9.33,23,0,0.63,1
2.85,4.65,0.46,46.13,5.69,6,0,0.73,1
4.11,5.36,0.19,56.46,8.23,13,0,0.83,1
3.76,8.71,0.33,51.71,7.52,7,1,0.84,1
8.03,12.33,0.38,106.19,16.06,11,0,0.53,1
8.66,11.34,0.28,73.81,17.32,19,0,0.76,1
14.2,24.21,0.21,158.73,28.4,1,0,0.44,1
3.34,3.72,0.25,53.99,6.67,3,0,0.83,1
9.8,10.87,0.31,130.88,19.61,20,1,0.64,1
12.35,20.48,0.23,163.46,24.7,3,0,0.78,1
8.62,8.8,0.43,93.77,17.25,10,0,0.65,1
4.2,13.69,0.19,53.73,8.4,23,0,0.65,1
4.31,17.06,0.18,56.73,8.61,9,0,0.75,1
1.07,2.0,0.19,30.83,2.14,4,0,0.74,1
4.93,7.03,0.74,45.24,9.86,8,0,0.6,1
11.3,15.65,0.07,90.25,22.59,6,0,0.49,1
1.19,1.96,0.11,33.5,2.38,22,1,0.62,1
3.68,10.71,0.42,43.43,7.36,11,0,0.73,1
10.74,28.42,0.17,90.88,21.48,4,0,0.89,1
11.85,13.33,0.1,157.16,23.7,2,0,0.66,1
7.1,7.88,0.02,70.14,14.2,7,0,0.56,1
10.62,14.06,0.33,94.71,21.24,19,0,0.51,1
6.13,8.19,0.37,90.23,12.25,2,0,0.72,1
2.82,4.04,0.16,41.49,5.64,3,1,0.64,1
6.27,15.6,0.22,73.06,12.55,11,0,0.61,1
8.91,15.6,0.46,99.5,17.82,0,0,0.92,1
14.25,18.46,0.24,177.83,28.49,7,0,0.75,1
1.5,2.29,0.13,28.3,2.99,8,0,0.76,1
7.86,29.77,0.41,73.63,15.71,2,0,0.61,1
5.27,5.46,0.56,68.0,10.54,5,0,0.68,1
7.87,8.91,0.03,83.3,15.74,19,1,0.71,1
0.85,1.9,0.17,25.89,1.7,8,0,0.61,1
5.04,7.07,0.23,59.64,10.08,1,0,0.81,1
12.39,13.14,0.06,165.73,24.78,2,0,0.6,1
8.53,26.5,0.28,63.92,17.06,13,0,0.86,1
7.03,11.21,0.26,62.4,14.07,12,1,0.8,1
4.64,7.84,0.25,43.81,9.28,13,0,0.77,1
4.82,8.65,0.37,64.14,9.64,13,0,0.7,1
6.05,6.91,0.13,50.82,12.11,16,0,0.67,1
12.62,23.56,0.3,123.17,25.23,14,0,0.84,1
14.52,48.78,0.18,179.98,29.05,11,0,0.63,0
6.86,22.92,0.2,58.97,13.72,6,0,0.34,1
6.2,21.99,0.47,66.88,12.41,8,0,0.65,1
12.77,22.94,0.49,117.68,25.55,11,0,0.63,1
6.69,8.48,0.21,70.42,13.38,16,1,0.59,1
8.5,21.11,0.66,105.83,17.01,18,0,0.84,1
3.85,5.24,0.22,39.36,7.7,6,0,0.47,1
11.28,14.74,0.11,137.99,22.56,15,0,0.65,1
8.21,18.61,0.41,109.31,16.43,2,1,0.68,1
12.23,17.46,0.46,118.1,24.46,18,0,0.6,1
11.82,15.48,0.38,152.51,23.64,18,0,0.83,1
3.62,6.03,0.24,47.74,7.24,19,0,0.94,1
10.88,21.64,0.31,127.28,21.75,19,0,0.71,1
12.1,16.94,0.35,113.44,24.2,7,0,0.75,1
5.52,5.61,0.08,49.05,11.04,4,0,0.8,1
3.0,5.27,0.03,36.77,6.01,13,0,0.73,1
0.54,0.99,0.27,24.36,1.08,18,0,0.97,1
7.04,11.77,0.3,103.97,14.08,20,0,0.64,1
5.61,18.26,0.22,55.02,11.22,11,0,0.76,1
8.55,12.85,0.27,116.31,17.09,8,0,0.65,1
3.23,6.5,0.38,56.9,6.45,5,0,0.89,1
12.97,38.01,0.36,122.0,25.93,3,0,0.57,0
4.24,7.07,0.16,54.89,8.47,0,0,0.57,1
3.78,14.98,0.29,52.23,7.57,23,0,0.7,1
7.47,13.55,0.25,97.64,14.94,4,0,0.92,1
7.73,23.48,0.14,65.36,15.47,8,1,0.93,1
3.62,13.49,0.12,46.42,7.24,6,0,0.45,1
4.44,5.12,0.71,47.52,8.88,17,0,0.85,1
2.96,3.16,0.74,53.01,5.92,1,0,0.72,1
10.92,26.91,0.45,79.98,21.84,7,0,0.62,1
11.67,17.83,0.37,139.39,23.33,4,0,0.91,1
7.2,15.71,0.24,78.19,14.41,4,0,0.81,1
10.85,17.5,0.09,128.57,21.71,21,0,0.81,1
11.17,19.34,0.24,145.44,22.34,6,0,0.76,1
2.5,5.54,0.41,38.48,5.01,11,1,0.64,1
14.51,18.71,0.37,115.6,29.02,12,1,0.73,1
12.4,35.97,0.18,138.49,24.81,3,0,0.75,1
3.47,11.96,0.53,61.52,6.93,8,0,0.54,1
3.2,3.87,0.07,52.33,6.4,7,0,0.8,1
2.32,3.1,0.7,44.54,4.64,13,0,0.9,1
2.51,4.02,0.33,43.58,5.01,5,0,0.91,1
11.35,18.89,0.29,105.99,22.7,0,0,0.57,1
7.31,11.73,0.33,90.05,14.62,5,0,0.66,1
11.85,20.51,0.21,89.93,23.71,15,0,0.82,1
11.32,20.78,0.06,115.34,22.64,16,0,0.68,1
9.27,14.83,0.57,103.51,18.53,4,0,0.61,1
10.45,16.17,0.29,138.61,20.9,12,0,0.88,1
0.77,1.0,0.33,28.76,1.53,21,0,0.67,1
5.02,6.41,0.13,47.22,10.04,17,0,0.49,1
9.75,18.28,0.37,111.86,19.5,18,0,0.82,1
0.64,1.13,0.35,26.72,1.27,22,0,0.86,1
0.98,1.84,0.59,28.56,1.96,20,0,0.65,1
12.85,19.7,0.22,92.87,25.7,10,0,0.81,1
10.42,17.66,0.18,89.06,20.84,11,0,0.45,1
4.35,4.74,0.07,51.29,8.7,7,0,0.69,1
10.48,13.56,0.26,120.98,20.95,12,0,0.64,1
11.99,12.98,0.08,85.46,23.98,14,0,0.92,1
4.95,6.33,0.17,63.78,9.9,10,1,0.89,1
1.02,1.05,0.13,25.89,2.05,5,0,0.66,1
14.03,19.3,0.09,128.92,28.05,17,0,0.67,1
5.51,5.66,0.36,63.92,11.01,15,0,0.96,1
2.04,5.54,0.4,36.68,4.09,5,0,0.92,1
7.63,26.38,0.05,96.14,15.26,4,0,0.55,1
11.64,17.01,0.48,84.83,23.29,13,0,0.68,1
3.71,3.76,0.31,45.54,7.43,9,0,0.8,1
4.41,7.83,0.53,61.82,8.82,3,0,0.77,1
4.02,9.83,0.25,66.64,8.04,8,0,0.85,1
14.88,23.21,0.22,159.06,29.76,1,0,0.63,1
3.36,4.56,0.15,57.6,6.72,14,0,0.8,1
8.85,18.19,0.57,124.18,17.69,12,0,0.73,1
13.92,17.7,0.66,175.69,27.83,18,0,0.87,1
2.63,2.68,0.41,51.05,5.26,3,0,0.62,1
14.58,15.8,0.26,172.18,29.15,12,0,0.59,1
14.24,30.38,0.19,179.61,28.48,6,0,0.78,1
13.33,26.92,0.43,132.48,26.65,12,0,0.76,1
3.61,6.83,0.35,46.79,7.22,0,0,0.67,1
9.69,17.76,0.15,136.31,19.39,8,0,0.73,1
11.53,35.46,0.15,85.56,23.07,20,0,0.7,0
14.8,18.01,0.27,193.24,29.59,15,0,0.84,1
3.12,5.95,0.69,44.98,6.23,16,0,0.7,1
11.61,12.76,0.29,79.86,23.21,23,0,0.73,1
5.41,5.73,0.16,77.49,10.83,18,0,0.62,1
3.05,11.35,0.23,44.71,6.09,15,0,0.83,1
6.61,6.67,0.37,90.0,13.22,14,0,0.7,1
12.01,15.35,0.14,83.82,24.02,0,0,1.0,1
7.24,11.31,0.66,105.57,14.48,13,0,0.63,1
8.29,15.3,0.08,100.43,16.59,10,1,0.72,1
14.93,23.37,0.47,99.67,29.86,22,0,0.72,1
6.29,12.74,0.14,51.64,12.57,14,0,0.68,1
9.42,13.14,0.43,106.3,18.85,19,0,0.93,1
5.8,18.13,0.15,88.6,11.59,20,0,0.41,1
6.2,8.65,0.12,73.7,12.39,17,0,0.83,1
10.59,23.19,0.13,99.16,21.17,3,0,0.69,1
14.1,53.56,0.32,183.16,28.2,20,0,0.77,0
8.36,12.59,0.04,119.43,16.73,3,0,0.64,1
11.64,17.02,0.22,142.14,23.28,18,0,0.72,1
1.79,3.15,0.18,37.98,3.59,4,0,0.72,1
3.56,11.71,0.34,37.86,7.12,1,0,0.61,1
7.78,8.46,0.26,75.99,15.56,9,0,0.65,1
0.79,1.12,0.09,29.07,1.58,16,0,1.0,1
4.17,12.37,0.15,51.57,8.33,10,0,0.7,1
8.0,12.64,0.16,78.75,16.0,22,0,0.7,1
0.72,1.15,0.16,26.28,1.43,10,1,0.9,1
4.34,14.68,0.09,55.27,8.67,10,0,0.81,1
7.95,11.28,0.41,107.58,15.91,18,0,0.71,1
8.81,10.29,0.49,69.09,17.62,21,0,0.68,1
13.92,17.15,0.14,153.82,27.85,10,0,0.66,1
9.86,24.51,0.1,117.4,19.72,7,0,1.0,1
6.51,7.26,0.22,92.7,13.03,2,0,0.57,1
13.99,27.6,0.14,130.67,27.98,8,0,0.55,1
11.88,12.38,0.07,103.94,23.76,20,0,0.62,1
3.4,11.19,0.44,51.91,6.8,7,0,0.54,1
2.4,3.9,0.53,44.15,4.79,17,0,0.74,1
10.3,14.76,0.09,83.82,20.6,17,0,0.83,1
8.62,19.78,0.17,72.63,17.24,21,0,0.64,1
11.95,14.42,0.42,101.8,23.9,10,0,0.6,1
11.21,15.57,0.18,95.52,22.43,1,0,0.84,1
9.57,36.29,0.09,118.09,19.13,21,0,0.74,1
14.8,20.96,0.29,149.0,29.61,8,0,0.3,1
8.24,13.32,0.1,92.77,16.47,18,0,0.44,1
2.14,5.39,0.44,30.92,4.28,14,0,0.79,1
12.51,12.55,0.12,169.62,25.02,7,0,0.93,1
4.15,4.5,0.35,64.88,8.3,18,0,0.73,1
11.77,25.08,0.41,115.41,23.54,8,0,0.74,1
14.38,21.92,0.11,98.62,28.76,4,0,0.72,1
10.6,21.76,0.21,124.55,21.21,7,0,0.81,1
9.14,10.99,0.39,99.95,18.28,0,1,0.53,1
7.18,7.57,0.19,89.91,14.35,16,0,0.75,1
5.78,11.14,0.49,76.35,11.57,14,1,0.71,1
5.62,6.58,0.22,54.18,11.24,14,0,0.67,1
9.73,15.59,0.15,91.03,19.45,8,0,0.62,1
11.39,20.81,0.16,78.38,22.79,6,0,0.72,1
10.34,10.84,0.54,142.78,20.68,20,0,0.58,1
3.38,5.34,0.83,55.95,6.75,13,0,0.64,1
7.66,12.76,0.61,108.14,15.33,0,0,0.79,1
11.98,15.88,0.45,83.59,23.96,18,0,0.72,1
7.4,16.59,0.25,82.9,14.8,8,0,0.48,1
8.28,16.78,0.2,104.73,16.56,18,0,0.86,1
11.68,12.31,0.24,86.89,23.36,12,0,0.63,1
10.09,13.29,0.25,125.32,20.18,4,0,0.77,1
6.44,7.4,0.33,81.35,12.87,13,0,0.66,1
13.48,29.74,0.55,180.38,26.97,17,0,0.7,1
2.86,4.34,0.17,37.1,5.71,20,0,0.88,1
14.93,15.26,0.27,160.46,29.87,22,0,0.58,1
2.22,4.55,0.19,45.86,4.45,4,0,0.71,1
0.72,1.94,0.81,27.32,1.43,4,0,0.58,1
13.41,21.17,0.23,118.57,26.81,19,0,0.75,1
4.05,7.49,0.27,43.64,8.1,3,0,0.41,1
11.08,29.97,0.12,150.16,22.16,4,0,0.56,1
12.26,13.38,0.4,87.47,24.52,1,0,0.94,1
12.96,13.05,0.33,173.21,25.91,13,0,0.43,1
14.88,21.99,0.21,126.0,29.76,14,0,0.64,1
4.76,5.73,0.34,72.5,9.53,5,0,0.63,1
10.8,12.08,0.36,115.89,21.6,1,1,0.74,1
2.17,2.8,0.36,44.75,4.35,8,1,0.59,1
6.4,22.6,0.42,71.1,12.8,10,1,0.72,1
12.8,34.75,0.17,160.09,25.59,21,1,0.63,1
5.83,19.23,0.21,58.89,11.66,4,0,0.54,1
9.07,35.24,0.19,94.99,18.14,10,1,0.6,0
7.8,16.28,0.04,105.26,15.61,2,0,0.69,1
9.87,18.13,0.21,77.51,19.73,13,1,0.78,1
14.61,33.91,0.48,167.54,29.21,8,0,0.57,1
1.31,4.38,0.21,30.54,2.62,23,0,0.65,1
8.82,13.63,0.21,95.81,17.64,18,1,0.78,1
13.01,28.6,0.49,137.82,26.03,16,1,0.59,1
7.48,8.83,0.61,71.83,14.96,16,0,0.62,1
1.64,6.4,0.34,29.3,3.28,13,0,0.63,1
8.63,9.78,0.52,64.27,17.26,23,1,0.79,1
5.32,5.5,0.39,62.61,10.63,13,0,0.66,1
2.75,3.49,0.23,38.9,5.49,9,0,0.91,1
12.81,16.01,0.16,140.81,25.62,22,0,0.77,1
8.06,8.49,0.66,100.73,16.13,6,0,0.59,1
14.03,34.49,0.32,139.64,28.07,12,0,0.76,1
12.19,12.24,0.06,133.74,24.37,2,0,0.8,1
10.55,12.71,0.11,114.14,21.1,5,0,0.56,1
0.57,0.72,0.37,22.88,1.15,9,0,0.79,1
6.7,12.87,0.19,93.01,13.41,4,0,0.63,1
3.36,5.1,0.26,38.22,6.73,20,0,0.67,1
13.71,18.51,0.25,127.9,27.41,5,0,0.85,1
3.03,4.24,0.09,37.51,6.06,7,0,0.56,1
4.65,5.97,0.14,64.79,9.3,4,1,0.66,1
7.99,25.64,0.14,78.19,15.99,9,1,0.7,1
4.32,8.36,0.23,43.74,8.64,22,0,0.81,1
3.54,6.16,0.24,38.84,7.09,0,0,0.58,1
9.19,20.62,0.36,81.18,18.37,12,0,0.77,1
1.79,4.72,0.37,37.31,3.58,4,1,0.93,1
1.34,3.79,0.1,33.47,2.69,18,1,0.73,1
5.9,11.24,0.1,54.79,11.8,15,0,0.45,1
10.95,17.66,0.55,85.41,21.9,17,0,0.91,1
8.54,28.75,0.14,98.21,17.09,18,1,0.71,1
6.63,6.91,0.35,97.6,13.26,9,0,1.0,1
8.7,10.56,0.2,97.2,17.41,1,0,0.69,1
5.8,7.27,0.35,77.89,11.6,8,1,0.87,1
14.07,37.07,0.08,147.06,28.15,18,0,1.0,1
1.3,1.84,0.21,27.43,2.59,11,0,0.44,1
10.26,15.86,0.15,139.32,20.53,11,1,0.63,1
13.42,13.6,0.11,93.88,26.85,2,0,0.67,1
12.16,14.99,0.18,145.44,24.31,20,0,0.91,1
3.17,4.65,0.14,57.57,6.34,12,0,0.59,1
4.79,5.39,0.31,54.65,9.58,3,0,0.88,1
10.9,29.75,0.27,87.58,21.79,0,0,0.69,1
1.72,6.59,0.18,35.43,3.44,0,0,0.62,1
12.27,15.99,0.49,149.66,24.54,20,1,0.61,1
10.92,33.74,0.07,147.23,21.85,3,1,0.86,1
11.08,32.92,0.3,129.19,22.16,23,0,0.77,1
1.95,2.42,0.34,34.36,3.91,1,0,0.62,1
10.91,24.08,0.18,112.28,21.82,7,0,0.97,1
10.36,14.36,0.2,126.98,20.71,15,0,0.75,1
12.55,13.38,0.4,151.95,25.1,21,0,0.81,1
1.1,2.26,0.3,26.09,2.21,9,0,1.0,1
0.84,2.02,0.17,27.76,1.67,8,0,0.82,1
5.91,17.91,0.1,89.55,11.82,21,0,0.86,1
2.66,7.64,0.21,47.89,5.31,6,0,0.67,1
8.6,28.98,0.62,63.42,17.19,7,0,0.72,1
13.8,43.71,0.18,110.74,27.6,16,0,0.64,0
6.18,10.76,0.37,70.12,12.35,10,0,0.68,1
12.75,25.99,0.35,146.8,25.5,10,1,0.75,1
0.5,0.65,0.17,24.47,1.01,22,0,0.56,1
2.94,3.26,0.23,36.31,5.89,14,0,0.87,1
0.94,1.12,0.42,29.57,1.88,6,0,0.78,1
5.26,8.11,0.34,77.16,10.52,2,0,0.73,1
13.67,41.82,0.19,108.03,27.34,22,0,0.76,0
1.91,2.44,0.32,30.43,3.81,15,0,0.68,1
9.29,17.8,0.11,117.92,18.59,15,0,0.48,1
7.05,22.42,0.04,86.82,14.09,13,0,0.46,1
14.11,16.0,0.26,169.89,28.22,19,1,0.6,1
2.28,4.52,0.11,40.41,4.55,21,0,0.89,1
3.57,8.64,0.16,48.59,7.15,17,0,0.55,1
0.93,1.03,0.23,30.9,1.86,19,0,0.62,1
6.79,7.33,0.38,91.04,13.58,9,0,1.0,1
4.53,8.98,0.12,55.7,9.06,3,0,0.65,1
13.11,25.41,0.32,168.87,26.23,13,0,0.35,1
9.27,13.54,0.15,130.84,18.54,4,0,0.64,1
9.4,11.75,0.78,87.31,18.81,5,0,0.59,1
8.21,27.62,0.35,112.37,16.43,3,0,0.68,1
1.83,2.64,0.1,29.74,3.66,10,1,0.72,1
6.95,7.21,0.28,65.2,13.91,21,0,1.0,1
14.99,33.57,0.26,111.85,29.99,11,0,0.73,1
12.61,13.54,0.21,114.53,25.22,19,0,0.61,1
13.46,13.98,0.27,140.27,26.91,10,0,0.64,1
12.44,27.52,0.36,144.86,24.87,6,0,0.65,1
1.99,2.44,0.69,42.57,3.99,10,0,0.84,1
3.8,8.85,0.43,43.21,7.6,6,0,0.86,1
0.55,0.68,0.21,24.93,1.09,23,1,0.57,1
4.9,5.78,0.07,63.53,9.8,1,1,0.71,1
2.07,4.77,0.16,37.03,4.15,0,0,0.58,1
7.36,9.35,0.33,92.54,14.71,8,0,0.62,1
10.32,12.01,0.4,108.67,20.64,13,0,0.78,1
13.18,25.4,0.27,136.66,26.36,19,0,0.76,1
11.36,30.24,0.25,148.67,22.73,3,0,0.61,1
14.11,44.23,0.24,175.51,28.22,9,1,0.96,1
1.28,1.88,0.55,31.59,2.56,18,0,0.8,1
0.68,0.69,0.45,24.12,1.35,18,0,0.86,1
10.09,11.63,0.25,138.16,20.18,20,0,0.7,1
4.7,8.14,0.51,63.95,9.39,20,0,0.72,1
4.18,6.4,0.18,64.48,8.35,19,0,0.79,1
5.3,11.53,0.29,48.53,10.6,20,0,0.73,1
4.41,11.85,0.34,69.76,8.82,2,0,0.8,1
7.92,12.94,0.34,98.01,15.83,21,0,0.83,1
6.88,11.52,0.12,87.43,13.76,23,0,0.5,1
7.93,12.36,0.18,65.76,15.86,21,0,0.71,1
10.25,10.63,0.49,122.44,20.51,22,0,0.56,1
6.11,8.7,0.22,53.85,12.23,7,0,0.55,1
4.14,5.88,0.53,42.34,8.29,22,0,0.83,1
2.91,8.41,0.22,41.18,5.82,14,0,0.76,1
5.57,5.58,0.1,48.74,11.13,20,0,0.84,1
11.26,13.57,0.11,88.86,22.51,21,1,0.7,1
11.47,12.64,0.26,135.67,22.94,5,0,0.7,1
10.17,18.14,0.14,130.29,20.34,8,0,0.78,1
3.89,6.21,0.41,44.36,7.79,20,1,0.82,1
9.03,14.07,0.22,117.16,18.05,3,0,0.59,1
8.78,22.18,0.49,93.39,17.55,17,0,0.76,1
7.52,9.81,0.26,108.05,15.04,15,1,0.64,1
8.47,9.14,0.56,70.64,16.95,3,0,0.64,1
7.63,20.47,0.38,61.02,15.26,1,0,0.82,1
8.7,27.64,0.13,114.96,17.4,22,0,0.73,1
10.87,13.53,0.07,101.93,21.75,21,1,0.71,1
2.09,4.59,0.09,37.14,4.18,15,0,0.45,1
11.37,15.84,0.13,117.58,22.74,5,0,0.64,1
2.47,3.2,0.47,46.62,4.94,16,0,0.78,1
1.47,2.98,0.04,28.11,2.93,2,0,0.82,1
14.65,17.01,0.13,149.8,29.31,12,0,0.68,1
14.38,21.7,0.52,135.21,28.75,1,0,0.66,1
1.38,1.53,0.22,30.16,2.75,3,0,0.51,1
6.93,8.42,0.29,71.52,13.85,8,0,0.62,1
3.2,3.55,0.25,56.85,6.4,23,0,0.68,1
7.54,28.43,0.26,71.83,15.08,16,0,0.72,1
12.54,28.98,0.3,122.59,25.08,12,0,0.8,1
14.28,44.99,0.12,140.69,28.57,6,0,0.82,1
9.7,16.67,0.12,117.35,19.39,13,0,0.47,1
5.63,6.14,0.07,68.62,11.26,0,0,0.71,1
9.25,15.4,0.64,106.46,18.5,8,0,0.66,1
5.02,5.66,0.02,59.15,10.05,12,0,0.74,1
13.69,27.64,0.46,157.34,27.38,8,0,0.75,1
13.12,26.0,0.12,128.39,26.24,2,0,0.52,1
8.59,9.32,0.42,76.37,17.19,17,0,1.0,1
5.21,9.15,0.51,75.84,10.42,23,0,0.76,1
4.75,5.64,0.16,69.24,9.51,21,1,0.58,1
0.98,2.3,0.41,29.25,1.97,12,0,0.64,1
12.33,12.82,0.34,126.69,24.66,15,1,0.54,1
7.03,10.32,0.21,65.41,14.06,14,1,0.68,1
5.21,6.36,0.63,77.77,10.43,18,0,0.7,1
7.33,23.12,0.24,61.64,14.66,20,0,0.78,1
12.37,19.97,0.19,115.04,24.74,9,0,0.64,1
2.31,2.49,0.38,45.3,4.61,8,0,1.0,1
12.94,14.25,0.15,138.61,25.87,11,0,0.61,1
13.51,47.4,0.5,129.06,27.03,7,0,0.62,0
14.23,29.78,0.34,169.95,28.45,9,1,0.7,1
6.26,10.75,0.09,94.7,12.53,1,0,0.59,1
3.65,9.62,0.38,43.06,7.3,14,0,0.82,1
